sma_20,sma_50,sma_200,ema_12,ema_26,rsi_14,macd,macd_signal,macd_histogram,bb_upper,bb_lower,bb_middle,bb_percent,atr_14,stoch_k,stoch_d,cci_20,williams_r,volume_sma,price_volume_trend,close_sma20_ratio,volume_ratio,volatility,outcome,symbol,timestamp
164.90142459033697,127.74465175076855,123.41265987587666,116.3493965365412,148.00924208841317,41.792419937728795,0.6063076567525467,0.918415483210121,0.5766803472442663,137.89987193643967,141.997877612697,153.63067426131752,0.36887019043283226,0.8338611805959133,33.93037314451603,46.45194839159982,106.87154674564339,-19.21757887377576,113051.48615853209,1274348.9449394548,0.929741552733747,1.269126627791645,0.01665596595771681,HOLD,MSFT,2023-01-01 00:00:00
145.85207096486445,143.66443987853447,144.2199127765229,131.81021332039072,133.8904921887321,35.73457744087107,-0.5485462805486048,1.0530757257900236,0.08220433631370518,167.20235032203485,137.65527029029127,155.07882674306774,0.7649073007405081,1.6586875837767157,44.137640520884666,22.93958548034424,-24.624155384372777,-57.70747850034581,728854.1874489441,-226112.55846917522,1.0198873094473777,0.3280399008073617,0.010861735178891187,BUY,AMZN,2023-01-01 00:05:00
169.43065614302077,124.22740237000116,145.45042180111116,121.85407412562417,143.82875127639014,79.67068944780917,-0.6477644817621155,2.527750698071715,-1.9420122465327243,85.93488160048555,132.76542163082314,129.19476523973694,0.740261114506759,0.6300334848026751,53.0437608188739,85.27532856844621,-8.877085789388254,-62.11437470490211,209056.9012461625,486838.29020139994,0.9805359288778077,0.3638063413128761,0.028614064573642427,HOLD,QQQ,2023-01-01 00:10:00
195.69089569224076,138.76115411082878,156.81575864608513,134.4641338002836,170.441951825531,51.11115349993889,3.5777329885681364,0.34101729706737705,0.2151564208915537,175.29657482950842,118.87131868141235,137.73929356953127,0.4841454036120865,3.5980699288713542,42.67533028169724,52.7249007716639,-28.711177046741042,-17.103630015122178,5156064.84244843,225230.24568467322,1.0988903823128073,0.0633631934190522,0.007229114538688823,BUY,AMZN,2023-01-01 00:15:00
142.97539875829992,91.19155999138643,110.82854091797934,145.14719005724197,187.33569965091542,63.32147733620349,-3.1730552873152864,-0.9966467925514988,0.12673148563790018,143.46794717414224,149.35619796583174,158.6011413865794,0.34479760745540194,1.829121355056465,9.152315022804402,58.02007854949881,-12.153199102128948,-68.09048016679688,4367.816234318146,-170881.91697189465,1.0335016827909629,0.7991331165622927,0.051663174901273756,HOLD,QQQ,2023-01-01 00:20:00
142.9758912915246,154.39881122118817,159.81418184618326,178.7889435626043,166.1146199259072,14.751011079060424,-3.1319375926936597,-1.5125447423245213,-0.9714339279224332,157.80641831218648,145.28479340847974,140.96701435591442,0.5884053237152693,0.5578591776370219,20.544540438897958,20.05762350351522,-36.11975034816553,-17.978628194825667,595772.2798138759,401266.73276630836,1.021970550758806,0.3392495589581376,0.03219635558724772,HOLD,AAPL,2023-01-01 00:25:00
197.37638446522175,148.03616426086674,77.39020920993062,141.72291076141752,152.0516962541531,70.13373657897841,1.5630363054274077,2.190342269608444,0.564514442494071,119.08948068105911,100.68293076817872,124.14161440736085,0.5775362015014674,4.600344139790378,20.16146970072085,45.60913863114773,-103.77022439439226,-60.073724710654034,177383.51470677042,588137.2010649646,1.0239405276557703,1.7089202354749404,0.007907334600309292,HOLD,MSFT,2023-01-01 00:30:00
173.02304187458725,123.48734106795428,129.25288619090475,101.25997738337304,193.94035310913281,59.60079533373527,-2.439471212652696,2.5456672207096975,-0.13382935168049312,156.4208724525702,77.21968328786836,124.49032905545644,0.03057410577263009,1.7390051430594655,54.095661871453906,67.56853914487877,-18.014351403200173,-41.478787461054814,1142811.4081820995,2088252.2969678447,0.9909711955218915,1.6167998409386855,0.008676993582434735,HOLD,AAPL,2023-01-01 00:35:00
135.91576842195144,167.77737005297215,132.79315393871138,188.48217108784513,139.61490580845432,15.775019747561972,-4.007060838824319,-0.6727128464833734,-1.9510815662936234,218.77198827279793,132.17508544632614,130.88005444352152,0.6395012952938178,1.3665145080420158,9.765475639534463,65.23861888082138,90.34567705831674,-32.50419612662185,994615.9000827126,1706474.272511001,1.0363610025163092,0.1374734915937834,0.014588629780472461,SELL,MSFT,2023-01-01 00:40:00
166.27680130757895,176.12710412879676,160.83317065178096,125.21311572431873,179.92758015100722,69.4001855333544,2.028533975939815,0.033284907910031504,0.6950751080610454,146.0068542173118,169.04988168953747,139.83169148820923,0.19390329536127976,0.07019264011376028,34.325274798482596,17.22802456637174,81.43710994800333,-38.624571205014966,1645416.6454672916,1304801.0246682449,0.9973703387558088,0.17434526435587233,0.0020981715601112064,HOLD,QQQ,2023-01-01 00:45:00
136.09746921562612,99.77320406893078,145.56577131692174,150.12094633265187,140.35811604946164,50.18062349830188,2.5201387923403527,2.044958701407417,0.17481734991455505,82.54720571874756,145.55177791669854,141.70453910422123,0.4636992274686024,4.811496164645308,77.29298201997918,50.86195048512319,-52.73890776712818,-15.246539220579248,828744.703941671,-228073.20401535908,1.0167905815110454,0.3871200466627091,0.02343129232374934,BUY,SPY,2023-01-01 00:50:00
136.02810739289228,125.11825664301357,109.86092365359283,166.28916822210277,161.9306887403268,56.63442224099805,-2.61607155472161,1.1536025960091831,1.513559210992294,202.48202975207892,107.43209233101736,197.05130265743003,0.5929381572653523,6.084554393646378,62.23333662531007,74.68272495258017,-79.80689916421785,-16.77989668772791,209941.7809558431,-1085688.616966279,0.9886095101126061,0.8695370253464185,0.018788440918775164,HOLD,SPY,2023-01-01 00:55:00
157.25886814698103,124.92572950638106,120.37517185457462,158.38753338888904,145.59312305628646,30.71306368763794,-3.5906564461024515,-0.28016820611790094,-0.8649459744745972,178.98567463524535,95.65385165651061,177.72523048931146,0.7821477094888214,1.6538080673132154,82.00730206312993,83.90555274700611,-102.64279356519353,-80.78679977307168,54788.58491761636,460155.6255105458,1.0593819214738858,0.4193322367350546,0.007675220938709387,HOLD,SPY,2023-01-01 01:00:00
92.60159266026606,119.80290696673407,149.96700023868516,187.01374552068722,147.32443452041568,54.29309849901789,-2.437552466378364,-1.1394886772919928,-0.23304266302193336,163.29149768480255,168.86990819833835,158.90759420730402,0.19255913532589064,1.1686334572131696,36.41590494328169,22.102143761526033,-48.647772192089256,-46.20525517244477,1280662.26892746,-1780080.250161297,0.96060713520638,0.43117676102516,0.020324766350209713,SELL,SPY,2023-01-01 01:05:00
98.25246502460902,172.88424525795244,143.0233164533861,167.32810058856828,137.6784044761337,9.183521596212152,-1.3998188235348,-1.2619406124363195,1.0659934359656966,179.8818254709193,98.67394462490188,205.8717590461136,0.3319047073081455,0.8912154981472784,29.193839621610003,67.03360118886441,-27.786583047550035,-32.501279026335474,579678.9743948667,-93191.37061990946,0.89587147381487,0.15089345096029003,0.002068221133410121,SELL,AMZN,2023-01-01 01:10:00
133.1313741227708,142.1852158368159,130.52189725910634,124.43809344969254,189.34562093542084,20.99141807369543,3.8278256927473095,1.4300322943835422,-0.9156209051196368,162.88806604625915,158.98350732005292,146.53371488174324,0.41078563759818765,0.624080634163864,65.10985859907076,75.93352506976049,20.115144172054038,-85.22469220231176,251302.35705984294,491082.70334758866,0.9755989111087482,0.40886856708496405,0.06075249218111295,HOLD,AMZN,2023-01-01 01:15:00
119.61506638996728,140.0645547606817,132.97915526220052,221.71398956773317,127.01221885674394,85.11176394879205,-0.8594941725756925,-0.5505041981037828,1.0307494163525688,217.51431839683798,154.2260489604532,164.26452803141495,0.6434739887361548,1.7091185647137221,57.81993353862735,47.4952949982282,-20.75716031137548,-59.982775231927654,290114.093650675,-1038597.4655787649,1.0763059538012412,0.6356456672590687,0.0013863949544059612,HOLD,SPY,2023-01-01 01:20:00
159.42741997785822,87.8841290677974,162.40419992898222,158.21867082682346,126.79303242353875,37.341157117380774,1.66371540722719,-0.6099284175968014,1.0568296091987137,186.31998350038208,180.86652560615596,159.86440959126782,0.8042602735196958,0.2741497335307288,57.5213883404104,67.7676437826574,43.9175486777587,-56.23438805878598,161374.59906651813,298636.242780463,1.041761190993736,4.181164184457386,0.007974930745227102,BUY,AAPL,2023-01-01 01:25:00
122.75927773436366,167.06254090627678,132.05768567826962,147.2851127481118,212.6298069753533,36.80638541718263,1.4435345117223108,0.9178554992553399,0.31378037316111457,144.02513436209748,124.27126862430096,164.17636552657234,0.1821478522938193,5.03090347231561,41.45079886852351,38.59274029462985,29.669600966526094,-68.05588681098345,333489.15857324953,846366.7963301194,1.0591395512342532,1.8199419962994194,0.07048990395298325,BUY,QQQ,2023-01-01 01:30:00
107.63088895994125,110.82224815439582,142.79771889927318,182.84561353777826,178.33542693962994,65.87165254919513,2.6448423642076815,0.12090269852371952,-0.1651288141675722,212.21842295795005,163.48263326578223,127.54734091959057,0.6546198750101463,0.38706935030767475,17.624481567438067,56.964052843634505,17.314351927470636,-62.39489196418519,1570320.0547747284,-75279.20359208372,1.0068302354489331,1.5749474849573917,0.010161746877028106,BUY,SPY,2023-01-01 01:35:00
193.96946306764661,149.79797890798986,199.24841470201358,159.98243026976232,77.4465890392089,58.55062539330105,-1.2519615050604427,0.5841600265755479,-0.6472868124331714,223.6994702567684,174.99679696797753,140.86687269734176,0.1407282677031491,2.737013111437648,56.91891103604092,31.39673721013966,-6.070834831795151,-70.2703377123619,969322.5497368448,79747.5190748959,1.0069263094254886,0.820573008286503,0.04336132372170468,SELL,AAPL,2023-01-01 01:40:00
143.22671098540394,156.32130813874576,109.40793407790193,164.77530217405848,132.04223782368788,60.382125859836286,-0.02038825569781371,-0.48605011626775696,-0.721082716712601,191.86273830872807,106.57184552246893,125.65404236101213,0.456500419292605,0.7331266965397399,65.3055625484224,76.40382267626919,49.37891916071517,-27.43622072348493,4373924.320608999,742712.1007634597,0.969292922007676,0.4464275259595998,0.0032715509286781997,HOLD,AAPL,2023-01-01 01:45:00
152.02584614063773,188.81975787515952,98.70393171063354,231.749887955222,94.64031987313838,91.73213038039422,-0.4383984415490827,-0.5484169784911037,0.3108307240138969,174.24253561250958,143.32654913451236,162.22972806311452,0.4660281240659716,0.5125504824707824,78.50922336663038,56.380639583304145,31.717975964541445,-47.67123448159948,742928.4294741593,1724066.2546275805,0.9716698873407985,1.9445359127337614,0.0013813650278047106,HOLD,AAPL,2023-01-01 01:50:00
107.2575544135963,108.73538802642663,164.58974161996517,143.1961142958385,120.47927919754234,57.40514695885549,1.075991298137668,-1.1016600001285712,-2.8774620334201506,130.10660908895343,138.990334005491,150.09982258749585,0.5175792479776999,1.632298932771483,59.87455049119323,61.56566625301328,-72.99568731177455,-60.05732450567653,737077.4308040054,233654.4857717723,1.0015524914331737,0.42683620284630536,0.002289645916855775,HOLD,AMZN,2023-01-01 01:55:00
133.6685182642445,57.414635325375244,128.0339234676474,141.83165139144333,54.84456001297881,39.13891963331612,2.4317678985161737,1.0634523596054968,-0.5570564628912819,183.9980653745549,113.40552021373905,93.53493512761409,0.3488202520489234,2.897403482067049,17.020433575808262,60.172000197994144,26.421559617859526,-84.78392760281139,212433.68389578117,682897.9405992611,1.0010806733144313,0.898441009965302,0.07154855381980149,HOLD,MSFT,2023-01-01 02:00:00
153.32767769129597,153.51548634261084,137.04406180643448,155.73051238439885,144.89031266918172,10.479210656240303,4.356832416075746,0.1275798312352315,-0.6949640767214214,173.5809169303176,146.60774505325475,165.40656590588677,0.2825320365557641,2.594638732143718,36.1811957958532,76.41670037417879,-28.73461815064739,-56.17024198308898,882990.221409665,-289621.30031316215,0.9950381477485605,0.2972957838070881,0.0018593501635184328,SELL,AMZN,2023-01-01 02:05:00
115.47019267733091,202.0153354453256,125.47109054672215,186.28850993859322,114.74174542516066,24.484983555196603,-0.7812572855333478,0.4397333339995404,-0.988042262250959,159.06190245220444,110.77521604578244,156.5020936259893,0.08919218215983107,0.5325101600990642,49.39853784192525,21.086354701666455,45.95165103075722,-24.10764076418312,937431.7954287039,697435.2301858399,1.0150409877554865,1.4979398817818521,0.021095933802096636,HOLD,SPY,2023-01-01 02:10:00
161.27094055037017,185.16839058818312,138.5049964808122,103.79091103390724,150.79715770389316,54.052147804929476,0.2827613526026495,-1.5296048210125028,0.1857107904158947,184.47438476452865,149.5540670340202,201.12682483478886,0.40885875793025567,0.802455248683825,67.72282432682036,45.528574813723615,32.849512345209966,-58.258003047983095,231340.88791532355,723115.3527293539,0.9786033462447112,0.7226442141604674,0.01161779367540287,BUY,SPY,2023-01-01 02:15:00
131.98083930243584,154.28978245823876,184.96345280240854,89.10221147275183,100.24636223352425,14.487904374614097,1.7334359904191037,1.0435611239097704,-1.4697894926351487,163.04701439748735,194.34398519294774,177.81040334549508,0.2267086220072614,4.062555459642812,54.11434616441314,51.535352306985835,85.95433869309433,-71.66344086091027,92078.09028638825,499779.47631853743,1.0200879248929706,2.2554013143895815,0.03943648697740853,BUY,SPY,2023-01-01 02:20:00
141.2491875062017,133.25091443103858,165.053211465453,133.21231134015528,151.4873555951612,62.04632431802565,1.223537013897153,0.468119330676366,1.2028723612267171,179.20740645556123,134.89416284837847,183.38510230648367,0.42202708151695084,2.569236208550861,19.134043040756502,29.483915693680114,-99.89511681679093,-94.63341364574748,460087.0297395444,1729662.8873432074,1.0656072760170003,0.8414154695405294,0.006971659224667684,HOLD,QQQ,2023-01-01 02:25:00
131.94880163311808,172.21367789911932,166.55558779717444,99.71446531010281,136.55251165639018,14.510215158292663,3.4301763906650473,1.0954556199587684,0.9135805762143632,196.25400743901307,137.62771738272275,116.13477257954489,0.49014523338686117,2.4944141993819215,72.12833312244751,43.51234837499254,15.356766768798613,-57.012536553363965,188867.08129238416,-258628.4314441657,1.1011255018703126,0.17949117838780804,0.0005867696329628926,BUY,QQQ,2023-01-01 02:30:00
205.56834553526812,118.79361400886594,109.59432360518386,138.40539687917956,194.05858895565788,42.06172023004256,-0.21572205785271276,0.5177089644810874,1.3595481664914555,113.41169254042207,175.41270743876748,183.54672958743274,0.629952746810002,0.6264239462471851,33.06965848640257,60.890240153382315,-32.51253327843662,-42.98906846097484,699576.9784447629,41825.09505247292,0.9649722183341081,4.954405366505265,0.02761421062806158,HOLD,MSFT,2023-01-01 02:35:00
149.59508325786197,162.29073308068658,116.22115658617827,168.0799902761373,191.34070585236876,59.35094671594106,-0.7948758177606481,0.42902423309556426,-0.5272261106046283,124.1363611381515,171.48719813564983,144.1531082247454,0.6683005781326948,3.1404758189370425,64.92072179843117,65.41381052427924,106.51180419993887,-37.80256024977988,746779.685414261,1436559.345789268,1.0610014736034707,0.6970868087246576,0.017771487700860053,HOLD,AMZN,2023-01-01 02:40:00
118.268672131323,163.1641047749988,74.02303351286433,123.49603636632757,172.5603680903085,89.1562679972304,2.7525921556255977,-2.7302238225684583,0.2077997827576765,128.07223578913562,124.55886602805334,129.2424844397273,0.7202267215478669,0.8876359176752183,66.0809570500105,18.31147550517156,-151.7417244593621,-73.13025155919316,936891.1385583492,-290616.58963492245,1.039648152489133,0.2886265879685857,0.01140100853047225,BUY,AAPL,2023-01-01 02:45:00
174.67634736309566,179.80629722496639,124.76547947293115,106.34154954299704,139.20158658016362,52.60472334710201,0.6061008472402993,1.7066295634365023,0.8231710105585498,227.90032932343271,157.20538918751126,79.63749196296205,0.5311222822100062,1.0262916940043698,60.901921228938896,39.752909647831515,21.858546509808782,-48.2377294367779,923393.3885743527,821029.8103665593,1.0608281993964688,0.39940813205075765,0.007802152735921898,HOLD,AMZN,2023-01-01 02:50:00
113.37469050086933,230.78980116733234,168.91757965964146,154.21878917489113,208.5614118578088,45.37795987348376,1.080481088168414,-1.980686655126124,-0.13080610876552373,182.17161564714547,66.18425956224392,189.40110753533983,0.8009815637306363,0.6781222189270254,37.719728985136534,16.143941003041693,27.852207389159382,-15.060769481003172,1123555.182123357,1854060.737562898,1.1005483177650253,0.1292368442950751,0.045939384434961685,HOLD,SPY,2023-01-01 02:55:00
156.26590785014267,159.77247901536302,157.92366289370926,179.60139150768543,102.40894166480538,70.7909697249465,-0.14536550640856966,1.5556129398398568,-0.5666049539441838,185.43167249186305,114.89704198718913,141.46280264163062,0.5005353415654992,0.2588288938642375,63.63179720099994,17.399498183003402,-106.88994543267074,-40.33253415376849,261955.70147240636,813633.3869851242,1.0760728577001484,0.0768164381577692,0.002597609845993076,HOLD,MSFT,2023-01-01 03:00:00
91.20989628360674,132.73109122877503,139.4621684261969,97.7608499674684,106.89324111309013,14.408088772478802,1.8541949577822723,-0.10921024938017801,0.11967904986594737,199.53033175065573,166.74703261680554,146.3334291285815,0.5430488609449535,1.0908119253098059,21.94494599149067,62.84252464965009,25.961994885904144,-35.99449921133435,1312460.5441296098,455743.79921275075,0.9385594459677172,0.5988671193100331,0.0030479864909065684,SELL,QQQ,2023-01-01 03:05:00
110.15441853304708,147.23277063424015,144.44249290704866,178.2474367457915,146.48650700332806,58.967090154294645,-1.7301538452682346,-2.4100775013319993,-0.205023466771399,123.36709532361654,127.24437710251281,159.6311060359396,0.27257826902686244,0.03416923279496456,78.65068785530585,50.08729863777478,-100.86709359251927,-50.209610183849364,744068.6242272109,-147735.36051965549,1.004148078305204,3.0339144136521523,0.0002988000497844032,HOLD,MSFT,2023-01-01 03:10:00
155.9058370760737,94.92772285332646,127.77786143561485,178.15379851962643,216.62114326763358,74.68627956565625,-0.9165478307962116,-0.12919886175849593,-1.070681609193382,88.6601858243191,134.99170308492467,205.8689940704146,0.5484718489652219,1.217282089369079,72.96795475885432,74.30501708092616,-36.20365980751,-71.66959177998949,575019.2457523723,1174234.6531975903,0.9603481935844701,0.1312227742457359,0.0015066212190977138,SELL,AAPL,2023-01-01 03:15:00
172.1539973998623,127.15860606732825,150.1189720600446,182.5307232690121,142.92983279389736,68.44534020169397,-5.296474342693217,-2.250351065254887,-2.3803802241468044,157.79982430015517,116.89198907473228,143.22492420878154,0.40147948703245756,2.582015185747613,90.57640833112637,84.05206896051313,20.446996845978582,-56.9339713207467,1043827.0513962895,-994538.9297784747,1.0128291116134005,2.330205089741419,0.03893769970710481,BUY,MSFT,2023-01-01 03:20:00
155.1410484356991,135.72152685660689,164.14695698701536,190.99136687589396,143.50264270372153,33.98375224507483,-1.2551433608461182,1.661973766580466,-0.9235593206814983,191.4150186066411,112.88184406771126,149.53701840945072,0.8148907373854087,6.4753545779792745,45.891357485799695,24.38031359106413,-48.86692031838627,-92.61814273892607,695671.7444060582,-1430568.951539666,1.1035829646637654,1.5932419410919374,0.03156360847463365,BUY,MSFT,2023-01-01 03:25:00
146.5305515283528,132.27734806196221,104.60283031473818,222.4644455891077,105.74268931664572,38.9159617522452,1.8631592460065725,-0.7736062091451121,-2.35961160166581,153.08424637784685,77.59549945059084,179.05947019361273,0.8618977785299515,0.1637505848898651,51.46515135036307,5.814603551492313,3.8299752928687667,-54.16116627086155,745847.8444500198,-883235.1371238991,1.0357272513997582,1.6420978868395126,0.002161097729727597,HOLD,MSFT,2023-01-01 03:30:00
140.96688913232134,152.57064616101167,152.4911921959337,140.60505444419024,177.37788755811135,57.24316269274746,0.09283267246958188,-1.5617771777614415,-0.8699889808563954,112.05215934155616,130.9212381516108,141.62656406610182,0.381782744776123,0.6605966407411284,54.49133736232841,33.14869094721332,-0.34114890743498644,-22.54653835092673,23522.30059441797,45983.41636656865,1.0058733140277678,1.2377135136348771,0.030265773952825425,BUY,SPY,2023-01-01 03:35:00
105.64434028897718,123.32740202853398,168.3108717738667,155.50629056249147,177.5952876298806,71.17339119419849,-1.8478367822065347,0.9912722008176473,1.419062512392482,128.3170259170362,151.64025860071004,125.06327836608152,0.49744633535027866,1.3629552770395623,85.42580635558043,72.69403253603495,26.74230237762414,-75.44537946943095,1619674.2826375682,-1151156.7542225346,0.9629349428186558,0.8960854217568512,0.020491409745503637,SELL,AAPL,2023-01-01 03:40:00
128.40467374815873,181.63092001973413,134.62249277591576,138.6739701360632,172.6722560419973,62.15241481600191,2.858929418153109,-0.0635252340487039,-1.8485162198537257,118.7259699896593,146.17125756637833,84.34883123494627,0.4752725781390886,0.37359419107059144,48.75565796114213,47.70028706649837,-53.42309736568248,-38.337916754812014,551952.9841702102,2240938.371120077,0.984544286980823,0.12941121410192777,0.009803640043106522,BUY,QQQ,2023-01-01 03:45:00
136.18083687120637,148.00621194754592,162.5175153030146,152.06325903218595,130.12337981457912,40.08299036350677,0.27702116603547033,0.7802506330940207,0.44889978614753057,138.567244714524,119.19959813399052,190.08852190501153,0.4466404442513487,0.24847179599664862,59.338412529252395,62.51453618753759,46.27432402389044,-77.36186145938345,729969.8732577455,-805218.1901197947,1.056633990225468,0.8572030847482152,0.0017592464340127631,HOLD,AMZN,2023-01-01 03:50:00
181.71366678656747,147.7209903658412,215.36636111181383,201.05194738036198,127.79879694880982,55.626655482199325,3.3875012484295097,-0.17084528808181476,1.2226891787626726,119.42168422844198,104.27520656218078,157.1618498506823,0.47945743818567044,1.2041212899584675,29.227566369021446,38.47580379506525,-144.50612265270985,-25.27044226878001,494149.65844737965,922314.2415978591,0.959862873308046,0.4338300273714675,0.01844374755000167,HOLD,QQQ,2023-01-01 03:55:00
160.30854868705384,138.16315850461245,142.3914301753277,108.9595365142186,110.20633248785089,51.94224761240335,1.7133755786372251,1.7349798143246828,-1.5726688480083009,165.13726544551457,130.65308334891856,166.38173212691473,0.5335078657053428,1.7384828732867412,69.64481804598176,59.28193424854101,75.9496253015567,-42.129011183535546,801914.5474115268,-691094.4671736037,1.0767544489655463,0.11127168742293603,0.03661114268087489,BUY,MSFT,2023-01-01 04:00:00
97.10879533911798,152.65572051576936,154.8326762501331,124.44641049070158,151.516175052828,44.61828296705717,0.37640417684563443,-0.6022696993543585,1.7943292040583583,140.83465076854333,106.77579108874495,135.414804388083,0.31516211574424563,3.4319062617466694,60.36130319527724,37.15124600591925,-12.84745871959039,-52.585357678807796,55557.51663897977,-3903.453028264572,1.0414444240412384,1.6287632581452334,0.010919023841311697,HOLD,MSFT,2023-01-01 04:05:00
159.72251908184384,172.75294794002903,126.54857290846522,196.06978996814595,116.58778012164495,71.2051567336722,3.670009910522377,-2.363832792836266,-0.07647062184746294,182.1701279421566,120.81073380284647,170.39231383120432,0.7832917906524676,12.241708980875535,67.45708024187662,52.055664305563354,-7.743537627010297,-56.63958059182698,484360.69874666724,93850.8578684411,0.9424578657358547,0.7908672414942635,0.011046415887342474,HOLD,AMZN,2023-01-01 04:10:00
138.4475315875105,121.986093528673,149.53127906505125,184.64116822086686,113.67750484252134,51.443387550606914,-0.749323125014504,-1.641455820890116,1.3581526911483353,125.82327190866795,143.2276435105572,132.48610902437736,0.32556635285244395,2.976838279182962,48.96327070987064,64.36165228414141,15.413491238409884,-32.50922371220334,1104663.9394025716,-1065587.1921574243,1.0737546896845431,1.3663163746910996,0.03505267257758925,HOLD,AAPL,2023-01-01 04:15:00
129.69233999082124,128.2565053277423,156.5067906245576,140.3797873018535,136.28927849267973,55.10605877091768,-2.1897807713541844,0.6527821123966021,0.2708421114958986,168.93714107107945,118.21234102299898,154.88011819932854,0.23445555988173825,0.5003627316479053,79.70632965236013,62.78436154837704,9.544697603534779,-37.84234700262101,2787842.1272580246,22224.298656449293,0.9339723408535799,0.6529847672099093,0.004729472321017705,HOLD,MSFT,2023-01-01 04:20:00
168.35028866522603,138.88821913670006,149.87105850675346,179.34086403586304,134.3253147444735,62.00724518362502,3.1987017416280126,-0.9866951543943225,-0.46065313802770413,158.68402964983161,172.15787172745416,153.2341187258586,0.6487291909255162,2.7564783330645706,78.31681047092007,42.12440842178119,-0.13176775666861534,-27.076397713927232,1891669.8121516714,1446529.3329593637,0.9195344039392955,0.8023309835977622,0.003786164494741236,BUY,SPY,2023-01-01 04:25:00
180.92998567487854,107.62387229580355,119.50761700727858,162.91890695974507,132.86064413534135,54.03865525864974,1.2090606123598602,1.9250789643620143,-2.9074368790206333,173.8610130484447,113.85459203541328,183.88013037559548,0.903874403091442,1.54072016387884,13.33192830948862,26.01951847332236,62.365613613219665,-42.11735366918884,3291931.328557788,-144500.1949397494,1.0324397194140258,1.245987214960367,0.023786948244326825,HOLD,SPY,2023-01-01 04:30:00
177.93840357348597,123.42226420835506,150.15904428313627,200.0087874880316,162.99333790520785,68.99668495738662,2.7876047022865382,-1.756018925255542,-1.1148024867471467,178.78497552045846,124.88048034920571,169.4101994973392,0.6515065774161554,1.1986200819425548,67.98684764983885,53.91172049078244,-76.34769197196019,-41.98202186529572,1521036.3194050035,256368.27532536542,1.0482291594218227,0.28361949940518744,0.021369322771385552,HOLD,QQQ,2023-01-01 04:35:00
124.82347430332085,133.71337379366022,181.55489846794092,154.38430700245672,151.37143406450838,25.622285603003775,1.7627288635048557,1.527330643851688,0.6797501924429028,182.52756190983285,161.24327489055295,131.20376656768147,0.2563581187819676,5.4892777720722,48.596936613139896,43.31433407949611,-47.738587880953354,-15.013237744841183,1001351.1209802155,342033.4213920203,0.9850372678229984,1.8776343195225969,0.04863710976323507,BUY,SPY,2023-01-01 04:40:00
140.72362872446357,174.23167542138182,156.2158941128632,184.82022764392264,140.35531908466646,32.89863416152205,3.2869525419538466,-0.6495739721075563,1.5372832973619506,189.0765009815457,157.26061039105812,168.03825543389266,0.6489597289155037,2.4219450702270104,37.304784615687915,67.7984558468647,21.67538131586531,-75.22403803477945,550385.2945226347,396158.47073457134,0.9621261860072262,0.5463635953366517,0.008136919671758185,HOLD,QQQ,2023-01-01 04:45:00
159.93790294210692,155.87683987005775,169.04967972679603,236.54438113576384,154.49038784934447,73.79873792326293,-1.0230423367516128,1.9613008204763067,-1.4046529172800495,178.98018584650546,152.9155011698598,138.98637019539095,0.5394771137045071,2.2894783683031616,82.78895027469132,40.9672880440089,-18.33470084591999,-28.012572200095757,131410.6641822411,-1750587.848551871,0.9903164559754906,1.2326787369950216,0.004512958054777889,HOLD,MSFT,2023-01-01 04:50:00
179.26635381367078,153.80769734102634,139.0747007496843,171.1391729615189,119.25418876686103,55.260457888227,-0.37726932770435256,0.7584465768796692,-0.05966649781699161,170.42531020349202,124.04879576642048,125.63314509625582,0.47266707279079834,0.023651224940005395,73.03804642483371,87.54987998996508,64.5438663776708,-19.974484305453103,288752.1608331103,790648.977837415,1.0158587623856672,0.39464414277034554,0.011201354372465649,HOLD,SPY,2023-01-01 04:55:00
135.6247728646413,173.52693886503917,163.74750598559277,153.578501305435,152.15835871729033,56.68390487589703,-0.39834038012078565,0.28875740552801143,-0.4459930579434315,136.66467106319348,154.6032080364799,166.52938962910537,0.04450311401810511,4.006020413178715,63.3576882087882,30.794053207669485,111.93108133934227,-34.856172040104475,316321.69433472,565933.0754967537,1.0059461169531052,1.212256368736391,0.00968335911507837,HOLD,SPY,2023-01-01 05:00:00
144.43023070008547,143.8788463480181,151.98169595541316,175.11830352707136,153.51807478533902,55.46602256524829,-0.3713689922572909,0.9966003735435752,0.41781564850595193,189.77579669956845,159.8016137481527,155.81973986847257,0.286715934466367,3.152978243948891,56.215190127751136,36.3008775093865,0.25342624207074177,-87.27856011199538,558411.7962457008,72201.03859642315,0.9647788826319834,0.04449664403265309,0.05564305337783955,HOLD,AMZN,2023-01-01 05:05:00
116.80995077981916,159.7139454978667,121.2272317578192,140.31101253747568,103.90859421927559,71.78040474450405,-3.1340931456120122,1.8399807976236302,0.08836801975427087,135.60905290200577,151.04227705965073,114.12210123607927,0.24637177418241268,0.7103289646079308,20.075674873226315,66.77811495410025,-86.03170028793296,-68.32527133679325,941200.8567231152,1374894.1747569828,0.9382368547618449,2.6487699834362104,0.04992494300011565,SELL,QQQ,2023-01-01 05:10:00
114.11380127757988,144.9033474120251,152.96302511997186,228.41496657679141,178.87081263111085,46.20757838406476,0.32687464442828473,-0.07620539682360912,-0.3716803386714791,149.78303373214342,139.19092225229076,134.54389111927074,0.5593591168432898,0.6909427705519542,51.623389247118276,25.27967137603052,-44.0273410755127,-72.27600188415339,964068.7545745013,1108788.0625212253,0.981711646757765,1.5459689138457782,0.011177558091520566,BUY,AMZN,2023-01-01 05:15:00
174.37577467182595,155.96087048198885,120.20758341399224,157.7622732062714,122.55698884319014,33.75174796822365,1.5821508877451003,-2.815496289761331,0.6391083254981511,129.84213754835054,154.42734769843324,172.36229276086732,0.6709079345829912,0.10992310223761352,78.67296680720838,79.89723240652262,-102.12969305534641,-24.89647330628863,607965.64534938,417423.2757130466,0.9503371246415184,1.093044513635263,0.010637415719401714,HOLD,AAPL,2023-01-01 05:20:00
190.68720085712468,130.51724027165253,129.1779931278802,143.2661337527836,151.70929397619304,26.990692244216664,-1.3610361445668298,1.8000683297559155,-0.6915304090883179,129.1131522233487,138.10562764770097,161.67344863033549,0.2560608283627876,0.10439039928723144,33.07347341318307,23.49293596445649,30.949671908541003,-17.01480201067136,321092.3779203021,-457267.1078241212,1.0221735811053965,0.3913878753147019,0.011775483415421761,HOLD,AMZN,2023-01-01 05:25:00
147.83969635258998,74.83548525170713,149.73320768230934,125.25795183935884,183.93235221605812,40.644346927353766,-1.8273373948924763,-0.4068671062751247,0.011240233861028608,148.90494858284217,150.09820423007247,162.93136914976017,0.40810411710601174,2.208825236978126,62.71851754986007,2.4188845427822843,-47.33862445799629,-70.13310605721635,58152.99140954019,-209128.23413367555,1.057581321380943,1.848885730463887,0.026253110594834626,BUY,SPY,2023-01-01 05:30:00
180.10598693676073,143.97162513441089,152.4311068345031,187.11104613140603,176.77030273141608,24.00103759087634,-0.2718959161153482,3.839848889652807,0.770106578353353,151.84398522651503,141.86534932579184,205.36019631523922,0.6655401494620314,0.412173726684143,70.91541446552436,49.83170818960064,-7.962890850868466,-53.93256002915348,4495095.4748607045,-87833.08714653715,0.9709679747335586,1.4596651731615928,0.015972824824419952,HOLD,SPY,2023-01-01 05:35:00
160.84908075142903,190.68244408299822,115.26918837307177,179.74999721048763,150.03000165706507,53.686087468538055,1.5690897451491284,-0.9040375304855963,-0.7263688127204645,131.5255521748336,102.23278122867895,179.87996893159422,0.9198121308967055,5.142180443869114,69.74787565169358,58.930332939085474,-14.467741018452928,-43.067551902614085,2806102.455973721,615865.971302839,1.0463988173300802,0.6034609411464709,0.0067914232399904715,HOLD,AAPL,2023-01-01 05:40:00
130.64640736184626,175.78646206724775,171.3496442795719,136.08466011474903,138.12502991353796,38.896065014593866,-2.151380849844828,-0.5711937807534526,-0.3589550393492095,160.7687142942474,125.40685854165211,146.4964098040163,0.44544411120134497,3.695446397116208,30.00947159316213,71.8261035356663,56.489937539891145,-29.50066750259789,202025.56308920195,-3511.7794394490293,1.0798269093652249,0.21996091427499678,0.029283355372760736,HOLD,QQQ,2023-01-01 05:45:00
160.8418681652524,176.96192453773511,159.30015695751183,170.44644304391753,177.42535725726702,55.63669839021268,4.670555573153508,1.1166682098497105,-0.558019175491772,165.4866244452294,192.01151928596173,137.88159019442585,0.7527746464137476,0.8581384937013369,87.67397115788052,54.57842263564734,2.7990300841978346,-52.2620936792109,929872.208998867,266617.6317277934,0.9646311415383276,0.19299512407137084,0.0468325513172828,HOLD,QQQ,2023-01-01 05:50:00
196.1410969939791,185.08392165418653,127.3817891097279,103.7262090171886,169.2408493342586,50.47177900229251,-2.598291883511388,1.1423742781910666,0.4521693765582544,140.92923905391936,91.56488310763253,129.59609955330643,0.3812579479750162,0.9562927489908837,64.09350678535979,80.4102609086458,-13.534319356659086,-27.85043617262187,350486.0495633536,-1175974.7200370918,1.0176499217229955,0.6698133541936737,0.025299787347029933,HOLD,QQQ,2023-01-01 05:55:00
148.92521882670147,150.65972772884314,106.56038008877061,157.919058402341,130.4490493986761,66.07301956117585,-1.141414905447635,0.6339355763507608,0.34955765418418977,240.13736985852847,178.80591734785858,136.2065156470623,0.05163218755243834,0.7928419423448011,12.955563461711591,27.823371854478335,-46.007672800760496,-53.462972346349005,216203.14582195113,849728.8886224659,1.0009969137970192,1.5297403194310224,0.004329623378289343,SELL,AAPL,2023-01-01 06:00:00
196.93930967442017,153.91947122216789,141.3773855229642,166.48820326645424,125.15319058994929,58.349792666314336,2.268160592137976,-0.8398887562698629,-0.5181445207143796,171.64443968460643,155.6382310925114,102.02573684678882,0.41334684461898774,0.19389184282283073,48.2596346763254,30.312712207867165,30.19560300467092,-72.56150076474054,1153315.5758943576,1227795.5280645476,0.9435882720936009,1.253391466362467,0.03138258649312149,BUY,MSFT,2023-01-01 06:05:00
71.40764687730767,129.4704431369695,133.851407153471,206.63455390589513,86.82934454912005,57.63962591810089,1.935063705207919,-1.7402908033731892,0.3408727472117895,164.13927147660308,140.85558299225664,113.517122850774,0.7632685152320999,0.06386936959263112,80.40897870591901,55.67497629769909,-55.05185042744994,-34.35591930677568,1542680.3897900723,-359998.0957709773,1.0000466349838626,0.6803578874175041,0.09010856849318223,BUY,MSFT,2023-01-01 06:10:00
174.6570751312567,138.51781431918852,147.82851142632558,127.33379831268194,153.62095525050762,52.215412023904975,1.7599750305998545,-1.0156281351774945,-2.8120642732645935,136.341541949157,97.98968220920905,169.73283611834015,0.45626470833356086,1.2034460224644807,42.108252338805094,58.4728755712833,-62.700616804685225,-52.184447707951996,521874.68767992995,-437269.12340878934,0.9777695128313392,0.22869297913711725,0.023113504999058093,HOLD,AAPL,2023-01-01 06:15:00
152.61141204714514,166.47313449313424,135.92208347111082,111.09271587832562,146.51906764944803,56.189801131412956,-1.3708711188790421,-2.2749868930758828,0.8352724079086473,164.82446520084653,139.97126114150305,196.04332793083267,0.53031934092497,5.73081604382739,21.110926995307942,65.79339373216169,-29.6804956833244,-16.676602984792254,60879.820969721965,-636849.7807344913,0.9727231175496922,0.27342484024020364,0.005591267878483964,HOLD,AMZN,2023-01-01 06:20:00
141.02977948602395,184.1165331150645,94.81357848137475,123.34630525039867,183.08574123927625,62.244460270382575,-0.9913208278375581,3.0951683066831093,0.8957012998512331,168.42809229730145,121.34192147573842,151.65697495539132,0.5712041167771382,4.983846114269808,68.34885198829497,40.307165048075625,104.21593433897014,-21.915069111607686,513321.77319660486,1907397.3746670163,0.9876953401856381,0.05936522920076953,0.00011126107484222984,HOLD,AAPL,2023-01-01 06:25:00
152.75282329606506,143.81661172957,135.29132654247104,109.22980798992256,159.771652804411,53.14956162661832,-1.7128391459227388,-1.5369351878081519,-0.5063811799298801,159.87839921988174,169.7244630416934,128.92134724758097,0.44963145764946894,3.31976567169981,32.31650155996189,11.521614806420724,-4.957041555671061,-36.298406519527596,759701.5276445076,820345.3178338496,0.9740583818581988,0.19455139655098225,0.00973587269343607,HOLD,MSFT,2023-01-01 06:30:00
90.37293256197322,134.49432205445765,137.35952222329217,194.77303544828746,189.0268758251807,93.5426590305377,-0.640386039269295,-0.4410812458792983,-0.7053168659710661,209.65278522538182,123.33252532141283,47.86540542204441,0.7678165196050452,1.980923944443944,79.77869873824307,39.88828044282563,-2.5591955826135755,-79.31012983883133,2236952.0499128,-29676.207754274757,1.066186641682252,0.012841420014850653,0.012707005149167935,HOLD,MSFT,2023-01-01 06:35:00
143.40984336487463,148.0158387656979,160.84152561935147,201.55645744076918,128.07907316251487,86.94281217394897,0.7654926298964424,1.038674389566322,-0.05752351015304711,100.44849964510786,133.10430755240176,201.11587850925855,0.24051312839133349,3.8789753285491866,85.45113872372796,76.40491322375591,15.919160612411368,-37.14498370061733,1069449.6342484688,-600990.3931332652,0.896212613584834,1.122376721252728,0.04808227390052304,SELL,AMZN,2023-01-01 06:40:00
160.71337714535238,166.03620246787347,127.54500813472376,162.24693049436252,183.14450992902854,88.6045663568171,-1.722545740785795,0.007832123013406408,-0.9100717563689603,146.68672432301207,146.1545058459578,109.84432433846949,0.6768727964290737,1.4474953433960946,81.6472193417898,48.359445161956344,11.639388730205965,-18.29737471958144,1239587.6748670456,-1018497.0210113804,0.9537129439565867,0.8873135351101605,0.019334831853622014,HOLD,SPY,2023-01-01 06:45:00
194.33682134224549,104.68435551599374,186.96686683431415,191.08143826192475,133.13250862686036,43.19810748809252,-3.4963756944813245,-0.8870040252035565,-0.7546549668889936,184.98423875706916,123.88679223410796,105.83670881018081,0.9194733282979597,0.397292483931554,3.5652998253192854,19.33390903940384,-10.882975262092016,-19.24323116185029,226438.0777958346,804704.3835386321,0.9959523797437531,4.4192165374735,0.006615124044873342,HOLD,SPY,2023-01-01 06:50:00
134.45189345179057,79.11457140588286,97.20898623370607,156.28666817856754,172.32788185376816,62.49043104936383,2.3384392086952595,-0.22288426493616426,0.307852774423666,128.6168073268908,163.9647579673557,141.07646347026807,0.5574554846897455,2.305104572061848,2.125790327158801,61.45923213738727,-48.40746290912946,-54.28501913902589,1273936.233651134,-261319.52251421625,0.957954311958451,1.4387381575108855,0.023535609081977063,BUY,SPY,2023-01-01 06:55:00
125.74519191320437,131.4838945152525,177.77918744506562,148.95642727357549,105.2372482240792,26.018251307938222,-0.36033238768278675,-0.9128841989252385,0.8090612209649455,105.86645662875404,132.6027469601502,148.73022271071042,0.6477092037663376,5.067673734026889,77.88269146156976,84.96738759014136,-21.968811002076258,-65.31786877062768,696803.5710013752,458164.05693170417,1.0342455166287958,0.2826819532805567,0.0019343860529162848,HOLD,QQQ,2023-01-01 07:00:00
134.9472886924639,111.37862722257525,139.39202572804737,141.3427961902796,156.05405898098564,92.51174499890752,1.4961738944864222,-0.3816852895124127,0.31787156782644804,141.83885455634504,92.97902997548911,150.31089339329642,0.42466744181909544,0.039599653307926475,73.62992608529191,69.91233428643731,-10.3344536565905,-1.1264528663679436,1717087.4499896662,1396848.2377214069,1.014045226919863,1.2306327657764697,0.0048014966975805685,BUY,MSFT,2023-01-01 07:05:00
177.46206353106223,132.75579407058066,166.4896218085889,142.0674882759179,89.4593617566227,43.97039051667839,-0.6182869682978842,0.5858198556399791,2.8863288812175214,196.53776596479506,143.76916660477954,124.35175314742419,0.6520870989543583,0.5792186627332948,88.58734486262877,63.657542493933526,-70.77098821826218,-64.12451266426154,243817.61729012328,-1011233.2453008761,0.9929796736330115,0.01224643586306582,0.02728992444362611,HOLD,AAPL,2023-01-01 07:10:00
159.86253328979052,143.56659043547586,146.99503710146834,102.47035019811099,140.98587542174735,79.92239089262647,1.0855917011002245,-1.555030970699744,1.2485874792165037,129.446402537467,160.18435359540777,162.47139971093847,0.7632118379604711,0.6169622723095922,4.691846764475295,34.96648090367921,-10.787529577345433,-57.311912755616866,723322.716218288,-629131.5390317047,1.0044020265953906,4.280021728473865,0.007054507636977513,HOLD,AMZN,2023-01-01 07:15:00
134.10719388698882,134.4025477293096,173.48888840063674,160.45615243543483,162.2106198163374,41.247945894605266,4.652378117727232,1.6206610441693319,0.7353755549544853,147.52506556202715,175.95077217301161,134.34702162432782,0.9047253389001783,0.20858781074720664,25.511348639676108,76.5430177532981,9.770143982943484,-32.259839294078866,235060.65384173175,526003.5461975043,0.9973375749589471,0.953046286356879,0.0006327337879811817,HOLD,MSFT,2023-01-01 07:20:00
165.39802299340067,191.57402603412237,135.3159508861797,150.7093148731506,133.37094346306714,44.3787394655087,-2.286572933468703,0.10903009092309304,0.6991883786529123,174.75187233516618,153.8167241755691,135.09133555291538,0.18914917650046917,0.5110603161590305,56.49629494552969,29.10077261310392,-26.79050589211382,-84.68333900220965,336755.3061742905,-207294.6831032831,0.9479600272199633,0.12745862739237673,0.013734081070162678,SELL,SPY,2023-01-01 07:25:00
152.9123264804412,157.80234293806961,117.5344893705547,175.85154317049202,117.48687113732097,55.068452601721916,-1.5558460616658716,-0.8752319436470454,0.08675888582924592,139.72439828212862,168.82837196697957,141.63859279696786,0.5992625450318705,0.9689584431444068,29.226230043762193,67.54582158903747,61.92604612995238,-57.665387478676124,1785006.82613014,-158641.49591227726,1.0315225952929243,0.6901899836663167,0.021461817076482946,HOLD,AMZN,2023-01-01 07:30:00
179.05934971598668,157.01423078832485,180.5126071817766,154.9927518860355,174.383554078878,64.39493666258208,-1.8014768732374211,-0.4734507813134087,0.504653440534112,144.6017095550022,152.267634504003,129.6925691954559,0.21914753074402446,5.621343105007061,72.06659370124383,11.882921135828992,13.756301857813332,-48.52842515463316,1164093.0713135889,833862.2368822233,0.9402816255265632,2.8237026246039267,0.031119865949476036,BUY,AAPL,2023-01-01 07:35:00
128.93840718367943,166.66621432130205,142.16298385294647,146.79348154978908,145.89611630459228,85.94856854628463,4.208358550233537,1.7511756268149914,0.19759538225999923,137.1782416538327,116.01458052782006,112.37131203267879,0.7645675725599957,3.936026022860478,11.765112347996972,78.19832742545326,-38.085378483961314,-61.618402942587835,1303749.0955167953,748435.6634716615,1.0049099451054235,1.8951224150985302,0.007306585871348763,HOLD,MSFT,2023-01-01 07:40:00
140.17013560206695,113.83500646657693,150.53896184060528,124.12182303975582,134.31288058907984,73.43458671596542,-0.03615182671144968,1.2276131901472773,1.0508385454367086,140.12772176113043,120.46914261361995,114.32973959296007,0.7673227634314597,5.837773006367632,37.12518616232266,75.00924454855851,-20.67724553127918,-78.35441211993123,70999.17344279707,-339524.6844907142,1.0115244665060243,0.35513181083718176,0.011052929803456448,SELL,AAPL,2023-01-01 07:45:00
138.23675540603526,179.17335362260806,175.86879785111987,154.30890357829637,150.2568776346283,67.32378065158973,1.7749551212195196,0.3599573858290167,-0.2791394381123184,119.29725668833473,82.53089253928624,116.84546302091886,0.6438083458117028,0.25696665792372125,81.02277881431542,31.096952009340246,61.41782901118924,-62.36734999419065,1304738.5542625105,-539712.1721424842,0.9775805576686127,0.5044234851767209,0.016263915925151372,BUY,MSFT,2023-01-01 07:50:00
106.09455155603644,145.7270714039362,119.20111894763913,175.6235913861172,228.10007425836767,83.3237518904937,-5.28765087592699,-0.9007047246047979,-0.3325791068855909,150.99507264641605,134.57863271022342,163.6823309241643,0.6072277224021888,0.056898666795222375,25.285881842579577,20.952791058626534,-30.815950993719877,-68.54629828594308,676107.3773662864,-62908.7582598766,0.9724146173031125,1.9211267243524117,0.001552124851548162,HOLD,MSFT,2023-01-01 07:55:00
158.88360831193728,168.11441851723637,159.88727244098143,115.41315228531646,183.60508549344632,26.240935011626426,0.7489176143982406,0.8523655667081851,1.178068240281266,197.24818350343685,156.32049727950843,161.97356046194068,0.49034756583859584,0.2328050978586108,63.04510809756092,21.72856099045654,-40.114587971962365,-70.1319274481044,614601.8262074192,1129767.0808590453,0.9727322222025959,2.3027010720366565,0.004404049523270667,HOLD,SPY,2023-01-01 08:00:00
157.83165816539668,115.84428300879533,130.25263108842773,154.79916011778366,183.8772100456352,40.44058067394112,-0.7216202983566037,0.021239219277755295,-0.45999075209164175,215.39832449677374,100.55456802401194,141.93730877885181,0.8935074192429172,4.91370303893401,50.85878360550148,29.244528628703176,-42.28593998997685,-47.898165345788954,532095.104605446,-1624285.9722129842,0.9172891486580051,2.460374555014533,0.00921704440231082,HOLD,AMZN,2023-01-01 08:05:00
150.15340369927384,101.38723701951807,141.6957661088907,159.45737444894348,162.06638956977093,79.3278412054475,2.7772195737858723,2.61850354300948,-0.944928697312802,203.74353507509304,172.349346862649,143.4269254741182,0.241509568498715,0.3427362628576072,51.373414905181946,70.82824698774753,3.717291846332607,-50.10577512681,1909158.0129067593,-107478.69676020631,1.0902471848905768,2.954389295234616,0.006217026462690361,HOLD,SPY,2023-01-01 08:10:00
142.9623859987456,172.53668974075086,146.80697413460723,129.02192692421553,153.99455817731442,21.369678638497504,1.3175217156482126,-0.05631743688598739,-0.7481294701478486,164.8193469755893,137.43018750656594,185.02616620876745,0.47368560813476696,1.700241646405027,43.49304933181202,52.56235946775912,10.990847836310307,-36.83736753523504,195362.95417758756,633673.7343595542,1.0350276292877412,0.694231880238785,0.012540770583145263,HOLD,MSFT,2023-01-01 08:15:00
107.53887773848757,159.2922857829255,107.4944534638266,133.18859824294398,77.11753135008752,37.97383616772141,-0.8394226730268038,2.5257266449968077,0.7486170320494442,218.05975164560772,117.59048872494405,165.4262445794622,0.6388364295521904,0.516459807093681,37.155577214955,34.20846971608753,33.973863221355685,-32.17782030311746,1682625.4504931176,-610176.178995859,1.0091307667743146,1.97702243833509,0.021038382028657737,BUY,SPY,2023-01-01 08:20:00
137.38064031703922,120.93845336927468,125.52907392948913,159.37954716051885,128.63058960610604,42.39831802347876,3.159638489665776,0.29224643567435293,2.6718858734933053,240.6000801608574,100.42663221985251,196.9465614054794,0.617805398629278,0.04170262077453174,31.23093237897599,29.416201906727995,-36.347781063766696,-30.791048346167877,2635597.218737647,-1372872.6551017351,0.964949619550516,0.4261372860908947,0.015516924127304668,HOLD,MSFT,2023-01-01 08:25:00
139.7185645041969,121.91010756175916,178.77682231032847,115.73052741463607,134.58276760392576,49.49152806507393,3.343256915826207,-1.5552676442199194,-0.8876909928490474,166.3447229630245,181.52634940086264,132.68065617885648,0.916985247582857,0.1768349311764312,7.3372616000175475,29.45011410746324,75.9038052317331,-79.79961582023432,184209.92664356044,-1068543.511768647,0.9944704385142202,1.82081796259884,0.029762841171722076,HOLD,SPY,2023-01-01 08:30:00
125.93168192335143,181.76304353244308,167.15477971461988,163.19755888798056,92.75323807857401,68.22669516068683,3.0113776986841607,4.945076306166209,0.6451486413971713,125.3302477740664,169.55242596375072,115.05133018551145,0.3894372491540692,2.4743493600529556,9.782754083612112,31.68972877740333,25.52776882867246,-24.779340741501642,7814092.338673895,352467.0655082987,0.9768877508881827,0.4268900900540784,0.019688772091742603,HOLD,MSFT,2023-01-01 08:35:00
145.16142865001973,112.31764321398016,143.43401056681913,123.3486600429056,114.277526293537,45.88877262373011,1.5249858670956133,-2.17043778231872,0.15377618022069323,205.91778018455605,129.91480594826226,179.90712994190577,0.4375418454680883,0.40268205620236913,29.95144514309631,37.09326090613619,-20.824931553834947,-23.296664789785208,4660074.4271387495,-83613.65088599302,1.0821165028383646,0.9373047971714766,0.006903738824596997,BUY,QQQ,2023-01-01 08:40:00
162.12152570443615,197.28018859767892,151.0780864628223,186.01131817706292,89.57490587232098,67.54960649817521,-0.554566645275228,-2.965086115020841,1.1281889946098111,117.87801335827643,163.22522571494207,149.3830182311928,0.4541216225800587,0.5204949470292822,90.61717161600431,30.469157029818135,41.34689396053755,-61.614640857507474,971060.9298158202,-1891177.3300037335,0.9066459322645753,0.6319861154274609,0.002555964875652942,BUY,QQQ,2023-01-01 08:45:00
206.5855770363159,120.98137796056393,137.64393735908857,226.81048785242558,147.85028492907884,73.80368677375112,0.46415239300525035,-3.1121037331838224,0.6363793285423056,128.97219410452274,134.76108005767605,125.91485298831996,0.4803559457678729,0.9472411275845254,75.1306213534426,16.914409542929228,95.17973335232652,-32.972736323145654,312705.7731584712,-491845.4855290689,0.9283553469677476,2.2343583763536516,0.020415859997536173,HOLD,AAPL,2023-01-01 08:50:00
155.23733438495518,167.15175776825149,178.91458464569956,124.45578234554176,173.5629791254645,20.268349008664792,-0.8334305124562942,4.109523203132274,1.1901891224134347,87.11130536467479,124.88918597104826,164.66395924209132,0.7724126173663584,2.14145867375679,10.64794633122533,60.87252076727808,24.304224865513902,-17.051264899706116,561461.3877833254,1277245.1827067249,0.9193882892060333,0.06883669229128318,0.004763938392335299,SELL,MSFT,2023-01-01 08:55:00
157.72651172168293,138.14144572753045,139.9911855551459,169.0946515959896,182.20323555872986,50.3015160677017,0.4426097879531122,3.185985660476778,0.2921356971966038,185.4594673381323,123.66886940758371,128.8495087274197,0.8479182709951354,1.267389617556756,5.488779981002177,47.65372259289595,87.9629623989284,-77.6497513089181,186791.4260793531,-59209.09809936176,1.038546199969121,2.9718819977175803,0.007674032010255019,HOLD,SPY,2023-01-01 09:00:00
147.766622527015,166.0956229324703,150.7960523033712,128.74425904377537,161.44353386237722,25.685314327529728,-1.189259416506785,0.21601756000413969,-0.8347739864259969,78.95944860541938,134.19645366929709,170.66987838733036,0.7488715114550607,5.786720212906235,26.189018243342183,39.71320022445005,-50.45395551717837,-28.264582893686146,128063.16145654405,578269.8266142806,0.9647224029615009,0.6200723749869043,0.03171465088636629,SELL,MSFT,2023-01-01 09:05:00
92.43686354102876,131.67657993657423,173.65075360355164,185.31053356152927,120.09810976404293,75.34536565705572,-0.3393596569365092,0.6512130360139765,-0.680014768218883,194.74978786447937,130.0361194587184,164.57855012873912,0.7367302167451241,1.1389662887268373,34.01233488548039,76.26910499252314,-96.41935120889262,-58.527034100756715,1217495.9479118122,-92444.8418405646,1.0251613166208344,0.656608873504562,0.004967020996279979,SELL,SPY,2023-01-01 09:10:00
149.2045837365235,143.11621281783118,125.56571287885234,111.51173090927311,91.03804524440122,21.557864581415654,4.287097522743931,0.37638224665589703,0.21198059631934188,223.3304812512514,141.5366584480464,143.22109626902144,0.30921794278450737,0.4441155824238728,47.159567158765,70.71767957711343,26.64263023892579,-15.17335726339308,867134.0287131676,814474.2202937993,0.9984290551083735,1.7591973430676755,0.015436679541810737,HOLD,AAPL,2023-01-01 09:15:00
151.80690629823079,149.22757526187164,183.96972961242236,167.3787762696868,96.29393901795494,36.3627647715431,0.6218808915332908,-2.655984257495537,0.46708274150919193,220.47216131061293,180.20865264321537,99.40003293891489,0.7551290020925442,1.5363572354066644,70.83417712939644,11.830705266338452,56.79327343242527,-70.3003994298632,829136.2226457862,589380.6815196399,1.0495552754593769,1.0971592787959366,0.0019925278568880735,BUY,MSFT,2023-01-01 09:20:00
223.89726337455858,117.93437632655582,106.73846475641558,124.06435305954071,110.93052268236505,75.80366053342792,-0.8597454684241856,2.1882413200177506,-0.3842111695953622,115.69626476753301,196.9584224989392,122.30508660783299,0.5165941937702853,1.1989115845651486,58.09647289535771,17.04952741698593,-66.34033388478336,-35.630131009757946,284701.021638793,20778.294835418754,1.045229397579862,3.072828849112696,0.01077557014174497,BUY,AAPL,2023-01-01 09:25:00
144.22917105656632,170.22473036260376,185.74105327781996,145.3764931488522,122.33420905892976,59.87614085649783,-2.200503445601929,1.9917898912623233,2.015059575832491,94.77062752842382,109.93592159930932,195.5506295263717,0.36416175514102556,3.094225601928687,42.55846970499556,55.21737071911862,62.13050466487975,-52.37953797834021,267756.89685629256,-883648.236448704,1.008738654513051,0.7910162253252668,0.0785194842949781,SELL,SPY,2023-01-01 09:30:00
159.04642027000838,132.60359300585245,135.68311040120062,119.00719119528617,144.20754506025241,48.25256470219705,-0.19961342230786144,-1.8466395888986549,0.9412219317146497,137.5130176741882,151.48653249551023,202.36433231158912,0.27375063563840757,5.4704696714927445,51.245546178435255,53.394941587220934,-21.840206897812177,-26.91710215666839,4578941.7681975495,440784.46355590137,1.0452657754665895,0.8179211712627745,0.06174941800967189,BUY,AMZN,2023-01-01 09:35:00
148.9586469088427,141.14200253979945,138.93253130436796,178.31521506866412,118.57507345619095,62.660377399018444,1.4907179495805358,0.4885246407565895,-2.083906529208803,190.77172652492874,145.24075209795717,227.797654382499,0.19437691897715462,3.6193812887343344,50.26676534691964,54.27031432347159,30.476500423593684,-70.51526895887625,990943.7295052779,-1381014.178086097,0.9440225161331167,3.564987664509576,0.05859675647097764,HOLD,SPY,2023-01-01 09:40:00
114.93965887141404,118.16951876174463,97.74974572042643,125.21662865793321,159.16927681004785,28.68794871170437,0.27341064551452443,-0.11012134108870386,-0.12290229595588598,202.13260298327356,153.26168726131496,162.01146700221358,0.47039260414469086,0.985446676339188,59.701429314798126,10.658383674555099,13.215759996994297,-13.042665813520134,1711778.3428313504,495322.409937201,0.8896484327697571,2.609656465488694,0.01808534273438099,HOLD,AAPL,2023-01-01 09:45:00
184.28468443545063,71.12999023614069,133.6301320655577,169.6628562986185,142.03179491601583,37.94992455767412,-0.10792532012946725,-0.31673847011271494,-1.0297174654671466,183.2574819591996,128.7454894317075,117.29727911754973,0.4058965160526506,0.48698876953882897,11.232351809935427,6.278569236584734,23.24003240865247,-7.843259109932365,475638.5504281313,877535.8097626299,1.0207669260189114,0.23406922224226215,0.006982453401725992,BUY,MSFT,2023-01-01 09:50:00
172.55799098060322,142.26916712199494,119.00483672432789,140.98886309560535,149.31637135223076,30.054765445943282,0.8511320917651657,-1.0186460453541855,1.9062826161271422,178.48018508689685,153.60269133792178,190.17017993763528,0.31556790959886133,4.9182190395196566,44.064697599550264,58.27165347925442,28.348556230331457,-50.38900429884693,1855857.088257059,-493933.38431523606,0.9969966010980659,0.3666456210372253,0.00876859997564323,HOLD,MSFT,2023-01-01 09:55:00
173.7309584112914,220.37846264838748,129.8088413656632,148.3368841024364,183.20751658013614,60.468121203451865,0.7885790919222964,-0.16848467580235532,-2.2193403249533223,242.63517279501255,105.50794352184565,142.07495681232265,0.5125027895332088,0.9753241362065698,13.682718862617405,95.1047283441095,-4.319270979735683,-46.262274973236615,1281504.6950681,-1156450.0573598873,0.9603425939740807,0.9817332389795694,0.004614555547417398,HOLD,AAPL,2023-01-01 10:00:00
122.71837635615783,171.5381286369407,141.567225855278,156.7281890368041,113.5930479739889,30.644157540811722,1.410566979953312,-0.7902687508524402,0.41874191445473763,143.26845401906246,224.5560719058791,129.5303166429506,0.06706184613296501,2.941149473298277,77.21823752683397,44.51379875612357,-21.576931350478617,-65.77290383091324,430974.3490325856,988365.314887342,0.9882272201626982,2.8030480088925924,0.0020539027560395927,HOLD,MSFT,2023-01-01 10:05:00
192.08382932808297,147.42218860796817,168.94479036182264,127.62161050691684,161.56113734877104,77.64133533076135,1.4638524907713735,1.5963619427602898,0.12332439762858771,132.77086687170137,147.2652292365351,160.04232080466886,0.2485719734371833,9.117974685930843,25.077628342855796,52.92377391554027,17.217301809671156,-52.58647439755381,1264765.2776728887,10841.468565804254,0.9101948989117089,0.8286389431986984,0.0036989431246213333,SELL,QQQ,2023-01-01 10:10:00
107.94446811623158,140.11327512375198,150.19008378501564,158.73174763330837,148.5808031457178,93.9575293097589,-0.17714051463768588,-0.041461946405322164,0.813907117439669,118.38042194544283,158.2507382801552,206.90787134907873,0.21540247987757882,1.7228603526679573,42.51907531399609,79.34617111523437,-13.823496976956818,-82.78850451287586,2598604.862404417,-172215.31149515827,0.9649651040324847,1.319843752920824,0.012594487380299358,HOLD,AMZN,2023-01-01 10:15:00
167.60571281400811,148.6739767843614,152.69191633502786,200.97070605934115,138.99541157090914,33.845303988899886,-0.2771884984061687,-1.0388174342834102,0.3227610568764579,175.1538071130201,112.04359638375995,146.84072701997565,0.600939519853416,1.3073932506020212,67.33949614710208,51.60958318612552,-34.6643004209367,-57.15806943152392,240456.92704840942,183992.94922919723,1.0693746950882528,0.09871452077418902,0.000548047815728292,BUY,AAPL,2023-01-01 10:20:00
215.71366877429935,164.4135734552563,117.61201527886094,127.10096685335314,175.5576896259788,52.664996193929234,0.0016412566860633526,-0.03781957049621396,2.0693246878060867,153.71571188173186,122.62129574932337,150.51004748961043,0.6869322946912705,2.4070843439974645,38.17283743963344,67.41755444112113,15.904995771754372,-32.33900769049671,793260.6230557027,-463798.3360965373,1.0411780242470217,0.7394511732584801,0.05600206702645818,BUY,AMZN,2023-01-01 10:25:00
120.28391024607934,112.57561554073466,122.98114775993174,189.49792458476304,175.37042463671023,59.97377283902896,1.12054095423717,-0.21194834370835292,0.9179304668533151,188.87426725575335,103.2854445877778,104.03555903851675,0.4611281689614704,0.43117181673660265,16.14298815313363,66.0657239718231,-29.872185236445254,-48.83329782404501,3400709.1158434805,-1554891.634999011,1.0437592990343756,0.15970132873102472,0.01649352105534291,HOLD,AAPL,2023-01-01 10:30:00
133.01106811191684,181.42965084006616,189.9681254587828,199.9391242716091,120.60527612034716,61.84641652898685,2.2423108463702857,-0.27507747565936724,-1.8380930529192674,144.23077027941747,176.40713222282488,153.23257510048217,0.6899862337944733,1.339798006884499,14.377567694316665,44.38674978790376,-9.73810441261055,-51.04685122830605,1722595.0765490863,-561119.4270386833,0.9827389616876236,0.30195966919606676,0.003811597644064449,HOLD,AMZN,2023-01-01 10:35:00
152.98954095262923,169.46143946323733,126.61997413091883,125.8830403511026,143.5351824842623,51.05428968330044,-0.6737469054131677,1.0156331405105776,1.404216161675138,182.00737348706113,112.25754995377542,169.9644315477472,0.6025962958123854,0.7488946165214938,23.50634661471257,41.056768336103566,-26.553030590270303,-42.003680219486334,968350.5875591374,22286.942008037404,1.0307409030766328,0.1818871368558013,0.010768755010224387,HOLD,SPY,2023-01-01 10:40:00
134.89573037651402,169.54557177123803,186.4052063014324,105.43825263710235,157.43635047752196,50.696429808339985,-0.32745590563534177,-0.41496136395813743,0.20315333060565888,146.56503266812638,135.27888862491577,147.37066769593744,0.5724307038312366,0.3587985512613138,64.73036141625933,62.54540345950323,78.01762826464136,-38.401396259062416,72318.50698289067,26031.12380010831,1.07402312336474,0.1814164366305192,0.009441293055349739,BUY,AAPL,2023-01-01 10:45:00
103.48009706801602,161.15427216429183,138.92347002797834,161.66274880549648,140.80979755932248,74.54294535861797,-1.626909447457964,-0.856618954152682,1.4059133875296714,154.30533056899617,136.3889790980405,149.59512564939462,0.29054503532628617,1.8839174537743153,82.5770257721803,83.33617887601037,5.275679109911293,-71.00832592577821,521420.2105077864,-1757688.28702162,1.0499333144824725,4.792407774023102,0.03607863830705821,HOLD,MSFT,2023-01-01 10:50:00
152.0568892441808,148.5884997308197,145.0571984035876,134.48295927146006,166.55063996863396,65.34228115025601,-2.990509036006403,-2.0401735701357957,-0.317079334759079,157.6203421493308,151.83006945181904,156.7541262772625,0.12158640576852395,1.7146577384489037,32.53631414776508,37.45811634579939,-79.21568216038055,-72.44674406822749,1052011.5707503743,-264818.4391285586,1.0377700787911914,0.3541714507054977,0.002567917335125747,SELL,AMZN,2023-01-01 10:55:00
118.13088858821685,168.18583707900459,171.75912900574824,211.79530301321608,157.43576053730825,82.78103542083947,-2.475666940290681,-0.012892373091401805,-1.0623296815748147,100.48944462297762,107.68949139094471,118.52468346530475,0.6603370781543417,2.8642879437521027,48.59857986627378,30.035684702456923,62.305754885598134,-85.64031217280329,527059.7787796457,1649917.223698763,0.8794967181725297,0.8335246091159142,0.011237840045273766,HOLD,SPY,2023-01-01 11:00:00
164.20777291905546,165.75442401224134,176.7973105484664,153.11384129599463,203.97683721068037,74.16079058894972,-2.007437994021293,1.8680299680834949,-1.2513770301250424,155.10053131972597,161.49032348449586,81.66835782193611,0.6071185074257146,4.126665955989292,85.29514257360216,36.08944813034369,-90.64338762804695,-84.84255925015745,5837474.180507704,46810.94378820448,1.0318946031948997,0.020289874487485236,0.02484804198662541,HOLD,SPY,2023-01-01 11:05:00
122.4172729729859,137.37877867176928,142.22968599302283,126.32961894287426,103.09162592210637,50.50769736260269,-1.3315369116157783,-0.18571428724180886,1.0613960432687646,179.67499880117623,171.12452782035967,146.90135449706534,0.3704413678394833,0.49788701774808436,44.23598595303855,72.77244586019323,106.95115262981565,-69.65186943631807,1399958.491731461,872503.6414568269,0.9874889862082913,1.6418897992478043,0.0093422021578533,HOLD,SPY,2023-01-01 11:10:00
196.4980321505262,130.79194681309298,135.29392366196154,115.29089564762523,145.32692030757806,25.989100951075233,0.9197644874276398,-0.7526985396506809,0.7971783484083358,125.41609480901647,123.49876273736571,143.2314488541406,0.3954907826701725,3.0255541272406754,82.65130121235035,78.0453781456693,1.9763530141293701,-50.05882482196623,207124.81261157262,578723.3820126464,0.9507371024762435,1.140146224156568,0.00885065448304054,HOLD,MSFT,2023-01-01 11:15:00
126.50240122991289,151.0556888578596,143.60198878694467,186.87695869090658,121.74492465463426,39.03520335940811,-2.1426775003161236,-1.1358537733323597,-0.5919475625676713,226.85429426428522,139.0852143716554,167.1000582387871,0.5216646996512827,0.9157870216684504,29.681016167486412,25.948963613362015,-31.206989234657605,-56.59241067600195,674102.3883524374,-643394.2391777517,1.032033951629942,0.2597796781785404,0.008323595566361076,BUY,SPY,2023-01-01 11:20:00
140.33815451382972,194.47060454485563,153.44893820580296,133.72211282930604,167.12322366317133,59.31849646888148,0.035366540086279895,-2.585751676503645,-2.6700999790333615,160.17100093255678,155.66363171700365,221.91310796602102,0.8088298881397751,1.9820587384445671,19.022219494887302,57.156170411832186,-18.177089817428985,-35.149130644744794,484463.19669042714,-614806.8381880306,1.0035831618023077,0.03672631879367533,0.02871055586862765,HOLD,AMZN,2023-01-01 11:25:00
174.4055165210901,110.82678773038297,167.2825921717439,153.4025215827337,100.48484329863366,24.227885729773266,1.6756822087717917,1.7646783016572187,1.0996748093942164,138.0619237849817,146.38932012593003,188.88071306149047,0.8504550288403133,3.7974429010395476,52.79489054727748,42.597437727240035,-79.62219210242655,-85.78622139822845,901015.9374660483,401098.6041125642,1.0231465230653263,0.3210058416584219,0.0025408500682721265,HOLD,MSFT,2023-01-01 11:30:00
113.07407050698134,103.9742420274268,145.1057464748538,182.58568784359937,159.3893813067466,46.870282009389825,-1.6597135362750175,0.7270526253364256,-2.0375240930224034,136.99610917551624,115.00701294475152,88.29011581948963,0.26250941889394314,0.5919261719512814,14.517118569521076,57.0901603485515,-5.17913056147738,-50.09323646233362,591610.0939662982,-544139.6229266839,0.9689133728981654,0.9904228495203952,0.03885689891067771,SELL,AAPL,2023-01-01 11:35:00
156.82379803812387,152.9428252370955,160.47215745057883,136.50373273821344,130.09854705954976,90.15713748951575,-0.9837594315614349,1.1544454355166915,2.1739111516855587,207.9679045749566,157.53159812596118,225.6235011868352,0.26286896462233533,1.837393668265127,35.4384650320634,46.8200667571739,-22.289320805585977,-13.34289395548454,271678.4375837066,1149300.9626311066,0.9301358718647322,0.015319633999967176,0.0014704534815028448,SELL,MSFT,2023-01-01 11:40:00
189.21428262847283,149.52663105568055,185.95899330677352,150.53027748031485,126.97514401636957,96.50984539806747,-2.6401171318155847,0.3766043414654175,-1.445414246976224,131.1317622995361,177.8173564523235,169.92025797881985,0.5649984525421272,1.309079761782432,53.004008442977,79.08500863570102,-3.12525349279775,-23.464746992601924,1288700.483030384,-305175.0744502488,1.0985413923517473,0.07834951225763884,0.007683980355947975,SELL,AAPL,2023-01-01 11:45:00
101.77550296316318,153.20024993111224,154.53274030661962,151.46981088567935,105.60505389377938,60.415274875548484,-1.9050381225524853,-1.208036394975121,0.014076821331431039,170.43340087969855,177.73879185763477,142.05963507904997,0.6404223847701915,3.126801100363001,66.97115853511319,9.461452031449447,44.98754354088742,-48.98084626618841,112789.16661600365,829366.3167467035,0.9437321429006662,0.5265271129596375,0.009854676607263508,HOLD,AAPL,2023-01-01 11:50:00
155.53901575596913,155.318595937255,152.79132140011947,173.86638436851493,135.04772161396983,13.64044905717003,2.7398734397365367,-0.47526482866734365,0.23001673775495812,190.90626601039423,154.3818733340568,194.291661287718,0.6358138619072441,2.3896383137659956,23.27605355201921,43.062778060108556,15.173964195190843,-81.34912983882317,759573.3275873204,382966.71582841495,0.9710795265290822,0.19358371434182572,0.010003935501682045,SELL,AAPL,2023-01-01 11:55:00
157.7964838274527,141.30393236095586,107.02722937274831,170.90381873633044,181.53501590872776,76.6909878935879,1.0099839298192526,-0.7508092628749021,0.36485122092911765,179.39755083278635,159.14932270386404,73.40625585837027,0.8286702773399698,2.9361530727421017,29.19180322819371,54.64717668631779,-57.80883228131823,-10.203629725392013,371295.5668952553,477994.7350290341,1.0440655522030615,0.9991562944943498,0.00415707980731446,SELL,AAPL,2023-01-01 12:00:00
173.4546861533193,192.69590315806246,79.23174657927342,144.95636059984548,148.24433949411562,13.283687418597545,4.299110178456011,-0.6252902560676289,0.3242836248225476,140.30629458511916,130.2702979720993,133.664082799822,0.9664370147639408,0.679194993214268,46.765352729061604,28.617262959001117,-49.513575353943985,-54.375679155768765,3397136.6883553294,-611322.4465948599,1.0695159658624922,0.1919587430339571,0.018484383772997274,HOLD,MSFT,2023-01-01 12:05:00
112.89147867365755,99.97288064570454,154.70939323075422,154.03676996788857,167.83041253623423,56.39367594259975,-1.4740033696055002,-0.616093334966197,0.13043955865550189,189.37276093888218,117.06905210419777,155.91244850946444,0.12758209324198627,2.4372004918584285,28.360692547475562,87.64865951757885,12.56246935560918,-76.4103367121294,361775.5803993704,1082271.4249031136,1.0112988708000663,5.0537837388926015,0.012087059840433298,HOLD,QQQ,2023-01-01 12:10:00
110.38630160747171,123.14508925659263,142.6293942179782,140.10307163124835,198.93925465898826,58.75599853656027,3.016846257249817,1.6571645520837275,-0.43407387903562705,165.45217595536252,138.28231083238595,152.0196770871629,0.5070602265709935,1.8618235721971885,71.47740018669674,19.651076775385764,24.515018988094955,-12.704930799742204,416943.04504216806,2335565.0146593596,1.0452885646890058,0.5723693116088026,0.016766844284978533,HOLD,QQQ,2023-01-01 12:15:00
165.65824696850692,144.90235719552857,132.13043312713145,104.71640297857778,156.91266754467728,65.58621326724524,-1.4576459810036433,3.0325724792313933,-0.22344727593936864,99.80203284891557,196.61090369864718,195.42233384285026,0.12865658430052435,1.2201153067936314,18.72588573238506,77.0830054058663,-3.606567716103528,-24.593720144990385,1227880.2251154087,-933011.3412092314,1.0256878130805276,0.16054051124098512,0.019085813556301554,SELL,SPY,2023-01-01 12:20:00
158.90954019699558,98.70433566537498,151.08825510465863,160.24322743674014,132.2360128381298,84.95203226468908,-1.0023470664016572,-1.308411142703095,-0.6518187151163334,202.81429620465582,126.72507876103468,185.41471105742036,0.29187509882714774,0.9507357916414743,75.92749120829886,54.70095712443528,27.770347018944374,-68.12754181721579,137511.00629335057,941071.2543569427,0.9536080044861376,0.07670178624231734,0.004247439582180943,HOLD,AMZN,2023-01-01 12:25:00
157.5147855103763,142.72436786703787,143.48990677007728,212.55013634665818,163.0175664554837,16.421361327050032,5.444621865163251,-0.25381460748844104,0.11587674255328372,138.52449621983882,150.86032876085375,170.4637090614879,0.27326502765206373,0.8057370566685101,42.20669835209624,45.16073352650929,7.145516929064794,-5.016452187678434,392487.33374034753,4007.695827404274,0.9428625557135967,0.5456937752397261,0.05058753508796942,SELL,AMZN,2023-01-01 12:30:00
160.3934462849093,197.84410497184055,173.19450626584745,123.72098749788599,132.67111561057123,53.66878049603859,-1.6701124503453628,0.32517310757041046,-1.7538854067587886,153.85386858420014,149.44406450502873,141.69108437639215,0.7227440463453296,0.019442923923018583,71.71293283061641,26.990610144583442,8.556247132893587,-15.121622202801813,1190447.4320793387,-803845.5560432271,1.0502422924565997,1.6559646868589537,0.03545024652881645,BUY,AMZN,2023-01-01 12:35:00
129.59925835264528,148.62659464887886,147.15277170647445,127.2630492927135,133.86731950108492,27.715980553253544,3.173336762411981,-1.4706793439529027,0.3154615322724144,170.8312881795538,130.64200201864452,178.83997307120302,0.6442446528265457,0.3715957073731812,76.93615791331182,65.77897242846376,41.98722351067896,-27.92506402158369,31236.56173209383,-1059454.2502596003,1.0316605691461498,0.5777404633147555,0.03525230091862516,BUY,SPY,2023-01-01 12:40:00
156.96761091483012,154.9210271715605,126.3269178732458,124.13671130740028,103.40321601143046,59.68308367663187,-0.06398219307279683,0.07921830374139534,-0.0986719333870818,141.38378226319077,177.09064359163332,132.05806328203835,0.3549020671599605,0.12157797162165106,85.74875601743696,74.88228607535471,96.11001969631997,-18.16102296789879,372514.9209795824,-860570.4823912907,1.1381495761702234,0.15207978507987552,0.015170949730189112,BUY,AMZN,2023-01-01 12:45:00
158.79217419896042,110.19505704482259,169.75415597398222,175.18693691913992,176.78772473253176,19.00091251644248,-2.15387850533027,0.5274563509992873,0.8414324167727243,186.4917702697618,179.72026034518623,173.16961145320437,0.3786719870153017,3.772459566348568,88.40504523663665,25.512719937145594,14.94562374385385,-32.36028215539525,8289.933111803346,-729954.1663626833,0.9587045905352657,0.6708164331066079,0.03430195326383833,SELL,MSFT,2023-01-01 12:50:00
128.56945745920896,129.5091577588157,139.57172312634495,166.3515345342861,137.41992273051682,19.38230113383872,-2.8613987432236745,-0.11701693233945178,-0.30366427436997073,121.36558508940098,206.67643077076136,128.13067203161765,0.5411246069187892,3.9334956932312575,71.15890156635302,47.554366488963986,154.14755719876413,-75.08864520784073,162788.60997993968,-1161930.89344306,1.0011739095546983,0.41153946818261966,0.01974955848619762,SELL,QQQ,2023-01-01 12:55:00
205.9732353343427,136.74410859028188,158.16341709180767,146.9267938426734,154.46294737447587,56.17754534088891,0.21036731912784712,0.9405429988788282,0.6022284349488773,139.896682180846,120.03985856447608,158.82581769513786,0.5664130768705236,3.744117796663916,31.537773930433122,14.608051821153452,7.220844923555012,-13.40240911992265,926839.6618662061,1101739.8288475773,1.0055077837506907,0.6968913144895187,0.011976928923593817,HOLD,AAPL,2023-01-01 13:00:00
164.21498762735362,138.46854709731298,133.06473234517998,122.62339002755311,117.92114214180081,6.7686866962417795,-2.2470206907668957,0.0004930855021972518,0.5520252364909931,202.90031206669366,150.1774307399503,106.32545144548224,0.17047034714288542,3.406615667708894,26.993308616553037,52.614982982960775,6.412261200091226,-95.5861818973555,610120.9782193592,-8948.508830278744,0.930238412533864,0.496162384659252,0.027923709480752925,HOLD,AMZN,2023-01-01 13:05:00
114.26089508392054,186.44931385011307,128.75432786256408,154.95605733247757,162.07842889146417,89.53603377591686,-0.5910896025180277,-4.298744901339885,-0.13906514848428447,160.88469546019644,142.21397155191949,181.06556410382953,0.4735078598202245,0.5003370506576027,63.820085367394185,28.343307787326516,97.6741966415537,-54.53735274614067,169633.48923284758,412982.8760423675,0.9730143536993279,1.0438091113618841,0.01832297510431737,HOLD,SPY,2023-01-01 13:10:00
169.69660825901488,164.73073182175375,147.1042057546424,101.93209192525427,126.14176285594748,58.43634149560091,-3.8090490391372924,-1.4407553024473132,0.3528823147861196,123.01150367146133,122.83966025889296,136.66278041888776,0.22007130246648995,1.3537060072930145,56.69650123509804,21.39262722781228,-8.248761099660166,-35.154669798377775,81237.64601827023,-1152449.452484716,1.0252868861712954,1.627727007083175,4.031335871489351e-05,BUY,SPY,2023-01-01 13:15:00
120.75954989318036,114.65626129188904,145.32071608859212,156.58965013943978,144.74873834894527,51.93512376660742,0.7088245234217253,2.1486108864566296,-1.3426662632518218,162.75548759626705,123.34531789324033,108.92875982087091,0.6805727928373179,4.768540022697357,66.57286650349279,25.76704231028816,-90.54799216462756,-67.90355509018252,57972.88879294046,1201462.7326982573,1.0247582161811724,2.175540142536396,0.11620150285605182,HOLD,MSFT,2023-01-01 13:20:00
173.61253811227357,155.39514335296013,156.99567588417082,179.8887803548139,175.33478093717378,34.31074756978309,-3.084890167031454,0.7804230927010394,1.3415654819809009,174.05788185691563,144.17063928660738,121.09031917312501,0.7483917122371727,2.852415154467589,73.14195465270876,57.299066164645176,-54.722419034758886,-37.82244058271553,89222.72016882536,-532017.3375382187,0.968013767337471,1.3520479850101301,0.011237151456909001,BUY,AAPL,2023-01-01 13:25:00
184.75786737022213,162.94665245490356,138.28385616725643,111.96162762772231,172.72277936697589,47.13572320094781,-0.12017113475956075,-4.276751710869961,-0.545546172593574,104.48932604600898,128.32682685040197,140.8062501951195,0.5640113658416941,0.003643889376114918,63.746738905095356,52.04469979303116,45.25265395421067,-55.885592296877675,101010.87123492216,1297457.9271204683,0.9923596784784455,0.43854062901362334,0.01695993425407548,HOLD,AAPL,2023-01-01 13:30:00
125.37953044944868,182.204471155638,99.09100540574006,102.95941514145076,148.33909782449177,43.706398069977055,-2.7675870617781873,-2.2652402671036107,-0.17831568090087974,217.89994890628316,115.50860493202714,122.63370294587345,0.26393224079094585,1.230249614575086,56.985751478729355,67.28056132265601,24.407689622607904,-40.33011777365458,90266.87172918163,447941.30198527296,1.0977645382928365,0.5950373375670973,0.010415360791287473,HOLD,SPY,2023-01-01 13:35:00
178.90128387732966,195.4162205970512,134.1806529102903,202.5420125342355,95.95606901879844,79.71014286102496,2.4517580964484074,1.0827303468420828,-1.0528348706544646,222.62912475072838,143.08958989022946,171.60502314622104,0.6720670943900031,0.02145506809918892,48.399791538278656,41.676845213689184,-46.44028445722165,-18.996253737509978,56655.24514795524,-955720.065868153,0.998041238288742,1.0265673724808846,0.002113931239657875,HOLD,AMZN,2023-01-01 13:40:00
162.38342780809495,117.54717424516394,164.8454616785954,132.4236915358533,238.78431710181923,34.69738416536619,-4.219815672538933,-0.8642318270327232,-0.7682116911426369,164.20002600902365,112.34312183486503,141.6679383340052,0.39755548629088433,0.6588452190191794,39.50240116059236,21.06696490189315,-97.89869468560333,-76.16411934082777,1194123.883774735,365715.45873434166,0.9677604024336631,0.2482415314879703,0.0359165572080584,HOLD,MSFT,2023-01-01 13:45:00
174.6618047998347,123.67427466368986,137.56559801892234,188.3503310702023,201.37576910819408,18.426312393762114,-0.5658899507287183,-4.05336338754237,1.6435381994090106,152.99714191369338,128.34111054285827,178.04911074075292,0.10764163685658415,1.1445598253338796,65.33949232532407,49.12316327442904,-19.025244956972465,-64.23920352023927,2834748.5566445896,-30395.128407088087,1.1042769850181928,1.209866199579659,0.022949035723761734,BUY,MSFT,2023-01-01 13:50:00
206.9037894796184,110.27266423256151,138.8404149371363,147.0720747136694,170.68024474664895,29.82473077433862,1.1188164684108297,1.589085850784544,0.13789015557837458,160.80304308047104,149.04402769404294,141.51288415193258,0.27523907170720924,4.467971393955372,27.93509256234103,80.19801348664937,59.90613419347323,-76.1545954443115,1937795.3572969083,-970033.5321652194,1.0161632846326023,1.04922162640377,0.03526528800276665,SELL,AAPL,2023-01-01 13:55:00
142.63835651991388,140.97940422679056,169.65941264764842,146.81744585787752,126.40388655227088,53.36312517425274,0.7177712303421676,1.0858063123615285,-0.29678443774118357,191.2567844798075,136.62263501041718,171.51237087197092,0.708377003826365,2.124855537950815,65.98104314454531,54.664645939343295,-5.674762500927535,-68.50983598098472,309046.7663427338,-1067636.4481155602,0.9572212075261943,1.0685306714346754,0.013230882801984733,HOLD,MSFT,2023-01-01 14:00:00
127.38791506927531,161.99075123339003,127.20066931852693,166.02920638389264,145.59223514894106,38.2172625998582,-2.4936610402865655,-1.2439686593336636,-0.3023552513126442,175.84132723756693,133.56448555776814,150.26954173859338,0.38966334225803057,0.9003535824928278,5.703289592748901,45.89905991189859,-17.795126970886813,-72.18234489628836,228507.21905492715,821232.7183226859,1.0524696667909395,0.40545550065894403,0.03137620608124276,HOLD,QQQ,2023-01-01 14:05:00
123.3145671112343,177.62003549767306,106.42991954392751,123.7120365841139,132.6973871067045,25.012306760699747,-3.4794906649613613,1.8675384535849724,0.0019788180076371056,168.37298702003744,185.22141329307019,142.21870480178876,0.3235188517663582,1.349259001824445,29.21767829606543,66.0517196222862,-54.96728532240157,-29.00404648955289,49097.866315785504,1208100.0947085153,0.9476175470706193,0.9202155867201579,0.03196198487659011,HOLD,AAPL,2023-01-01 14:10:00
125.52569145103685,145.72146929072431,140.98422201186264,156.23990859186065,186.91567817289163,19.31141730274612,1.5627830023646907,-1.1871160115663726,0.7224577375295662,208.38155281065335,175.06557383318594,118.78106010934297,0.6107365518472156,3.4007994945834783,29.363666325311844,50.47675075820703,-16.197424034127522,-82.2788872129199,169642.6904347684,-1043358.45646614,0.9551449246458527,0.2203124967246338,0.008198388292596035,SELL,SPY,2023-01-01 14:15:00
147.68694871757688,138.4045743023547,132.89565121878158,139.79233872562904,156.875086725555,46.24321301103289,-0.2473442920361694,-0.934357234220079,0.19383853715483967,199.58285773966477,142.0614257474396,152.03556725428652,0.7426288551129836,0.7123661273310943,84.83142533742848,29.830659560033197,26.62871622045091,-28.84772273439622,838800.4160737095,109407.89671490216,0.9742294984560339,0.21034576217908288,8.1629893244137e-05,BUY,MSFT,2023-01-01 14:20:00
160.2345592444993,152.5527397674622,120.84384200616864,109.744209811039,125.47508424920501,34.54381275082925,-2.1434361586964474,-0.7285431095567347,0.21519489017089477,126.40302102361565,114.64207047551972,172.0618797808601,0.7913180192071368,1.9092045493332443,39.32827384171313,47.54567466476334,-9.554695753571636,-42.22737668650463,6279067.581745589,-1476130.4010015677,0.9560832751741927,1.4632652376911606,0.03929191328851381,HOLD,AAPL,2023-01-01 14:25:00
158.30072397990057,122.94571295109931,140.61553860253272,162.79942639124477,134.87734702625653,32.01373322602095,1.6355944970714418,-2.84320886494044,-0.9231729152630268,191.0588541173011,160.26898399389177,129.3746288591945,0.2658573985117361,0.6082920827259877,36.907962345026235,38.54498461895326,-8.454225453948768,-55.8507569957602,1959239.4387601148,838701.5653263363,0.9612051428576529,0.4773269337720766,0.004082345169351396,HOLD,AMZN,2023-01-01 14:30:00
174.8154974710807,210.6861616508432,157.2876411811696,143.5741501799067,182.63564427709713,62.63043334617464,-1.1254043315330073,0.6190616508351625,-0.2937990753099973,200.30672123849575,203.1544862286216,149.62588779089802,0.34019903387682215,1.3077123136941822,54.68467579642156,19.933663631119085,56.05291640056662,-46.32051820665023,723444.6080296297,77688.8493692164,0.9447090775930035,0.7865765235997401,0.04060742545865006,HOLD,AMZN,2023-01-01 14:35:00
150.3900567563372,99.77016918645823,144.76778596080462,146.97520548976934,197.00293540461436,25.73129580689326,-1.3147633157369123,0.7801576237172161,0.1565204679684785,169.73908945201646,174.12480920875504,133.45267666332504,0.4519740293975668,0.04993523310321943,10.910496100673281,19.945168426991795,-38.96076004551277,-59.0278037367558,550701.6836817861,-1330009.291549004,1.005102195467981,0.34636001131423805,0.019262348018301657,HOLD,QQQ,2023-01-01 14:40:00
193.6060223147195,153.54221736687174,152.67452681715594,113.27484981074696,194.84994690458737,60.44280308902238,-1.7333572427065687,-0.687791463623894,-0.031190836306037924,180.96616960493003,107.49697781774925,208.0865185261781,0.7828935328306759,3.8248100089980035,56.359207640982824,21.547432498393157,23.48831329504162,-45.042186141099286,159964.4115456229,-449043.2705363844,0.9379378955216564,0.26899774254487874,0.02014305480277756,HOLD,SPY,2023-01-01 14:45:00
142.06029500286132,208.70818657688918,190.33519246288557,202.92481176840974,171.7109619516193,71.51587926149861,-1.518914639967327,1.0593800603922778,-0.41587441739690867,149.23966716184387,135.05897527653613,159.35977286072685,0.6767657068616203,0.09911346198901677,43.29844297935074,66.53444361776272,-7.861433803912783,-84.29408684911577,542301.2138126738,-544469.1966273813,0.932489667036535,1.513522304580369,0.005679601845040628,HOLD,AMZN,2023-01-01 14:50:00
231.60507499768858,148.20399533679992,136.4280284610609,180.05485396435571,141.4212539359209,50.28967851352005,-1.5909988092002878,-2.3866889580274115,-0.5075045619643784,117.84529186158882,121.67541641851568,152.69831619746526,0.38525779156964957,0.5081348567771518,87.01813923664623,46.6100644203576,81.99021275858372,-75.00516607346292,903518.1081146577,-858392.2898102367,1.022939148520197,1.580758838037777,0.010303638547468068,HOLD,AAPL,2023-01-01 14:55:00
168.7700204329502,142.29882894995518,151.95871586611673,182.8529882935033,51.75458524012639,15.341113119292096,0.6566143512426681,1.029120657899957,0.4355644754036715,226.05474967719897,116.84819930773806,135.42740490912166,0.38767282675073855,0.8114659248322852,83.23507366417377,96.56414893120015,43.27448210850695,-88.81929907832317,905040.5237403392,952410.2829976616,0.9888165160505873,1.8096291787937457,0.007482001082554254,HOLD,MSFT,2023-01-01 15:00:00
124.28527330751152,137.2766373156872,132.26966593502164,142.22576952186617,157.91480071424664,42.56728101416364,3.101272476510908,0.48809724148549904,0.4601971650151179,113.11883073787817,168.37610944437574,176.51770503687428,0.7721658250646413,1.96251798009589,45.60996020868827,21.64084252770587,66.87478430655257,-70.15598482568319,815419.8666249142,-841569.1362678974,1.0000861529728649,1.9272029396875414,0.0042230270413515115,HOLD,AMZN,2023-01-01 15:05:00
117.87322505816662,142.58824954712776,123.84100700282568,96.66614753589056,148.945137234677,48.58840324399126,-2.79345889352639,-1.0360317837648558,0.9894126569827697,218.8440565924111,167.8491455407729,149.97964209988976,0.5014653002574866,2.5461704057337484,56.389301731606714,97.31576849589673,30.746701168930468,-88.18282980756844,1737378.3154706757,1679343.2943012037,0.987045573586597,0.5299738355181094,0.025783810464119813,HOLD,AMZN,2023-01-01 15:10:00
164.47417245729557,189.1854542402959,130.37730866455576,214.49335623966434,153.19946288964064,56.4712478006415,-0.6820133275885073,0.6211732009376326,0.19578382232160316,157.71628303995934,184.3860477419504,148.05276944369058,0.5046920304243032,0.16774398502233168,81.00511629004737,39.4672579831336,-24.549786834669757,-60.562919111106474,713521.0731794833,862764.7229734361,1.1108948988801022,1.6553107140065422,0.0020150534018844343,BUY,QQQ,2023-01-01 15:15:00
143.29611644022447,81.6441426601148,133.03103571195777,150.04487974381223,150.6169204109962,17.28745591043672,-0.32810646551213907,-1.3223811195206006,-2.0762146832663433,203.66038700452484,156.95872575328545,147.80135524992056,0.558903967754778,0.08887681398823796,72.82152557821183,15.66406450215647,70.8060927338429,-60.50384056916294,640269.3372269897,-329175.7773095416,1.0009558801568539,0.42454763009791957,0.014347441954852509,HOLD,MSFT,2023-01-01 15:20:00
171.42001482276277,194.00301103888975,153.98689493867815,128.0384065273583,109.2121351415253,70.28027796827317,0.9291254553301882,1.6576663557062874,2.3582909408661386,160.80205959533458,138.8805194111279,116.82068463854854,0.9273620918565281,3.208800113823921,17.137192105917062,45.25251230324519,17.982375887037232,-58.413505154920706,364957.5867092498,2286885.393974504,0.9908731652882312,0.053947361712757096,0.015357777478512427,SELL,MSFT,2023-01-01 15:25:00
164.19712873720636,105.28128542649564,203.72689466751893,165.33765038345965,165.72225670553556,83.77869893673851,1.9766462312127255,0.7905775338939176,-0.008801490904678251,192.80937728390583,144.69729499352806,194.87515799652186,0.6810416461602621,2.490746417631302,86.65881527976748,43.54880120404,11.248424152992024,-8.17136021150729,198745.77787993266,-365937.11663366633,1.0187940283609662,1.1690482593118319,0.06219436364251014,HOLD,AMZN,2023-01-01 15:30:00
147.8151326202938,140.00043012296754,127.09891409310399,189.3478652161055,167.9664894209555,17.364648692544936,-0.3187241986092915,0.545464026783917,-0.4100226416643925,175.7099058867909,117.36046258883138,177.58822144887452,0.4722865447246225,3.562236824314704,65.11441376423629,67.44492242679993,-39.59254757807915,-39.519959322025535,1404.93298589955,-1386231.101405325,1.0161587399176788,0.22184366936526279,0.04071111052061329,SELL,MSFT,2023-01-01 15:35:00
124.59618845794785,135.12266739104015,134.58436735961342,151.26238220526508,169.47016346178978,24.040093020078487,-1.2741743998773774,-0.6935582539543104,-0.05816069650308416,136.57181871243068,174.25248716720006,150.26759615541786,0.13640000690213655,2.257348913988346,63.43099680842009,53.594481571968565,37.005084687309854,-82.92222609758849,388752.9797594531,995148.70354592,1.048225759550834,0.600517065817679,0.013533226384985515,SELL,SPY,2023-01-01 15:40:00
104.55458325942406,165.6565980931216,143.4219246722188,192.91440537405998,177.3973101072016,36.40609675536132,1.1561411956160177,1.1627727436795068,-0.3960940379510748,164.69418558397763,121.4698741340458,146.90692009118206,0.15159631889155611,2.7807033245448616,80.4395522380449,60.81231323887746,-21.339563137809446,-10.308518898786401,1002613.524415321,-859106.3155601305,1.0086242231287514,0.17897045693487482,0.03718139329049516,SELL,SPY,2023-01-01 15:45:00
136.60455143798936,100.05626944348758,154.89497121774366,186.6559980325398,167.1215493476487,20.484955570555783,-3.2801952438166064,1.8055658030926478,-0.8187041034273155,154.99743570635275,129.7847946528996,123.55217489382565,0.31843011988256903,0.9529720148167754,62.8832816838508,81.2613858720929,-26.427730964591156,-81.26957217053418,818478.0259856926,1249259.3098566078,1.0210397854523197,0.4968179776048618,0.03126804983350323,HOLD,AMZN,2023-01-01 15:50:00
175.69196382970418,161.86517998245827,151.58877029886963,117.55580200313412,136.69911765383267,12.216986099465,-4.287990525282604,2.410339050723317,0.6145533722417159,182.50431600672468,132.40766009734205,105.71946331927178,0.12415383575916018,1.784095564611999,41.44982155456985,57.55187637788535,14.929362364794033,-68.5135700225919,756122.2589081937,-1385835.3391910763,1.03842130198203,2.1616612112064253,0.00056585876249978,SELL,AMZN,2023-01-01 15:55:00
156.42281232390613,208.7292886986056,177.10239484870294,130.43871661889676,146.87489456251728,69.5766407740381,5.180748950390865,-0.8179306057641187,-0.1485462821404375,164.953942729408,63.22527634430733,123.57149963096117,0.38415877750931005,3.2735395239156055,26.915839153810918,54.05755628317046,-30.93191956351202,-51.72476082245863,1480063.523481001,-848593.9371263495,1.0540565363589676,0.9497238828523595,0.05105610843737623,BUY,SPY,2023-01-01 16:00:00
112.62783663864036,107.10477986221568,84.34019823661978,182.64118922495257,151.7337460176013,17.05250487256152,-1.6157563332300011,1.2278055786527258,-0.08943949036055167,170.0154909364841,161.68905379199933,184.30886209306914,0.4556347148220611,0.3777681688780479,26.853091027723703,26.70201991609236,-37.98224110880298,-34.339410810249504,265068.73408873857,-537002.4837832126,0.9773794972787513,0.16033203313779013,0.0232889379521703,HOLD,MSFT,2023-01-01 16:05:00
155.19542777553545,153.69118502831188,85.32675324510818,65.19639795806599,152.23098347319856,81.8152869814175,-0.8274506451792495,2.0931607358813284,-2.50280747593477,124.09449674403672,116.30658554080458,138.39905735113862,0.4570567250952733,1.09921246508962,8.53993635442338,33.49374915343268,-46.843293486475346,-50.34340813047133,1134875.9533636672,571190.262269404,0.9259389415911343,1.2928082393434253,0.02229192816614321,SELL,QQQ,2023-01-01 16:10:00
161.5595213918651,128.14053466610173,132.60304569974627,147.21741781872035,178.9465296791519,17.820045650354082,1.0876316951034495,-0.3645660939671207,-0.22648822002917873,115.2653842019042,157.23725491853307,182.47167174969613,0.5976704116906696,2.6979182986603583,18.682422198227087,44.55475418540119,51.44195609327503,-92.7909497227781,934365.2206866076,-482212.3020818188,0.9170671689225458,1.8828453767517055,0.02499904247007486,HOLD,QQQ,2023-01-01 16:15:00
123.48427691396601,160.77661618579108,172.43250468859273,106.2134015480105,168.31006259067473,66.45934504516705,0.6939885182512199,2.108143022303894,-1.0766083537430295,162.47197400444193,128.78599945646567,149.09995436339233,0.3727445133207514,1.5212962101006766,52.08240392971049,27.331991820621994,71.59309702219826,-17.60320818123434,413988.4711725082,-542078.5785126314,1.025421763130717,0.18199273506189506,0.0050917007472482505,BUY,QQQ,2023-01-01 16:20:00
154.61175317836583,148.57443332247257,105.8587992098601,136.7502783541272,211.3203031870986,6.893525814646723,1.7704766114803785,0.23829700967972625,-0.5224364519576513,166.35432388653484,128.56453038709944,123.9475959121424,0.26995682710235586,2.2892545678019154,40.920263101474866,63.11667368104735,95.61798209582457,-60.15397027497647,246595.924396917,661249.4319977085,1.010579071374813,1.3629552597986359,0.0005921275074728611,BUY,MSFT,2023-01-01 16:25:00
151.74626155338,128.7553927286707,69.80919150765607,142.43775715106545,215.19406939654016,43.81610757299034,1.8752594943609608,-1.5279806719539897,0.2362800939530502,123.19514494980226,112.23571962065498,127.97984199783302,0.6051231133449537,0.6930792345856893,38.11529253963814,6.867245419530729,46.73966118441974,-36.89430162316331,827112.6549359696,1174544.0930449371,0.9338478282019038,0.7965654120762977,0.005275232971089575,BUY,QQQ,2023-01-01 16:30:00
115.71089106508131,162.6361685461322,159.27948515548022,140.53617990695975,151.38948747841775,77.63712130155643,-2.8849089157879897,-1.0649479110505964,-0.6135114919120409,180.00447998635664,174.71096702887726,157.3979874572779,0.1091342765433155,0.06575405264009221,72.69293936729093,85.67685450535359,-115.68268290544756,-74.75856594453066,2903117.8965169317,-294813.67582363926,1.000004053614661,0.9270075289889174,0.031653771978761694,HOLD,SPY,2023-01-01 16:35:00
160.73362081044849,202.1304432936023,151.09143059256786,134.32763993239652,33.90033354621892,35.87816390649136,2.538561355730253,-2.1651216543878267,-0.47554158539872265,181.5265610691609,180.2808939481377,101.41522943048422,0.8497473498766221,0.05915791118325848,90.8545376120259,35.27531710866794,16.015598317153504,-57.39747320440387,79422.97872420352,-996173.5493766275,0.978252878316476,2.7972897044456384,0.0181920214791535,BUY,MSFT,2023-01-01 16:40:00
166.82353579104702,142.27288624818104,117.74478983001426,116.89140321187796,186.10497398381798,19.222811816894772,1.0214197419179385,-0.05835765063080884,0.09657718195083985,165.46467369677688,164.99721781630686,126.98893093018695,0.16004708711079385,5.721744706189184,55.77489735259804,82.79941201718646,-12.338280894895979,-40.17907269340091,3057285.1610849546,1453111.5087980072,0.9606818712755727,0.03724581138511928,0.00896573834511003,SELL,SPY,2023-01-01 16:45:00
182.4915372952583,169.59273826444544,120.36150998197675,225.34116053819795,132.78870983038837,17.24991481155598,0.75603129552044,-0.24027534935251316,-0.5065133960964893,160.55085029063116,146.62778752003115,136.39169782406822,0.6073026728642802,5.784188064139998,91.02529424521113,33.94943035534389,119.45850684598615,-73.6790712904959,625036.5667384467,-146896.3311601619,0.9080121900917847,1.0182944496552109,0.005528757576766948,HOLD,MSFT,2023-01-01 16:50:00
181.6140615610471,109.2018112638651,120.75640700913314,211.75878413316323,124.9554823450698,27.471003584009008,0.8450362886832055,0.2825854723598204,-1.0553130297365483,115.63760794316728,143.39296011732384,174.61645900200966,0.7004827716473543,0.47469373498910195,73.98390543459811,63.302204927640204,19.645662075756096,-70.84473696666029,1238024.3703417955,418480.5399225708,0.9807486969407719,0.08500527763252813,0.03217192164885919,HOLD,QQQ,2023-01-01 16:55:00
108.66991896128727,119.30690869545974,147.7633829368485,114.81389375179893,137.046641750319,87.63321175771802,-4.464578712157034,2.0425531798984893,-1.7215056469395473,115.05078065167392,167.16481773432116,158.48828660576098,0.727755408350645,0.3190835734615778,39.14132751223772,40.82697721384912,-41.539469123670244,-26.281687442322436,1625591.0092534972,-471903.5116319581,1.0180682275261508,1.5586791935666822,0.012244960505285564,HOLD,QQQ,2023-01-01 17:00:00
121.86524880254632,162.17218833641132,129.34211809542484,202.62773604171417,135.6007085955618,92.27206638124262,-0.4198459794568805,-0.024649963801138305,0.3365757840157911,173.81481316610837,136.85773449343452,155.62195844981272,0.4502634840111676,0.03661275561365662,44.67223607163817,57.99442226324768,-36.308326817864156,-23.583198687526266,164302.63351139546,-384615.00545451307,1.0897724148114603,2.264650723171589,0.018921817922390786,HOLD,AMZN,2023-01-01 17:05:00
165.4510580162598,192.52348085607895,157.351597974388,139.2171043048687,167.36809430316177,28.596176521225914,-1.9331507942295274,-0.40069396596386025,-0.5165045943795326,131.01925450677686,172.94137127067586,163.90140913169344,0.4448041255431664,0.5259967573705162,84.64351406008555,38.57153831800574,-87.35540669779027,-54.4941791000164,46000.024088247934,-472148.0984681007,0.9323444974098465,0.09050447803454938,0.00025301157628066054,HOLD,AAPL,2023-01-01 17:10:00
165.41357852736627,158.6684004635698,73.63433342739022,156.13399914661474,102.21692662621324,32.213130210755004,-2.221227053330683,-0.29925780805393687,-1.6655210507202076,133.47829148519935,115.93425930066718,181.02350192718018,0.3677466891437464,0.8139868742801822,49.38873549843293,63.40707048430193,-3.490989936829272,-74.40786947368208,137529.92070291255,834043.2325087371,0.9779824208796198,0.026179099903684572,0.011239992914459571,HOLD,SPY,2023-01-01 17:15:00
165.45143058918143,138.60825908430536,123.57870337180502,149.97523328329868,116.66837762625195,33.28875772761049,-0.9757552013647567,-2.7800242681040723,1.2456625424390397,169.75754983785282,164.53955831493136,151.51704039624877,0.054280003940751456,0.5521464562116237,80.83339269118048,40.55378788231405,-78.52796907593223,-71.92891154341486,416960.25885633926,1189331.6971524563,1.0810982637746238,3.116064652331686,0.00031109633169593305,BUY,QQQ,2023-01-01 17:20:00
265.5819447196416,147.97874216270063,116.84865097722374,130.8880434798731,159.2947566259225,52.18594194739662,1.6509043015623204,1.0251979172751302,0.3380254972504945,231.31783741503057,172.12732059368668,118.97154558534017,0.72013014174131,3.192886818825965,5.9035901280707686,79.4328159034872,-100.96571101411327,-21.6515932449061,3136241.776168693,-513010.5886152524,1.0491037072690497,2.6108296112474854,0.03096952225310379,BUY,MSFT,2023-01-01 17:25:00
167.126715320795,110.48776798090847,138.5914830406877,183.4832749953967,167.68832091239923,65.45028920016162,0.5743865557455885,-0.22618871244064112,-1.1879505285757208,146.08956168838353,112.54717194472937,155.63676068622834,0.4949663998553793,2.7680378978730857,15.749054325591882,76.76596670570339,-46.572260990534296,-85.91518888356316,43717.262929641474,-391403.85367586726,1.0406032501702769,2.5737038146134084,0.005733691267341561,BUY,AMZN,2023-01-01 17:30:00
184.06696920541796,166.135459790661,131.54880603774654,156.02836897845305,168.24624934808037,92.11987142271018,0.8749493288432272,0.12049764227883875,-0.7046361959596328,231.77375356645544,119.02427410234687,124.78820207583473,0.6908958880193616,0.16896909626645445,1.4321815121458608,35.69036201912572,-51.226279906715,-92.98502520317801,2523208.0689384392,1229812.8180453877,1.0000425579569212,2.808177067138659,0.0036573713455330726,HOLD,SPY,2023-01-01 17:35:00
178.62005290479607,174.46999186970228,164.94609449739417,136.75035445698427,125.38891163200103,36.91330970612031,-0.892665594304197,-0.3011474077904899,1.0464119671796868,157.33102962894245,138.8882230052389,87.92790888525224,0.3237974120935025,2.390168900097046,80.65238975343073,20.627496666128174,3.5861451868458634,-2.4408433007607635,823927.3702725627,1898991.7113413285,1.0411389141614247,0.693341037770752,0.05218060687086845,BUY,QQQ,2023-01-01 17:40:00
169.54173753917394,134.4372900150076,98.51658070849857,110.25313779838487,119.6520305220128,66.70084769048123,0.7525955583821308,0.19107764974049662,-0.17542844851469763,179.7348621771348,150.57805918379552,155.668002309428,0.396114628037344,1.4703778368625127,89.76710596185399,29.837673215373812,19.391881163428756,-79.26447866772331,107964.972645049,570352.1426340574,0.9596065234204502,3.767905638434854,0.00036343528338217716,HOLD,AMZN,2023-01-01 17:45:00
140.54192266078962,133.89873556721494,146.1372869082688,123.40495956098815,133.80095498636243,46.11014776328328,-0.3980992306815336,-1.9676378167129756,-0.4183702760697038,193.59006622408975,124.56012547617085,165.50187057377408,0.38526352428337696,0.28350989885212136,64.57766456693874,57.463064933117145,0.21412750510098705,-32.94630964909986,165757.6876400633,347998.2246164645,0.9520138231043732,2.2285216393256255,0.004408470013262982,BUY,QQQ,2023-01-01 17:50:00
172.76907661479802,155.97634688956146,158.95841058029265,99.47583630073291,156.19618256854176,53.59842231054696,1.8982471780923709,-0.001620835882493567,0.7506751545019494,196.13811156202732,142.30492291469326,160.405948990997,0.35037633598767237,2.6905768732176916,23.89663253978683,72.94134318687985,-5.583158186876528,-62.458397596831595,1169027.7953138084,1927307.1564046757,0.9203953953852294,0.10276743191047708,0.005501490696817075,HOLD,QQQ,2023-01-01 17:55:00
126.81524356387284,134.89840791878214,191.41618591404887,152.39115354928543,193.56432107817648,26.713187647052415,1.3913190885982196,-0.9060484356681068,-0.16781688434476483,171.86726479582194,88.34463422475285,165.16011254705094,0.7258691320276864,0.17994912251770054,34.06647827164916,67.61679795892337,19.569023368818556,-25.89539508597071,937650.8950364192,247861.97741925775,0.9971673123515615,1.6750918703718478,0.034609969572466974,HOLD,QQQ,2023-01-01 18:00:00
142.89544179779972,146.01602156122533,132.95585072266311,113.70670104689933,87.57688442687748,43.60458520476777,0.3196352454542991,0.05239370063216846,1.229670326389756,151.96099986297514,159.1248086400852,183.44041443614415,0.4234043211732726,0.38996432816341164,61.524697019171334,47.89713027831111,57.65711942206784,-8.657205700556375,183269.76957690375,249796.58702633265,1.0325345398551007,1.2463383012123355,0.024763272473420007,BUY,AMZN,2023-01-01 18:05:00
135.4390935651269,210.99165367499546,153.11146510881292,143.50206359940668,142.378137291249,64.71387097081663,-1.6025865012672462,-1.5224436198430225,-0.41270024169995817,188.98234446042412,160.30087667236776,120.92789525423592,0.7621010189382316,0.3232186432286521,8.404960899730611,32.157407361234824,-49.82356514766294,-29.306772127494902,2346861.8818569486,-466004.0848639771,1.0189959856888162,0.1439835477458794,0.06847405778158076,HOLD,AAPL,2023-01-01 18:10:00
152.45622418158968,140.5892289776201,99.90343018594088,195.84325931553187,109.01964676924389,62.6241289112379,0.5459798089809001,0.7178468106005726,-0.5703693148191389,174.840259994011,178.0249912284844,138.35988532115655,0.3475630958228636,5.594858348176352,56.55429751012054,48.77500224365141,16.416627751504553,-60.66675090627422,142605.5047155574,701276.2946758871,1.0858542170304957,1.3391169009829518,0.023739509974195494,HOLD,QQQ,2023-01-01 18:15:00
219.43975700020525,137.24979543936334,85.20109489217441,190.37758633349074,99.4327196793953,64.59594036038723,0.4849054067827341,0.03210798230696221,0.016591919364427866,144.7446974895086,154.3443443107005,111.38721507602222,0.7257678356671018,2.3956899239534506,78.22193471328282,50.320957499672836,1.2677581061092258,-28.982194629712012,716566.4555994008,-620994.0904309726,0.9621087379663824,0.663438248337496,0.005392100468866453,BUY,SPY,2023-01-01 18:20:00
93.98204422224755,128.57374583094523,166.1193593945425,150.96713938871622,178.0086993603445,63.40084179198592,0.2386679741442235,-1.9432188981357759,0.9646774583640515,209.31807417424682,130.7482836940056,163.48026929856,0.5007368144582817,1.0596293233917309,69.8805996535035,76.26632336556986,20.42744190573988,-57.65116457393983,751400.0954450081,-419126.8179759796,1.054752572196235,1.9229431373169903,0.0036504972866234237,BUY,AMZN,2023-01-01 18:25:00
170.5878057112354,170.3257591449981,144.86099265879824,149.2132887634192,165.33873723498016,43.251023699664145,-0.9517261262729015,1.4195033442970706,0.249513149378733,176.0089523242673,114.64180278394454,186.86439346060126,0.7143528995235535,3.454238603562313,48.731658465253346,78.45604256377014,-9.599491721285688,-53.50527426249769,2044092.5957391288,-270332.02203012776,1.0067415925203669,1.7081370083213265,0.028163088233028395,HOLD,QQQ,2023-01-01 18:30:00
101.61852386431045,142.56327480345692,174.46281724496058,212.15598558147227,162.48300547841785,69.41101336379529,-1.3090839621561663,-0.7715118908559186,0.10354514082690147,133.7783548496387,119.67152545641126,133.6657363555962,0.16092800203962787,0.48658897280678753,75.4636235889269,37.277350542166694,-44.46037566942675,-13.817850371796425,22399.215823907605,582398.9199879067,1.0519367675281457,2.853032473617668,0.04623319624962134,BUY,AMZN,2023-01-01 18:35:00
135.84204402631698,128.51880885035723,110.66492777575628,168.66419585147875,176.6307751919298,31.106862530303008,0.6447407994551674,-0.5379299240445777,-0.8073865227361522,129.6844571715875,137.77948376435327,171.66918586231233,0.4415069232696344,5.350003118409237,19.60885548286843,11.21446041428881,-6.964322182746111,-55.076643868357664,146705.4488634078,-287643.11846216983,0.9976612430826781,0.0782633360843233,0.04853415226668779,HOLD,SPY,2023-01-01 18:40:00
182.66851790902098,187.63912096819035,157.9975534882188,141.51019328395125,134.6084330970159,50.966449918807676,-1.7153893358651626,1.1973254303559904,-0.9543162411489825,228.56208184288204,118.82906303005653,126.91937515006589,0.38818171082436215,2.388027263057396,58.51421778417139,71.70416881176645,-36.41510249191267,-68.87375472985902,187147.59949220382,896769.4648733323,0.9990335101676755,1.2387208957934348,0.0294891093079493,HOLD,SPY,2023-01-01 18:45:00
151.9284005728639,190.58809013540912,191.72044601359633,106.36742025214554,136.02087450999414,43.32489874441552,-0.5035405505297564,1.6100701727079463,0.9657757371220537,142.7584738237963,120.78945615641891,169.3645645168815,0.5267586704875526,1.6400558347050471,51.14178696101597,75.80733409201218,-49.4519264408764,-18.441530563572698,64945.427939373825,-960965.5387335495,1.0129118261628827,0.4733257906796049,0.03163315716567249,HOLD,MSFT,2023-01-01 18:50:00
117.66765666212082,129.98729302783886,155.49264020893165,164.60394298127179,214.57191850167723,49.89923084986144,1.1737358717166722,-0.6988167671696222,1.0708423528589326,186.35307683856064,139.05566076413726,82.9843990896721,0.3742566895283369,3.1660637684100528,57.23926911086457,9.786450856457346,59.28436114123888,-38.27693339009827,998269.2063488842,-332845.8407066214,1.0013959844175875,1.4960808779683212,0.021716040143266887,BUY,MSFT,2023-01-01 18:55:00
128.54088872220095,92.00380145918152,151.91453763977623,178.5383607226516,141.60286837221278,51.03066893286192,0.8829760785207045,0.16722722572661664,1.0385951156815743,173.18988597205342,99.70988388811917,195.67919675019516,0.6990333145717242,2.070041452024971,41.41371053641058,32.53681440281697,7.5771653965333545,-54.55192139593677,260845.2376871628,119518.74783451455,1.0721340551732723,0.9227173289756703,0.02662302939665587,HOLD,AAPL,2023-01-01 19:00:00
170.38793246804028,178.22541069510766,145.21390202060874,131.7871512155634,171.05396339162274,24.061274991111052,-2.3145346207485127,1.0229532907402124,0.7910505554403641,185.16323519532745,115.2309156762761,117.29179007167492,0.23959808477712358,4.362669927282546,65.9899753085365,31.997119468834264,-98.76085322957809,-53.74185975567725,859602.8714390877,191195.06007043418,0.892485610180423,0.6843472486995874,0.0024670812388698712,SELL,MSFT,2023-01-01 19:05:00
128.0890010484859,127.46110522719988,105.7279635718522,161.31848816441703,149.19144622889945,46.35766948152003,0.5970494106871514,1.8948921334967264,0.4465167667113189,226.91347564626722,145.46086237644212,155.06829523921303,0.7221466880026812,3.533969740380807,75.65786372607974,59.176698144068766,-164.79098971470586,-49.99837095559851,1526072.4401504353,742791.4686970663,0.9670875619637199,0.004243619741568597,0.007985913198016293,HOLD,AMZN,2023-01-01 19:10:00
156.49375768745924,171.71876797488306,178.8893233927587,140.36565456271907,93.55224409764755,57.602869276723965,4.063762804060335,0.13301597508773277,0.43120955683497164,194.90606284143533,146.66249668194519,192.14413655806567,0.7155471501775734,0.4408707061933837,71.99015537481034,83.09611425353236,-7.593507886960831,-52.60700584477629,525141.7679653331,-894588.9373390733,0.9687480521170847,0.9343753386193371,0.01225343227930489,HOLD,MSFT,2023-01-01 19:15:00
151.3671551971144,88.89688546864492,129.72855900487335,146.1109632256319,87.66112988596196,22.246192634782467,1.351191032128638,0.7076046217131349,0.13359324356525704,189.251975334545,161.62207580492097,114.95927424504777,0.15749087440026727,0.5479891516254581,77.31671449142101,83.8629184440588,-31.623236936940813,-22.769603641342183,1464689.6153540565,57601.774694733795,1.0474160488098643,0.5453832056214812,0.02183212195195012,SELL,AMZN,2023-01-01 19:20:00
130.4519895718255,174.7779201489793,157.6120814095754,72.3896941580054,131.63047340180285,48.92921985179804,-0.5491764911020797,-1.3709150284620115,0.5620721671812241,153.10945391929312,143.87371402067086,202.78641815488686,0.3441480676887443,0.13462588195495315,22.491128257605492,23.447726261346627,1.1783731035173808,-25.304769053584426,1504485.9581224008,-958722.1364341368,0.9757116437786009,0.40425687885239336,0.010814761263797863,HOLD,AMZN,2023-01-01 19:25:00
214.31832267975977,111.66484212157657,105.92414233571866,144.90299508108367,180.68303755009967,75.59901290611938,2.614989282463483,-2.2684548453353015,-0.04169063232594463,136.73993751641697,140.77312051683495,213.09263186004685,0.8351028854352697,0.4974328276771142,76.5741307831875,29.136830664474928,12.124940415350078,-81.1840343163976,305741.5892554555,645167.6066216162,0.9976576848078224,4.4891985602478846,0.009400009256667735,HOLD,AAPL,2023-01-01 19:30:00
169.01757066954033,169.92292357199574,115.51350838730549,183.01981767705774,172.6487496990801,56.36902795220385,4.398376075778172,0.8323468905117968,0.5592710027474893,244.68129887841906,155.92577651509322,170.66950640044683,0.2824811210059946,0.8416312482624746,79.41862880430513,60.90923850826771,-0.6341619375661884,-20.40317229175477,15869.860123890754,-452213.17746674665,0.9817654214558652,1.205194902231014,0.016583782028855347,HOLD,AMZN,2023-01-01 19:35:00
89.24572240027179,148.42819203509302,180.87718498055588,131.79511822187013,176.42231492672101,26.79042154142089,1.726713029209416,-1.2103894792354268,0.9175598104530225,158.5357333600016,144.75754474670907,150.50430430715681,0.40929360775203416,0.058502050874704815,23.530367183161875,63.10252849824155,-39.03298461254593,-29.71753914377564,109013.68392137057,827053.9759508644,1.034429022652784,0.7762783376867873,0.010031664959782468,HOLD,MSFT,2023-01-01 19:40:00
155.59362944308282,119.38181741810065,136.31744277605392,153.68084378289012,119.38861463191054,26.16124396065324,-3.463113979934117,-1.3865356977877188,-1.2577629585617285,156.2658831917812,115.69735734875078,144.45586605078498,0.16978064296392423,0.7565635302997016,46.74221746190981,56.199352688504774,48.570195177928454,-48.171923766255375,1734568.916872381,21852.27457659393,0.9937267050005837,2.030442796224824,0.0015061319946421373,HOLD,MSFT,2023-01-01 19:45:00
130.14640605694836,135.7889106121966,181.33188690106363,127.80957738585855,197.47617470366941,51.30951999501892,1.2336261574771903,0.9621296533000752,1.096313912250664,170.10774993153427,120.01112005028133,167.22721495147238,0.7335241626492116,2.952839417175711,72.47761089578827,62.330037322655826,-58.23367734588469,-47.057486428860834,519710.5026884773,124079.47170954054,1.0430132902671072,0.25760333019732073,0.06974611157772251,BUY,QQQ,2023-01-01 19:50:00
175.5730000438867,168.58955370870103,143.04423352353706,163.53413364136873,120.05320099440847,95.41892436018081,2.697575245680329,-0.22117336167078322,-0.05781160271659437,166.700928889369,181.91441417379113,172.38571922268662,0.7054409688802068,3.6692621006033477,77.5006394562656,65.40598571079856,60.84122688756351,-68.01714048373792,1826947.465305673,2657129.5613598377,1.0492684499417304,0.9673413460531289,0.05211765075336928,HOLD,AAPL,2023-01-01 19:55:00
126.22437784701899,151.17683359345702,98.95255567605356,145.07125767884244,155.38473196009906,37.90881128828754,-4.127876859206224,0.34135542422264575,1.4581998588132656,215.74716750299874,220.4245896697547,89.60783429780169,0.4327888105873327,0.017825784132455738,28.242585489749427,49.41485425072742,29.13606162728589,-53.421034378168365,792999.1635182046,1010484.7197568701,1.0976680989840382,1.972738049255781,0.0007957999077401421,BUY,SPY,2023-01-01 20:00:00
146.55790675599303,165.53238941417453,167.30168999329302,121.94427069817579,148.6894313027679,35.876380165874586,1.8742310159685187,-1.924863850718962,1.2704661940864688,178.8862392260847,158.40251389602412,141.45504314244084,0.7639709444256038,0.014345401387802213,18.39237045157191,67.24256294155697,-32.856906404211635,-45.572288600513055,219893.07449465196,690097.7151226721,1.0433816587470544,0.13191626943599502,0.015065875165098577,BUY,SPY,2023-01-01 20:05:00
165.1496183694137,207.29321753546458,130.2526920561098,194.64164696528408,143.7837853905624,50.170198266924835,-0.4062434725450023,-1.3666066294193702,-1.0307519675102705,114.1526488011866,114.78965274855825,132.45865788855883,0.5163138804025438,0.3163675228088626,52.45684493088548,38.2066337758386,22.00772240570617,-50.32118060722814,1245618.9477177728,15890.491738328245,1.0241257980814444,0.2693041133118635,0.024949716161317415,BUY,QQQ,2023-01-01 20:10:00
175.97265582510366,101.07275164866846,162.46722033792608,181.72582443303088,189.15776414886818,42.98646415860516,2.630876923714361,2.445928470174544,0.000634852884015299,136.91266809180294,187.4741333672903,128.11706689800533,0.7896586331566474,4.120486990035557,39.3752691559592,28.985162228377643,-17.821752498765395,-35.112613702411636,816867.075464835,-345671.530888084,1.0911715744106367,0.0862468042646576,0.018825137800377513,BUY,MSFT,2023-01-01 20:15:00
113.99110778832672,196.5163772490587,145.63027168850206,132.6429835542984,127.84668439502119,40.02904860573162,-0.14231206359145704,-0.9870087765332044,-1.865833599127323,160.3748293303796,129.24411661651874,128.70865119993806,0.39820668642040125,1.2670340633398223,82.31514232468508,54.909523168175,68.3244827139035,-8.37082951165761,433564.02926219546,-468302.82901146106,1.056770708721503,4.885335125533208,0.008720134975837271,HOLD,AAPL,2023-01-01 20:20:00
139.96496292477156,151.1306781256964,106.42204430142824,167.92922590136888,108.51184232864216,28.97779278984331,0.6864514374340069,-0.3049387576213346,-0.3860769810302055,195.89743838262004,150.62269081335984,111.17653575836002,0.4585303705657631,8.137596472353865,56.92240144297257,76.22843582820495,-31.812966706828266,-57.60420756521019,91805.02503752463,1395809.384703655,1.0045630186273944,0.8696763109908472,0.03251899510618598,SELL,MSFT,2023-01-01 20:25:00
135.75164066517132,121.03647855030616,149.10736913426422,169.1971840902522,149.59986458619258,40.71920581761516,0.7199852788413506,0.3560445082069578,0.3557396076228804,106.78495517495583,139.4899473218489,196.49615112477795,0.6804835874421697,4.366610192540603,26.00197215710639,13.234050143159934,40.22809742760302,-39.88843349859811,107917.51104866373,-593071.2984536068,0.9850504539041681,0.6723367981840546,0.01907710893281085,BUY,QQQ,2023-01-01 20:30:00
130.40012302278865,108.0905912278303,199.90557855381996,172.55363952035762,137.0051979714042,84.24225996169949,1.4282213760118463,-1.6049412867826238,0.8469543083355965,177.28589434983226,144.64952791236772,132.38069406455438,0.5965604734886141,4.416880519758428,62.54391298328513,23.57529543623704,-63.31856843224855,-54.35199528757862,208885.20407861876,577212.0281960575,1.0608259006623715,0.41314732904081136,0.005460606837159432,HOLD,SPY,2023-01-01 20:35:00
202.9636272084329,142.326388276689,157.32466146286149,97.78381132815751,250.32148757247938,53.543423517649046,0.8942080914486735,2.0291997685435796,0.06923611962887509,185.59594738384737,128.99294041549467,145.65480351148994,0.37783438618324566,0.2750247425534547,33.46224008329262,24.382449497012633,16.899792845334627,-12.456473262591883,1117584.4857951421,-549398.6198433406,0.9807624600034314,0.5968378263927299,0.018895487196334066,HOLD,AAPL,2023-01-01 20:40:00
162.14945132882866,175.64950335773378,143.56205617486341,184.2114093130441,169.29522429319925,14.323444671412448,-1.7981942652223952,0.011254461722532092,0.4427595803888087,190.88282484848727,172.44711134893268,140.62485754503118,0.8963990634305975,1.2895879349659867,75.33013007791857,16.857979473621242,14.927854547216551,-13.247033146240412,1301848.152455764,-848701.7645874533,1.0209753790586755,1.4954713282644443,0.006422606434370856,HOLD,MSFT,2023-01-01 20:45:00
112.17348136994865,144.17352638867396,171.88358504892244,133.7696331863766,136.71978274344127,60.13971936367473,-0.5262490539208721,-0.3546219454179522,-0.7024374010425293,157.19691147971005,135.3887581661725,133.5373164024304,0.3853510243445705,10.099978395459855,83.300117345356,54.56446385339111,31.764284819945903,-83.70140296640567,996730.6196524539,-387546.0482711991,0.9218966179799629,2.485520463868654,0.018119376152405994,BUY,AMZN,2023-01-01 20:50:00
177.5358584116433,193.33464790742042,150.26671163007776,140.54950612987946,117.3166529243874,91.30067492782452,-0.013160906626035489,1.6021699327543324,-0.019019309588873334,196.7233955185447,155.31744292560217,162.5091768894046,0.9018491905467093,0.3227902524271166,40.12286125307277,76.29668155600207,24.676169240348923,-14.931726260990597,411385.1787474105,731517.9961871422,0.9910151040419651,0.110870333690162,0.02890547174445222,HOLD,AMZN,2023-01-01 20:55:00
213.664685910379,104.46472929845324,150.23835575656986,236.4122160723264,92.59134768293646,78.51302629637595,2.460715445257006,1.3676999196161186,-0.590158405786928,131.47456450042276,154.77690588550288,140.63347742742084,0.7245237844451683,1.707728192230252,61.35088954789209,26.966458731893617,-15.224031912916026,-53.70254482618814,580658.2104924046,1083047.3311843728,1.0719842227037573,0.35614569062549534,0.007206318404248433,BUY,AMZN,2023-01-01 21:00:00
180.9739578165344,147.63733156461836,117.70937069602243,161.65994818307237,118.24342742787701,43.80845858892009,0.96865087540541,2.950486323555999,0.2825584404858397,193.0922315049017,137.2392619816059,168.1612018286071,0.5668692920904121,0.844042796304009,5.85027279890057,78.30718106839458,-97.0165714647856,-40.947879277810834,1236357.499928426,249396.88533109942,0.948055356656242,0.20964515377985762,0.006640253159349575,HOLD,SPY,2023-01-01 21:05:00
104.4189010213796,110.42819666760643,150.84620064473995,139.63768078569038,152.44825315277396,18.169513761378557,-1.3151805645796095,-0.6555484384941952,1.3897278824852033,157.8423925619235,102.38216817434014,197.10152692410335,0.7214972505138441,0.9815824519566115,77.65110398277909,72.01445330699649,-67.12415700942975,-27.6404280594151,1078383.4875996509,-100922.3383776957,1.0383888321342025,0.5717897892351903,0.025943884118109356,HOLD,AMZN,2023-01-01 21:10:00
135.47297781401247,158.90895647874905,170.88608541042362,81.43058007181101,191.8198595478431,76.0687724608053,-1.839390637522619,3.2899162545909153,-0.05693671134806128,161.500995972854,119.31461964785458,116.99481267285192,0.6813693797754425,4.429011147418981,33.39121064642987,35.675133937102004,-103.19464648999481,-70.57088684806028,1482864.8708223791,594046.0260411527,0.8913301135951965,0.7560532282373609,0.01420057952902673,SELL,AMZN,2023-01-01 21:15:00
188.00733447559867,174.606621702919,124.09844619749938,196.47245228628339,182.65067427163757,69.32498062913885,1.3094944383229339,0.9692103909031391,-1.3710951862360872,161.11202790777108,157.79937351037327,159.68450514380254,0.5815315615581998,1.7729909500943946,59.40882140794746,53.32501374635249,-13.418014238892734,-70.99650832494854,275934.748711205,-141970.2434761047,1.0632768757656301,1.2775474441450854,0.00298858374789095,HOLD,QQQ,2023-01-01 21:20:00
128.76991603143657,135.3771461895684,180.6123955311737,108.95329053412472,155.87284494939138,2.7478173963665973,-0.9496475684209481,2.5356051645216278,0.19627625742978883,182.75425651205393,147.68541322955633,158.79732140936906,0.4033139418233272,2.8440618616274413,41.09822077034949,86.72361066805995,56.64204338542053,-12.019540684391568,4498.99662457545,-347507.8627218648,0.9603857614447207,2.084720942878137,0.015779748582621322,SELL,QQQ,2023-01-01 21:25:00
163.31458284438685,69.87358430118597,142.70734939637185,119.88995508801588,139.30497002892545,68.39986908860124,1.5063883881135471,1.4787058655164538,0.7054357467408582,121.3317809403565,119.62421839639563,114.73828310342708,0.6416622638397662,2.237024354058862,28.987787893479155,61.426006680709534,-37.03852727354429,-69.00209649576944,309848.7489981859,-862602.1640505621,0.9828685048182315,0.7811695469135654,0.02176585765856983,HOLD,QQQ,2023-01-01 21:30:00
173.23902160288011,153.96844440389484,122.80576221153649,141.39672642918882,157.06437069236463,24.87247335481388,-0.11157245381404586,-0.9629714603182224,-0.9180264422595715,190.98516803983446,141.09257981737014,169.3849461566451,0.844528222889854,1.5058609976653141,53.55359376921529,73.38524295460908,-19.80470972071266,-75.32434695794086,427544.2652247217,1121870.0510790118,1.07064537661558,0.6709329296319263,0.01351855490664797,HOLD,MSFT,2023-01-01 21:35:00
122.19208585265751,161.10215655200528,169.94080192300612,197.32517733440937,133.44086007546272,21.4760010676813,2.9202118124956042,-1.2505637339379512,1.2418411551582156,190.48017311253415,145.24135664571762,142.13108094175777,0.29900992477421123,3.1376593897206266,13.18153951095603,90.0139634501442,-29.585626635412115,-52.30231310889769,3231795.533340474,-493423.5601504617,0.9811667502659012,0.8574392691580444,0.019571901537356516,HOLD,AMZN,2023-01-01 21:40:00
148.21423931814599,160.12884264885093,137.83014410654326,176.7436795733043,200.55091987291627,38.919187151630126,-1.474031751570524,-2.706184079567411,-0.5963393477491515,149.44808638343738,154.5690587376178,197.37889729691904,0.7446810122908563,7.062582925374051,33.40343229064555,66.72784617453846,12.440547519485492,-39.00247179894322,245558.23553151946,-923532.9876226609,1.0468062078099734,2.192925666898407,0.009078018700930328,HOLD,SPY,2023-01-01 21:45:00
52.76197979792782,185.07346575466462,163.9878721871527,146.9491996851117,143.3242945617476,53.93213831112105,2.8775262248467244,-3.015867192542843,-0.760235216803198,160.08636819002135,185.5066582757348,179.97003991387874,0.33691435121069924,6.8115891022904504,49.35385653525234,60.32819625569954,8.676866774455265,-33.376678009095365,1751026.5389064003,-179559.19798321565,1.0352054928159469,1.0456762643915327,0.042044207712254276,BUY,AMZN,2023-01-01 21:50:00
119.2683707599713,115.86838961052854,137.70603419353657,161.86534603644228,146.4098642525982,29.698603535522693,1.9669528811251247,-0.9183986479670808,-1.7806202871464176,129.91939984076245,82.92815337200976,149.98487370378794,0.4748570739197179,3.116083256137417,37.581282980133935,38.917616699798344,-20.9691488212026,-22.354539093701604,974215.2511120908,915169.3409834983,1.0615742399935044,1.5482130268890737,0.005487801167808067,BUY,AMZN,2023-01-01 21:55:00
142.4229554582052,168.40648316351349,143.5043464117524,132.78765782812462,82.52532724937996,79.8860660581394,-0.880793286223999,1.9005074979330945,0.26879942587475,119.38686622859615,170.26742100107634,143.50808483976377,0.9771800027263737,1.3362448784529761,49.53193223777838,30.34535405834784,-48.51884689980599,-51.19574207926906,183366.07959736185,759727.2128062849,1.0491709094153758,1.2711576823239656,0.006607485169974657,HOLD,MSFT,2023-01-01 22:00:00
112.56650454105451,183.77522537433924,157.3390051083573,156.46891806609122,143.13695460431708,60.43182822251879,-1.7566655982274701,-0.7471907403226383,1.8159915194793805,166.90951946415504,145.4296826820121,201.97766830679268,0.7930043234778019,0.3562422838610988,85.28651773357505,60.31393572551538,31.326190433988387,-7.236621911680591,516684.10231093364,-152632.64746982412,0.9944346811463987,2.5705783787822805,0.029714325059901864,BUY,QQQ,2023-01-01 22:05:00
198.97233911794905,94.6423724798045,152.27242643975015,154.34677583290036,174.09452413894823,25.93092749016201,3.8553761129816286,-1.0146418291188493,0.3667500419522634,167.13553846231144,114.24330107045347,132.62075576705507,0.2058148665690927,0.0909793025596583,22.894789516041186,8.32996659575474,54.756866694163755,-44.26403306330812,713673.7306194667,-413616.5255327383,1.05893997616086,1.6979278474076187,0.001191994312936127,HOLD,AMZN,2023-01-01 22:10:00
107.09575866118102,157.5895547775693,95.11170548870653,183.0006366618033,116.96832268884366,73.62846062214375,-1.8052572508124394,1.0494544154275967,-0.7341831634568583,148.20280259940893,144.12214917009015,157.93373332333869,0.661130219983168,0.526486218828663,29.254352582221504,71.15551692186037,40.13490479168851,-7.208239785633228,421823.4242464102,2251213.6129905055,1.0125186096326038,0.4173416000679843,0.08744975784224403,HOLD,AAPL,2023-01-01 22:15:00
136.79866539909048,132.87460506976984,116.9689064976402,182.94969991804638,126.47838996521561,63.548677397806706,0.6127656014849185,-1.2922997522743893,0.5132173475716277,116.25773339898655,176.1603246939445,148.04623929269272,0.1599800886091956,0.8318128577348598,24.832349470687205,86.58437074634594,-57.28527841688362,-41.62562328560241,256377.37521249754,-727313.3945439538,1.011993710955606,1.926676525714069,0.019831884841232234,BUY,AAPL,2023-01-01 22:20:00
153.92221731858274,145.55431980695062,168.2352496197704,167.80727623058064,172.78133053200995,43.417372614694045,0.6907137214690123,2.7608476771591732,0.8003531535701365,175.99700888475013,183.64238810729168,185.8459101334931,0.8112239703924964,0.2781784540093035,84.56432153464785,58.75088799824272,-113.79307932957441,-80.44641471278126,291490.56847520295,51114.77719718173,1.085912805029443,0.6300707878080051,0.03294745504065039,HOLD,QQQ,2023-01-01 22:25:00
193.23819867198347,158.4302945061501,141.6965852774613,140.40487815852472,104.7002832944584,42.52631109048803,0.020008891495756406,-0.3925012323684618,1.160665232068416,147.354354830446,114.47100610916164,188.151272781623,0.8205337031847078,0.509178989927095,43.22004730628699,72.0443575206683,-11.9330071754038,-57.671120298346224,879972.7017966835,-610904.6980988515,1.0171608677967563,1.8787738086285397,0.017538701332705138,BUY,QQQ,2023-01-01 22:30:00
106.92413546461682,133.38314307659343,131.90671743071445,175.73831342048405,180.73403022625754,74.39459883831479,1.5626868787388948,1.396032950868056,-1.2349771637021163,133.77304923419385,118.78497331423684,166.2718915391968,0.7418612826881423,0.1744856393100363,14.006892667829673,46.72375639694973,68.82879463736124,-49.98171775287341,1165092.06111631,905438.5470809096,0.9933971721086484,2.3617637779691925,0.03086644658018121,HOLD,AMZN,2023-01-01 22:35:00
184.8949125646488,127.72875762515164,111.03564961856314,149.0570090815025,133.03568329480694,35.69770011026206,-1.8611414155133261,-0.30010110840573234,1.5530597700421156,204.65761950512538,107.67508716535373,134.16584806757294,0.5057145132980629,1.4833180495924376,49.73437295012072,12.57979365216618,-99.5276092960679,-13.671480062177196,632939.1323640088,929666.7766424589,1.0835107614381296,1.156038258053844,0.011390278694153013,BUY,AAPL,2023-01-01 22:40:00
150.3069918305876,149.02457252464075,118.00659196810379,117.37874020117974,137.3429533852639,86.8244216537484,3.8661304514215806,0.0368657134097151,0.21344607598919835,125.86958378373514,145.8255040458898,145.30509910235648,0.2834355213509067,0.27007806548259833,43.51555762174357,79.02640735872151,-20.574429179213826,-65.13814031640199,2842768.0701067057,-991959.8519270784,1.0021463305055085,1.2689846005533465,0.01719548994043528,HOLD,SPY,2023-01-01 22:45:00
120.55474046856148,115.38262183411592,94.45503400095131,139.09479065884997,115.28364784623217,39.585441507819176,-1.6490371069341465,1.69062873832835,1.7531945585119801,179.66711633162535,147.05884258170272,113.09348359564304,0.42533484449513526,2.715558652831951,12.272112249087556,21.123921160205885,80.46733912313351,-74.27608152809701,1304037.8331412217,252988.21784009025,0.9455482546555736,0.15211252461721683,0.021689718222980707,HOLD,SPY,2023-01-01 22:50:00
163.86310422789813,115.42524613344443,142.4679820324617,154.70486348109839,160.3413878128365,46.8746617451761,-0.28786676803213607,0.34402564104410555,0.15558821386487437,107.51615778592722,164.68736078779702,157.466655694334,0.6088620029999755,0.8088806012378201,80.81775080348227,76.90486619369035,49.04444352528736,-80.59671352106876,2223385.50281385,-2307668.543947064,0.9219983980049612,0.39133288963580465,0.04644117197641218,HOLD,AAPL,2023-01-01 22:55:00
155.9717908672041,168.3811984886951,130.03906048547384,181.12690507727186,222.7961595508814,51.095651881406,-2.8763538067912635,2.2406915218021886,0.5767630368056954,109.73244687498372,151.03283424261141,125.80242967584677,0.210297584900362,2.2298657814858194,28.43717024372601,67.02694206803,11.559724999344713,-71.15664514703388,645621.7134749109,160533.23888352225,0.9940700721185077,0.81584036563848,0.0007078306506210808,SELL,QQQ,2023-01-01 23:00:00
131.99349368523616,113.53617894524032,120.83530272536711,146.1270984909711,172.44491718381897,36.977066506061526,2.092226211695149,-1.17492566820047,-0.9486279287838233,176.89374428335773,162.33741908058823,217.1649868465443,0.42784048259719576,4.282964728036544,82.68660426451235,69.59157915666634,-59.67408656515557,-48.502632477754844,14994.790005528317,-2716074.1302015237,0.9760695753010011,0.0035213378113819614,0.0023061991702334693,BUY,MSFT,2023-01-01 23:05:00
152.09406254970057,167.98937502727637,143.29691437080118,113.3056412403326,123.07144214178392,26.02338946003692,3.77622175762504,-1.9485442245781894,0.9848406649977345,148.23521412627048,105.32633446661413,133.5703619313826,0.7765169287613296,0.179885613495174,18.412463292561807,80.33085958332833,74.61326056503076,-61.11452189904219,896660.9862054148,369357.95656428847,1.0519573738502568,1.8791354193115424,0.023465388294941953,BUY,MSFT,2023-01-01 23:10:00
138.4405920941472,161.87773878561853,154.09926577131844,153.81573386549823,183.0686175647443,10.246850873595465,4.016283872274874,-2.6239894242444954,-1.0769129773961408,119.09032727971203,183.81914715434172,180.77368289502647,0.11914932557942012,9.019863183439258,69.95107868246609,64.97923817576418,-9.286838684200855,-68.01272840126423,1705174.7703670452,-266583.8480276715,0.9725674238325785,0.46120964520424335,0.008442942621925393,HOLD,SPY,2023-01-01 23:15:00
153.40552035753743,96.2257981362821,197.32994830524862,155.63059328180967,139.49961362197251,63.323254289133665,2.2694420709717282,1.8824485929424695,0.26877864198349144,193.247739633168,172.43081675172405,195.85451389649418,0.3786178459426707,2.072646392010577,41.05765092692957,55.56110514804984,-112.43825431693091,-87.88565190922867,769024.5371603105,-1371817.8327344835,0.9357517817653188,1.2851766739462758,0.02264737263938859,HOLD,QQQ,2023-01-01 23:20:00
169.86392023563138,127.67306042993035,107.20291451091965,157.9468041248881,190.2345494428268,68.26666123518928,-0.742284153909746,1.3523826738333313,-0.43053977589764086,172.99602210038395,126.7700585232138,174.86510655606116,0.5028966759036946,0.10968535185912694,63.8846080672346,35.32867179230511,72.30237637515562,-16.70708837997383,839100.6618207886,567581.7980615863,1.0003086251936042,1.4666268098697721,0.005168614595470507,HOLD,AMZN,2023-01-01 23:25:00
197.58050448436057,183.82328209142116,173.98452608251304,181.43588851054176,173.2002920649309,86.68512671924425,0.0034388701133941223,-0.398456893968413,-0.08810488022517705,85.5239131863053,120.31944675898981,134.80086472287346,0.42297660649460017,0.7537618095964622,63.72352675200238,23.73931508706548,-51.86111152036524,-34.231884933379476,3687715.9644954787,77075.89544825001,0.9201629209314983,0.7942568569807432,0.01979116026008121,HOLD,AAPL,2023-01-01 23:30:00
112.86553503519453,118.56503406580956,169.3275390253768,184.60554368287674,60.705753035848005,81.07071915994361,-0.6458088919332815,0.4481329679822823,1.0852247735677778,193.57905409862127,158.6556790572808,132.65727190273054,0.0707630638476563,4.34741915078381,80.02409463369897,19.850560074399592,159.06682009985843,-56.8360632739788,455930.6152718968,-887627.9381405569,1.0027257492224817,1.561727073075995,0.013006167411948748,SELL,SPY,2023-01-01 23:35:00
213.991001239688,134.06787213071837,125.52268151558249,132.98525208378666,118.87761101134917,26.801729174357263,-2.4263013746004796,1.604164913334034,-0.35502251006283186,122.76404027745255,100.95945316915304,238.323480269478,0.6481224212256782,1.8138375938108569,52.47098218819669,36.165293710446456,-9.151871391635124,-22.579928731991423,1618846.1255610525,752516.378365522,1.0016065558244172,1.1469872299766397,0.0026231069878637357,HOLD,MSFT,2023-01-01 23:40:00
91.43736601432494,161.8618267975569,150.08089886465078,132.2834093424338,177.33155668506168,38.71336186716258,-0.5909614690532199,-0.28534816085918296,1.1056749878972751,100.22372627714579,121.61981110361201,209.21837704267057,0.6218261034677088,0.6771715654598796,69.79168271946192,67.93201927294241,21.17188892009267,-35.765142853462365,703347.5064016772,-55470.9362536505,0.9825842608389475,0.4460442209072077,0.0530221853173814,HOLD,MSFT,2023-01-01 23:45:00
145.4464471489325,171.50171527847786,133.55916876655962,118.71364124942485,153.54971816435054,44.467958943077335,1.8175229602288596,-2.6400791702292197,-0.4069634474011361,131.28036699840186,114.30599372644001,159.10414370117525,0.7487334796432971,5.643375904120236,15.309598996393724,55.608237816449524,4.651308241781425,-42.008849705043694,623082.0912504321,426586.2510166922,0.9361641080518494,1.6936678569024974,0.03142339477951942,BUY,AMZN,2023-01-01 23:50:00
167.64951619453728,140.45383341866514,149.64221451046848,174.36210144897524,118.28732156876448,41.437907594364034,-1.7339680411750105,-2.620958052948569,0.13090599015536716,158.53692132869296,137.57925632587677,139.84883451647144,0.8327836924328929,3.0952991868490782,55.617655621282495,45.100202203965814,-13.283800867297227,-64.45835045624904,157328.96552050312,-301042.9485790822,0.9658727837692528,1.0107537862910096,0.03038051464467018,HOLD,AMZN,2023-01-01 23:55:00
158.429756032051,130.07469415925075,182.72827533511378,198.3622434668069,129.9923145351856,59.492751066324644,-4.561973862005521,-1.6419998087690368,2.149817020802585,162.70817146668148,128.9007087367581,123.8996544054678,0.7638985022953321,2.660119162752399,57.157092905954634,80.1448815057846,39.66599479014874,-23.554822377767863,1379895.2137308945,-138904.82896402862,0.9910159696385142,0.17459716057329774,0.023875504217414502,SELL,MSFT,2023-01-02 00:00:00
131.31901440538218,190.67109585095523,160.14015581578283,141.91737830691446,91.81290139731858,77.2264446677179,-2.50600663869743,0.15330676413068198,0.12172199094026374,102.77971672057686,120.36460930165897,131.40638258861773,0.8800381773751507,4.3861545387591745,70.75736367557958,86.49409743544697,10.04719278641696,-35.612293192431935,1733270.3337820491,1575512.6592948409,0.9364101090117228,1.4820307255621123,0.0004315884090844975,SELL,QQQ,2023-01-02 00:05:00
143.75633248928173,200.16698991392735,157.71520933083605,144.27422192880022,146.3488013742081,25.874747389222037,1.6364358330912983,-1.412437204270494,-0.07586309299336713,110.54144253936012,117.9083156100283,171.3092498983135,0.5044192573959775,2.9374393306553053,38.61458556941268,45.387616812018734,3.0483420315390526,-27.408974067458047,563659.48154011,-556555.3595163353,1.018421108744517,1.1275891296575447,0.014048695463789205,HOLD,MSFT,2023-01-02 00:10:00
135.209971960235,177.36574152345386,134.24226700113394,198.93704182076723,215.32069178047294,7.22471633804046,-3.436407791092246,1.5502309391525384,0.13994739132384915,133.36829769930608,124.02369869223938,219.38731889282622,0.8853779356294543,0.6758139196458344,94.02678125450429,75.6870105413644,-51.49172593797261,-63.892878177657586,1441936.438292587,299505.1803983521,1.0263775780914928,0.3349846989319802,0.02780288606474324,SELL,AAPL,2023-01-02 00:15:00
132.31905729167366,150.55954427695073,107.89858337689162,168.17785130288024,173.14800172196976,75.32676370724197,-0.9439843452466694,-1.9103985015536735,-0.33024952232940086,135.6043852517297,110.24754112282348,146.43602977583498,0.6837568657700827,1.753592398606472,69.19236965289636,53.390653487795944,-7.453041814719059,-64.91951805814166,870172.6746042123,308466.7693168688,1.004336786600915,1.8450218322209992,0.004886041877913695,BUY,QQQ,2023-01-02 00:20:00
175.48806291063076,123.7520283507722,139.7882947364898,165.95954255363375,214.71251003565268,66.08068485307213,-0.7672438640070296,-1.0401945425196477,-1.0013555776051477,186.6629591883402,153.5668269097775,185.9542960829819,0.5477918989123054,3.693946153013694,61.49499222449638,72.14674528406238,-58.76625470856366,-74.480384293619,297805.5620096846,-1144313.9417652895,0.961396664261207,0.46841692004948093,0.019103897732920816,HOLD,AMZN,2023-01-02 00:25:00
160.71046457895142,123.08666780330304,175.16520387159787,113.89067180884075,175.4719126936994,25.447244805475666,0.5160019953389894,-2.7320253137132116,2.0591481927525077,145.5337445092992,168.15395099111203,176.9546231608289,0.6116003024552535,0.39897150089622996,48.562584601056486,36.09703844568599,20.27904908834502,-34.45296557758831,2573285.872384407,318993.294782046,0.9876237203630125,0.8046136126918436,0.053037991745997236,HOLD,AMZN,2023-01-02 00:30:00
129.21271214218038,163.67542315797272,106.82080358525882,173.7192982169414,179.82438030058074,33.10457542322808,0.4692096821251596,-0.667787568220515,-0.4063242279690111,185.9920497869943,150.03843319773185,141.22558994644766,0.28957051398319245,0.3559180438071774,64.40473230797976,20.295796984194205,16.98694930989049,-42.254741165853105,1193268.347656293,-1587136.9683904718,1.0742035284380353,0.42031422211294933,0.027961818044064803,BUY,AMZN,2023-01-02 00:35:00
176.9879962629975,160.5519466266605,118.62276579558262,122.26763710368773,208.22236063235073,10.87560196550183,0.8004367816773461,0.010682053222821153,-1.522477652210444,198.35386925944607,174.57016206530224,179.972170585616,0.8177986824841931,0.34627075265879287,36.52096837726798,13.719942999078391,8.823057391403214,-71.28123000735826,2106480.770386997,2041344.5460004457,1.0290675096666924,1.2886846763238389,0.015865498909276802,HOLD,AAPL,2023-01-02 00:40:00
159.2189856262983,190.0479577883929,148.1566934058517,115.71135405008134,160.3178977802668,67.80002664689104,-0.2973581777428618,1.616637876177485,-0.15540640930584368,179.44846760001292,118.98598327347787,180.90419568247745,0.7982908100377885,0.43197660916960673,80.39718220058938,66.72552536432572,62.13858170840014,-62.60490491991387,330540.06269537745,1424686.2371417882,0.9918444265335712,0.8702953467874307,0.007419079676762783,HOLD,AMZN,2023-01-02 00:45:00
174.3858635651688,167.51350277608418,120.38363037881844,140.9033095434652,143.38318035479358,54.97647866491785,-1.889058915398602,0.17997657575719808,0.3568733133178915,52.40615022345413,121.2834844713021,177.50426687651645,0.40017699012330055,0.21791353911980316,34.816153533071855,43.18629472576257,40.13075618849986,-69.7270410789709,2481271.5369823845,-1956097.944506594,1.0346130473916881,0.6354313904083065,0.02024163379283543,HOLD,QQQ,2023-01-02 00:50:00
168.88886525770837,102.90759094720545,125.18691382211968,133.25463284964192,179.97972549866037,74.80478833347459,1.8028041803227688,1.1113504888023282,-0.2077956041721919,149.35940866569035,151.0567130589902,137.6217427695625,0.24284681884208614,3.6357431231658577,19.337420236560433,61.84188736222037,104.256167034227,-51.08292383006263,453605.7896399446,1131484.7382686436,0.8904115366468629,0.02052870383128319,0.025063525685753922,HOLD,AMZN,2023-01-02 00:55:00
125.13014967233782,179.55842853168755,134.41003545679558,144.90880977967873,192.61520711365654,79.56227465009599,-3.527447752973986,1.5076698366376302,-0.04874409808453292,154.17929759820865,154.305884167307,171.51330284600732,0.6179841267057747,3.410997171949145,53.445207220392554,52.029567580716765,49.23050748301538,-56.20018926593093,9577.605111618983,94166.89257866087,1.125745022017823,0.9344154266994329,0.020309524402511565,HOLD,AMZN,2023-01-02 01:00:00
133.1945687940909,118.05818118056762,110.85956489524627,105.88858769520259,134.60106071863373,46.6658239848382,1.562514381992515,0.5884121323130869,-0.16390291002517057,158.09516784399608,140.3822998823952,185.67132162686403,0.22778295489421194,0.3282616130632373,84.87629487491726,64.03246801863399,7.827240075568036,-79.34734744027428,77992.28568808148,-1471477.8545851244,0.939301084803726,0.9737930770056444,0.028164151168826753,BUY,MSFT,2023-01-02 01:05:00
172.41880815369785,136.48086184142946,120.6469538445908,182.6821218069655,127.35292752979912,20.24092074128827,2.2881853890825883,-1.344917585157424,0.4255367926960283,87.12373227950792,139.37950944384679,178.67269458784867,0.5262874062904266,2.4452050411329522,91.24989990054313,80.80240237850836,-14.869655991222604,-42.78941841888731,93584.00334373133,-1787476.3368670107,1.0136891552498524,0.1999586043708277,0.006549181582525067,BUY,MSFT,2023-01-02 01:10:00
168.31110796300393,155.50600618755084,162.58569791968273,188.08596142452572,153.1656809729264,13.796854820754593,4.673492908049994,0.6069060525645029,0.8189778579346002,133.25700630077048,113.3465649467289,182.33449321162706,0.6815997331112011,1.9722226731573662,74.03123377250148,70.07636750666522,-70.59809252008444,-81.03954143913116,232112.86588040358,-38447.66896553088,0.9544650652487555,0.40393008701811983,0.014177854751390091,HOLD,AAPL,2023-01-02 01:15:00
149.37295218107556,207.87002469351893,112.3157554442259,89.68504082749394,173.94496600794986,21.439071151830213,-1.508384237590289,2.2317065224807684,-0.19246400347209391,112.3214526316237,73.48692511516822,143.909325660794,0.8199132274112496,0.6464644905407925,20.808057997455858,22.45499942609054,68.76258959697736,-84.67817265204486,206436.3788497039,1659161.3878218422,0.9455306792201726,2.110213466629542,0.01591120059458869,SELL,QQQ,2023-01-02 01:20:00
153.51982149926346,241.29755668016082,105.05319663762906,183.3106497813296,172.94273145984684,34.629795007525615,-1.1203823613486112,-0.4724117396740659,2.5896463483355454,127.57030893064832,153.93968514186702,182.17639535833945,0.28097917123873156,0.5159059446812689,90.44903382843395,13.60813918423294,28.52136922104377,-3.2505155033453774,59637.477861560394,2365430.2951817857,1.0519600576858916,0.7966555446415906,0.0018836863694734057,BUY,QQQ,2023-01-02 01:25:00
188.32994687365274,166.20169177408548,129.24937551165263,126.06308384570795,106.27497199437204,41.02526411489844,0.10665593169887694,0.8319764088197367,1.0408916439114408,150.9458866780783,164.54559432208478,188.70195107630033,0.5423585597010588,0.5769270361362362,56.76076222290357,39.32547317294948,-22.63395354624676,-87.39235110327938,2257539.381335195,289371.52142141806,0.9937471996299965,0.5710706294327058,0.003884913783692083,HOLD,MSFT,2023-01-02 01:30:00
132.2528583349251,142.50410143838837,163.29888756274613,179.42321718344914,206.34818201189964,33.531643270283055,-0.042528104024294175,0.7932507506246411,-0.0054566218131444615,134.0456588613482,129.0965776584548,136.2925369989252,0.4120966579325551,2.6233432745981036,37.096120947483506,70.48361731079434,15.486804345759477,-73.3106097375352,1762065.2413994682,-999642.8019228625,1.008365654526709,2.748274540137145,0.0073236177160847776,HOLD,QQQ,2023-01-02 01:35:00
166.41292143510114,164.03516945441652,140.07695480007777,149.8097122346747,129.76505211809447,77.30832983597541,1.6692463644956566,-0.5534649772700553,-1.3184346311646222,130.1445602832461,126.19699796028529,108.4780138875183,0.9079670796935668,0.7693173411857295,89.0660288440782,57.1263695328995,6.77280796090641,-70.7874648737159,1438949.563606898,1845226.299955174,1.0153416534097104,1.6710235272737657,0.0009786823180938326,BUY,AMZN,2023-01-02 01:40:00
143.9342204269832,174.62966277621507,133.38547304710954,152.92081805059195,141.04805009334262,60.009719776927874,1.0449282347801914,1.405993608651125,0.11427265992868328,153.0710695362553,123.53055768994405,199.06757996928835,0.8820219783605953,0.6513474789759791,40.822961877703946,87.85839465490213,-4.576833629959444,-8.66428096741944,652261.3086199852,-928800.8498155931,1.029981115770606,0.10255555400913335,0.005321112816269349,HOLD,AAPL,2023-01-02 01:45:00
143.4695639031834,138.37997123328424,146.10896993789018,146.076875218521,121.92036920036541,83.77279621292388,-0.7037643482809033,-0.5770374372108252,0.8138856487128694,142.77272731611845,130.62037344636678,136.12407629622905,0.20657387466195426,0.04547530427360108,39.51065709269814,52.993979934190236,46.274789809019744,-43.43396312184155,553642.9302058562,-336568.98883645906,1.0262106620836053,1.9584804244746556,0.014769447155157956,HOLD,MSFT,2023-01-02 01:50:00
182.96330555961572,201.85634067736967,101.3573141785087,190.78813453547156,229.94986507811262,49.54005307821364,-0.19617082479253947,0.6795773493928836,0.8215501731802358,166.98914680287086,165.15598891895948,127.72240208330798,0.26371635535352445,4.77708119217182,12.870088395548768,50.41439172245874,-77.42056924144651,-64.7910246969714,554019.3268344891,682103.9326489775,1.043557789269296,0.16220787270408343,0.015606586562334442,HOLD,AMZN,2023-01-02 01:55:00
174.7624904696409,154.90212277574207,157.3676413443758,112.33318359919909,156.262120108639,54.108811981063255,1.8666415693038028,-0.3590609136731063,-1.8526603239723536,145.30503331099715,116.63146986895495,156.36873964437694,0.5325798265620371,2.79433972701461,6.4514217053622165,31.443673475481663,42.63919248466205,-45.69030179942036,303496.34125207615,1320396.922354064,0.9077317929431926,0.19213232784134066,0.005738371771769235,HOLD,MSFT,2023-01-02 02:00:00
174.40528908001914,162.93229267274182,154.5858757850911,171.45089083952027,123.47074757955305,86.13299548633441,-2.5323918199273328,0.06544195664903671,0.11536157613322785,105.13368457818895,156.1367381237251,141.90074802723058,0.7752345169682283,1.2802886646508276,61.009726560543896,33.695437328493874,65.92974297962424,-51.84316492531491,937150.8325366089,-1140263.1113332554,0.9607885113297571,0.07833733804993213,0.05855706906890622,SELL,MSFT,2023-01-02 02:05:00
189.16436421462987,167.97772756163383,134.76728814760696,187.2425652764656,174.91770649887337,85.48236013716367,-0.4673976270523573,1.4003600031724472,-0.480586695911231,123.91211884162031,127.5568310241343,92.2130414483251,0.7319844153319226,5.726845466444132,41.480554740714645,26.57613551412346,-55.62020413293295,-27.99630115712174,60896.78808744127,-20180.667877129257,0.9547086386467835,0.656528105669311,0.0125909277690676,SELL,AAPL,2023-01-02 02:10:00
150.63011524898278,160.64759831843367,170.14811279491042,174.92288257729314,172.07407337930098,6.106060584541979,1.109446605301841,-2.9204528936073384,1.4971961687651463,148.51822645469713,90.14946615586906,176.75454534211417,0.7287090340369564,0.6949553427024208,41.13875737254847,53.20067157190655,-97.8631166894581,-42.09901412120075,1075239.3100056713,653176.9549909732,1.0525252234386437,1.0347627067181357,0.02028227671852981,HOLD,AAPL,2023-01-02 02:15:00
170.4585891388489,173.16821501408836,116.81259752617403,226.39036525834936,143.3681892926035,26.564050235767372,-2.133337475549522,0.9254951714386129,0.12367927119511847,144.32085862806457,131.4178375212229,176.0036332676122,0.7736992765965907,2.246045897597985,19.01402247059481,7.951060584775267,23.258565776440808,-62.998356547435286,721253.413828399,-2410175.6833412517,1.0378405287039685,1.401267748879099,0.0006166574512339333,HOLD,MSFT,2023-01-02 02:20:00
140.6919973021963,129.48240440359228,173.19772483133923,135.07370359280964,174.2182013835015,9.529460177197107,-7.0819222926931245,1.0607524723631419,-2.2842093092862674,110.5281205571932,180.9855985426154,119.05896596256339,0.6712001317192319,0.728119655179259,39.377567466163335,83.58396016403096,48.29098061541438,-15.469028431509138,1695650.8103881578,-1853462.2946927529,1.0329382712221062,0.027088878501509102,0.010189269143450412,SELL,AMZN,2023-01-02 02:25:00
159.72499057465328,131.25094738161908,148.86234163988127,182.633754322993,124.24124117507407,55.65981856402743,2.893152907003571,-0.8623512795756594,0.36832699865464447,183.68031470485593,122.86562169706269,149.23616667706526,0.4262496469541068,0.7554248782534084,59.45490672082896,92.01155838874287,-44.029170231893936,-23.30638046075765,3602405.905497756,-1640770.7497384883,0.9538166796112056,0.19584619941736867,0.015622454410176878,HOLD,SPY,2023-01-02 02:30:00
146.09570836896947,114.99537301084915,136.58618525304567,148.60509966907455,134.21245175152242,73.25883285952028,-0.040946403938580324,-0.047032931064038934,-1.9498812423425667,170.927820920228,134.06966556584968,119.48354477628178,0.7603859785634495,3.72491115284903,23.598636706568445,53.05720528471581,-69.94939951081255,-45.2182716754269,2092406.3254498306,263909.78795284237,0.9400442084548222,0.970806825504753,0.007486722856679336,SELL,AMZN,2023-01-02 02:35:00
152.90987894978156,161.18503691860678,144.50315911579222,191.46899444328542,88.69350036301812,38.71980178031967,-2.515133859720633,-1.46430885391019,0.45011584091519835,138.972261406488,140.20211494615918,124.23702502250691,0.8665764970264984,3.093132372904639,90.4604910984355,16.317632848887715,-94.02118328930959,-40.55994238038465,1272694.800893845,597872.095173958,0.9168457377057201,0.7456696933160674,0.003759678916143365,SELL,QQQ,2023-01-02 02:40:00
167.85471076310742,171.3680951053634,142.31838085472646,151.75395213691618,109.28146747341312,71.94870724418635,1.84083860662705,-1.1985226611202306,2.587198242838767,154.2708232911822,144.93398962897308,131.94282919958545,0.6094097000345524,0.696584442275059,59.710453588256584,85.0468303542485,54.15889699567508,-51.47884768582457,567014.0599094366,1206791.631753502,1.0172359774968693,0.05271946936907881,0.004491554113232203,HOLD,MSFT,2023-01-02 02:45:00
125.45337950299583,161.73318598455657,175.50707241044293,139.587974980401,203.22892417012056,40.01706066223675,-0.41661631393940607,0.4064348988611015,1.360346155050598,122.48442676593403,178.55862957169623,165.85726521225388,0.6410011590660392,0.16978618754562605,28.6794000343385,54.056934248541985,-5.246690859837565,-78.11881800309759,241465.7091472553,330111.7744453383,0.9235131913061881,2.7396947750710945,0.012567802308489593,HOLD,MSFT,2023-01-02 02:50:00
212.7716182705638,198.23477300042612,118.08302181322466,193.79431052389214,198.24285883166942,26.700673017788496,-2.0696297771491814,3.93770912489792,0.25882789337202083,189.8573753484759,120.17656465612728,210.33563049632517,0.2293060777609455,0.8850388547009963,25.40932587958094,62.60072143008588,65.17388787012551,-61.13255922593945,1093246.6610485862,2364282.616107195,1.0372591915402796,1.4209288532683513,0.0014732757309977337,HOLD,AAPL,2023-01-02 02:55:00
119.81947855500894,147.8321194351286,125.93701902133505,136.27001795139424,150.97365945946888,45.455973312423836,0.7394574820678845,0.9959462856371031,-0.6594603785245904,232.41256247473942,140.26569957656338,137.60241918138766,0.24869904841031323,2.8547122311381488,86.1793907398988,88.1176116113196,-138.8275534394425,-14.735608138371656,225144.43801129132,633145.0971196239,0.9655633733574706,0.44440809490439054,0.005343501646097621,SELL,QQQ,2023-01-02 03:00:00
113.57434161636803,168.06224966777538,170.907572301812,106.79277571518222,198.88794341569513,17.58706189532895,0.10310636442236365,-1.272471580653606,1.2741652805932968,137.4394571991559,158.96617938984568,175.1687661346309,0.8205473256569965,0.21193108882386824,97.0404589565306,81.42972144260193,4.165672840764705,-17.529614113453444,20466.976852712945,1341826.3105945596,0.974133204630285,0.7687295974665194,0.025426404009216565,SELL,SPY,2023-01-02 03:05:00
184.74332620500203,115.24897371582057,130.1116266204035,135.4608997384375,144.19776540175084,82.10302895027998,-1.2263776287748005,1.163692667966627,0.6358903997329355,202.8376322103144,122.14715583339796,173.92889686617238,0.31547906362056594,2.230098464580804,43.10404423885641,34.90018718781564,55.70578181808824,-68.25451866484599,851517.0380707128,956237.024210733,0.9851003484267981,0.46881393758220563,0.004834811925273927,HOLD,SPY,2023-01-02 03:10:00
173.74988081888807,136.38700892576796,167.5133269332898,171.80905429083305,141.69769092296275,88.49822297030482,-1.5392255260545695,0.8713327975377739,-0.2668405418206366,129.872272868679,141.82730087409703,86.10695212399516,0.643999559376318,4.410250086432585,40.01883551813428,70.23780980472588,-46.96670170774075,-22.435142295483416,501090.5170128168,274011.65119980695,0.9371993327829179,0.6075004436176387,0.0024871274423453387,HOLD,AAPL,2023-01-02 03:15:00
168.72359451156464,168.86613272697332,187.48589957521773,196.54524005078693,150.6953194539667,71.9561866146056,-2.052279155182717,-2.590298541569415,-0.5387596254909608,141.38134899120166,164.55294688367317,108.44967791988532,0.3221563090774255,0.3950177788541423,61.52761638890395,67.12801894515749,36.960623755794174,-11.532208765420958,2087624.2599451635,1609807.4691313142,1.0452710588903535,0.9067963157750422,0.0017495639153806172,HOLD,SPY,2023-01-02 03:20:00
168.8503652779284,173.4730633222943,134.95512432645916,155.5561400094884,145.25235214029303,69.53459905069576,1.471104270960445,-0.47382150727407024,-0.9067389633036362,210.1791581143109,127.00556829366103,211.38844968867238,0.10483217887168243,3.963966603563579,88.14541474376931,29.70044896783392,-52.749646382323355,-88.30525825425075,1037837.2628113235,669487.8458718386,0.9433600431432553,0.5082745740191192,0.0897091063714989,HOLD,MSFT,2023-01-02 03:25:00
149.63259681459257,139.18099157007453,162.03405816438263,194.1823061514888,142.5441102931946,67.91911245385084,-2.496712955423378,-0.213820856792112,0.3746839514291556,155.80563370898847,135.66937891841934,134.8137384733829,0.07991437329652776,0.10545998337428314,64.59934751889803,55.699218181582374,-47.4112231277061,-58.74131216182473,1041995.9818346332,-585261.3890193611,0.9863716464586623,0.9694748013277119,0.0018173822021351825,SELL,SPY,2023-01-02 03:30:00
123.08236885542506,145.85202244425798,116.15769296650353,108.53840251271703,183.30194321448658,40.4100171240165,-1.5950131609580165,0.17712164984818454,-0.41676327722166,184.0444290357742,111.21052055506337,163.59231680257182,0.7199365144887587,2.198506536646749,42.66250177502463,92.01417534994373,3.5410477740715636,-82.51590395887632,1550664.6392421466,198090.1916245376,1.0504709286704812,0.6257629932380951,0.011365510060637709,HOLD,SPY,2023-01-02 03:35:00
152.2741367458118,102.46378759957571,163.86833245169524,137.8155691258271,153.5040696186861,68.40646525261013,0.20230858939912794,-0.04727258877070837,0.16784783607778286,150.56886819201745,163.67296184338278,160.10389356835327,0.3882338210135125,3.131214532505808,77.1096581027494,53.204796102596966,-30.27962320423989,-94.69068268111053,408949.1721218472,-322593.2529314706,0.9033006174062774,1.070786012901734,0.014310808171336132,BUY,AMZN,2023-01-02 03:40:00
129.68514865463666,137.28912397580172,149.98559964966918,142.76559625106876,170.37445293301414,34.04078858051926,2.9177665746325068,0.22165042419971134,0.9277678910381758,96.90425294936487,143.96383043205276,86.15810101954473,0.469941101567859,1.1767316887619506,25.754116425831675,31.552646692026308,68.48740999746163,-15.620276330624087,3174188.1509203264,-773351.1990884554,0.9322255271472947,0.3041116595373164,0.06680728047171627,HOLD,SPY,2023-01-02 03:45:00
179.25359200253254,174.71149490559358,156.82595705400539,148.33409832087935,179.94141575831992,44.605967288836844,0.26579997305084524,-1.4027174975830028,-0.441708370811123,241.80941310769606,129.36489726126774,129.53859081558628,0.5563799920888828,0.4556306310952362,26.4272416533079,52.971483422967104,0.4396542736416547,-72.74051384631987,250157.0159383525,-683768.043850902,0.9739910950105043,0.18776687866980799,0.04434636617166698,HOLD,AMZN,2023-01-02 03:50:00
145.58827855493584,165.256150483197,128.86069819911512,154.6910204240063,160.645573869642,67.28281858506236,1.1763464938905648,-0.48769499749864387,0.6450997762008317,152.4129398817872,132.29174450123253,171.79984506357303,0.842689442748128,5.173333945275235,18.621899175492228,92.37897945695136,70.33224175507732,-19.548014469312506,2053227.3308262287,627603.3461142809,0.997154760840603,0.013675359546447871,0.005427744981342503,SELL,QQQ,2023-01-02 03:55:00
125.23508409622465,163.01997164143629,103.47291461082068,174.10915063655017,119.89186022275284,44.7372535960701,0.204417999482616,-0.3986810053497392,1.2223292055524015,165.46411405824114,139.77445298566562,121.86610126933716,0.6108010242036566,0.04034188218122198,37.1074116264,28.509922737615756,33.68236193110784,-20.443730174605044,2417334.004871347,-1380352.9876060945,1.027758361238116,0.9212533717772099,0.001770093884105916,HOLD,AMZN,2023-01-02 04:00:00
140.3584247504102,149.4932106154288,157.58130161873763,137.76618117854431,108.41402333107884,50.645594916909594,1.812873735864102,1.7399433111615894,0.3951806195733558,134.3615298065754,148.35467330747264,138.65709437445517,0.471534126833187,1.6196821506242365,27.4380162178202,72.29187684724388,-45.57320931372016,-35.57035953152052,39822.88636214304,274920.4256804873,1.0056865917955304,3.9518665970264615,0.011522474064256712,BUY,QQQ,2023-01-02 04:05:00
162.38794362826874,148.2118947588453,93.41492118801364,156.4489179825,153.46341904421917,38.73714777971276,3.875125440781808,-1.046248785625292,0.6995666148515437,187.30460683697277,123.68187217180956,113.87731452475572,0.5620512933233539,0.9331371793665597,95.79675069628026,43.048638356184924,11.140160528519996,-83.18953552466367,999189.0435674964,-513339.684410538,1.0225267929178166,0.5453951449100413,0.002127542814360741,BUY,AAPL,2023-01-02 04:10:00
133.08826341588076,128.19036581579658,137.06623769393664,150.55606750963034,143.86231085525196,71.68376627208828,-0.8754511507736967,-0.366729405896954,0.40263949781801217,184.7305208064763,125.64773351021435,124.78437719117942,0.21388020128061305,1.2362916555373111,16.056566044196227,72.0921672833747,-41.66268434287312,-69.51365653651497,1383980.4003928225,-1003195.2468705993,1.017784168155705,0.23905464173762636,0.04097522067830145,SELL,MSFT,2023-01-02 04:15:00
125.33338813300706,168.96485260607605,168.52954666049925,122.3715230754832,151.62174286760364,55.904571669543266,0.028081636015681234,-0.5340021205918708,0.016262034689114302,105.49608645860138,133.4167886849339,134.1978242735427,0.7731810631304122,1.5381785251474143,20.823067528646742,34.73946503596539,57.70795742336185,-13.300907036670633,3075433.80631996,-90017.01485720859,1.027044346500196,0.013195611305176382,0.02433271486525536,HOLD,AAPL,2023-01-02 04:20:00
157.31061634475736,160.6291883316817,149.7974433968259,148.36266594939406,148.51837882254242,73.85247939398633,0.34705605226899144,2.381063500419999,0.8371383377181194,165.98848555567062,143.77549715810775,94.22510888426544,0.3184433516840422,1.530354844377044,27.801547603163,18.084855682570502,72.8687306357948,-35.36620871135835,289522.2968106069,144734.8050215967,0.9316538699413961,0.7190476061024699,0.05757195166487634,SELL,AAPL,2023-01-02 04:25:00
157.3489971332617,162.760565439784,193.7085661197453,147.40289504329223,226.50720980499702,22.4853154789513,1.0596201313672777,0.9977484659135675,1.6092141446339994,190.69853508840853,180.14835346821903,185.14677031410682,0.12382567262268614,0.45536684127882854,85.32234568589587,13.896855080057291,-86.42713479303114,-72.22893246271525,825194.3620215914,2039856.448330525,0.9739859531140951,4.920512062203149,0.016853931337843544,HOLD,AAPL,2023-01-02 04:30:00
134.79170473886612,132.2189547199726,170.62772881454433,146.71742191990253,109.09321233075985,33.36762863684238,0.264829953107269,-1.4005465366973957,0.854991407222731,202.01529033355612,119.93156579482864,108.34226307671187,0.7124568435002494,2.277008949313921,18.400139840174663,52.240366638145154,28.30781531686948,-41.21811991317706,1483322.874613538,-1029046.29046328,0.9922876184854209,4.121223788076705,0.009064501820013513,BUY,QQQ,2023-01-02 04:35:00
135.86885083145032,83.39971240386267,128.6525402918606,153.01630261060643,89.30161190536626,64.19523068909126,-1.0874822207318497,0.5961699863291438,-0.19361945169410327,182.6257142033235,98.67557765121869,144.8272031448616,0.9650469845865541,0.038667988275685225,58.29306624719413,69.92300232505922,60.54895442768977,-67.16064517287778,160586.11556049937,307202.64391711686,1.0088083258755474,0.10686479464994088,0.013888864133995567,SELL,SPY,2023-01-02 04:40:00
156.9614981207291,180.91458135261087,145.68283449628598,154.42155329962836,158.97130500558828,78.05750604968439,-0.014191719145180588,-1.517431247869597,-0.1674626849310439,185.7018113893002,174.9980531755235,127.65368268787815,0.5561465935109483,0.04282339450458495,23.73767342476484,25.076903026329518,44.66104482952788,-39.71754925011712,1917201.1319480927,463572.5407581093,0.9848720689922131,1.69503404715975,0.003505578634444763,HOLD,AMZN,2023-01-02 04:45:00
106.55746975508028,133.6348763197479,143.8157324363891,138.16655426856542,137.70732336235415,41.12000544608317,4.863344685062845,0.3908598090457288,-0.13005613643714392,141.09672028113127,118.05217290974343,182.30559596850674,0.09784476758341801,1.3020434623211408,27.224400064795496,74.1677969438142,-5.1525278421529155,-41.90829089585848,516907.4664334559,-96636.5791794003,0.9874015319414363,0.1903382753030508,0.012437500476576846,SELL,AAPL,2023-01-02 04:50:00
107.77608676870334,122.11672707870638,105.44558091634681,192.72687148708047,158.48203609189855,83.14454679612902,0.627767544247948,2.0490447409169823,0.9474275723138456,116.98364543203121,176.68862819198014,113.0285398955193,0.5273051502716103,1.5613481310722699,67.35329653859682,39.62575629740076,137.2441881718189,-29.973166825551147,1020959.3909947017,1439389.6310735242,0.9749037759494416,1.657323919509559,0.13302699533558351,HOLD,AAPL,2023-01-02 04:55:00
128.4466733624269,168.8043673574198,121.49002708789116,114.57661986550346,166.51649066852002,23.716783023797305,-3.8215408713442796,-2.9344797316118445,-0.5262396743670369,149.11941647930658,171.08954301336976,126.53810156281007,0.6096159847265807,0.6428623934219753,43.31969040734667,39.748686264354035,11.804040861699244,-11.058951643827251,42947.27107424695,253419.88481895233,0.9983709086213401,1.9210664183284931,0.023456341561716845,HOLD,SPY,2023-01-02 05:00:00
143.5965854486446,136.23962080242612,130.9809773255035,128.9289565289633,187.52314085536693,48.90465606068983,-0.7897879587875238,-1.5123205523724672,-1.024371863687437,116.18821146851268,153.60751537077132,109.88604147961553,0.4176910843866169,1.6044761068324136,83.90281196043128,22.977947935458,-74.15643590157363,-44.10978945100017,252232.7424818564,878613.6489485955,1.1134209815674367,0.007764293313167913,0.0012877104894969274,BUY,AAPL,2023-01-02 05:05:00
159.32722696794013,179.79809152139865,94.09448742860158,240.9588359751538,103.78322538848185,76.55088275225086,0.026790259441343344,0.23376452334156173,0.4689233958878529,134.1339119898222,170.38731671217715,77.75703655054566,0.7496273759647393,1.4517921714472557,25.88996257984131,29.19554648102433,34.651379070493846,-81.98820154401238,650442.1447015514,-630159.957999816,1.003323744546983,0.27083987534223064,0.025868280785259313,SELL,QQQ,2023-01-02 05:10:00
194.26068650848657,166.51017848730092,146.18733670629106,118.78427664034464,132.2984630642851,83.06255846811902,-0.28114888245969205,-0.5940089020024814,0.021642961342174444,133.61079466145088,94.21066009020666,165.27267993172637,0.8915972230962816,0.8591689759814881,83.340701045415,84.4923681480012,54.61952307566502,-46.98235153337484,341377.6078296237,-1242346.271598904,0.9438555479219942,0.058213686469875264,0.0021218984727644457,SELL,QQQ,2023-01-02 05:15:00
175.72978869606058,168.50707969601433,138.77320388367397,108.67985040928772,161.86283776642293,51.9893215340139,-0.13687673764965372,0.32091345161846807,1.481316515058742,127.07534172017276,106.19057313127047,150.96904203112626,0.5759214469257864,2.1098108253456624,16.85905172261933,71.28539995720344,29.5645661301864,-57.21647834093471,3166360.5334088914,-189305.3186104505,1.047847086449974,0.6909688056938954,0.009907071235584661,HOLD,SPY,2023-01-02 05:20:00
145.20184410109718,107.02132866398397,103.17765246721065,175.50325584003897,172.1139078706168,12.980792481988846,0.572534030357882,-0.1249972123131127,-2.256643046318989,178.63001890448766,147.10283238375462,156.57249946089675,0.3118598739626415,6.337183865483025,24.92884349327776,82.92698463482805,10.29149100971718,-25.014130491838237,1584416.1026529616,-204216.77651777462,0.9112881441963163,0.027079558326981567,0.03085898705472798,HOLD,QQQ,2023-01-02 05:25:00
149.42951376291933,184.35831956159203,155.1053216319333,85.53216467923603,214.80348650865156,40.929910572660994,1.0172231389528434,-2.521181846328485,0.20808486425573608,124.55454578054876,130.33062006754287,174.31458742887813,0.4674645722130578,1.3498394075995945,37.08704557480076,70.06738992297207,-69.50440015040475,-59.756969430490216,2001591.4144398682,-354107.17690719257,1.0134219204978876,0.9837274171152391,0.0027413787747670353,BUY,AAPL,2023-01-02 05:30:00
119.92411906086573,155.8375159370157,162.896818617274,144.47123488088195,177.67111913341603,33.451892139863595,0.5176728121368507,0.9329714910317097,-0.4037273326619602,224.24531532496295,120.37373146271825,153.24303789375497,0.7263496180536467,3.0840329699374074,47.89565369442151,27.18455695376199,-82.64673290267679,-57.010295183165226,627954.9464888877,281754.36886090913,1.001055529641908,0.8171918110383178,0.006927234391490626,HOLD,AAPL,2023-01-02 05:35:00
149.4446059202283,136.9216858226139,150.67586197162223,220.66639760244763,147.29634212341168,53.13436865718679,1.9012490903403316,-2.002242874617477,0.810279120301311,194.62025140499009,160.19925664788647,136.67959214229336,0.37550075265788263,0.5689652285566617,31.254328649364744,82.6077259603395,-48.42917537491864,-53.956404052987615,641773.8179847292,-461100.64382047195,1.0793709314462228,0.4770575059524942,0.004344776071775362,BUY,MSFT,2023-01-02 05:40:00
141.34024083239586,152.30165402026753,136.89829561977575,102.56205049109118,122.28692741172017,53.445148182633794,-2.99069925239411,0.3082786093255707,-0.27999306880781866,201.63228070925558,146.43762529773716,157.7890849595508,0.6786565145666754,2.8705540730996955,65.13338249591628,69.53340216266247,-120.32079947354887,-23.039190298263833,1635725.4864646692,-435997.86613079754,1.0120699641391568,0.6195282820214347,0.04081916200274239,HOLD,MSFT,2023-01-02 05:45:00
159.6815568101427,94.7129430130504,159.78605379379638,88.57713645636117,132.07130441842943,39.41774571235769,-0.5053144314195094,-0.6817525512653849,-0.5760504607606075,135.8795310354027,166.23286286564587,134.80535475565074,0.019573405390079995,2.0934023110258555,72.02690263150309,50.31367300083113,76.45985167158098,-67.73146494407555,490259.7923355244,1449986.25506289,1.0747851232052754,4.614713484301489,0.0032014156565891377,BUY,SPY,2023-01-02 05:50:00
125.1830716934303,160.25958434442012,162.00550901191727,104.02620153735366,131.21891531128682,69.77926733942196,0.868534538287506,3.601605492355848,0.9358800728775721,167.01037976790516,130.70249849324136,183.37053232269656,0.34419533930206964,2.041624199032052,60.396404873710615,24.70545330452751,3.53205567841718,-61.5297223955653,655561.0778692705,-966826.0497167493,1.0009176994845783,0.18350540146855207,0.015348159422261183,HOLD,AAPL,2023-01-02 05:55:00
165.58039542723517,117.11885475453785,152.6850892429922,180.74750618710354,168.6570088554128,70.5630365970222,0.5123260393056491,-0.18133030756916124,1.278986415660654,123.49868572379997,139.5893106817256,139.1376797232326,0.4663220210795934,4.470513567165942,24.07977511369018,22.876391765309446,-16.787849862719987,-51.14511506749055,752026.5070759903,1335008.1180772367,1.0198592074549668,1.3131849979319068,0.006440361000672169,HOLD,AAPL,2023-01-02 06:00:00
195.98216739007734,107.41989142469397,124.38469373913098,187.992855039546,156.7099233675749,65.4389071074674,-1.304598808989126,0.526499387654588,-0.09768069646121723,167.60745279391898,178.49086669453095,146.42293747867416,0.3212158741136471,0.5314504753068775,46.56169518123649,48.93769487707929,-71.89735391131849,-95.66515752179299,934346.9636070097,854594.3226135046,0.9693452185620878,1.0365102431621112,0.01415538006908144,HOLD,AMZN,2023-01-02 06:05:00
146.73719554629426,102.32922441346327,151.91501913777952,135.5971584966877,109.29051287473463,58.22786257293514,-1.063789485726571,0.8309533885229101,-0.07849940549693891,98.12976973881152,107.91520057604163,169.09713233010535,0.4304171899140444,0.9191566983293186,61.820974633065454,38.8319028611765,-64.23598393536456,-63.05304551675922,1049737.8178611505,1140347.2718168776,0.9804559039636039,1.089747725399325,0.003663176077062705,HOLD,QQQ,2023-01-02 06:10:00
162.05135166296824,181.38065124969776,174.88701627063696,173.86279692803421,135.922955927287,44.74048774316365,-1.6834445359931778,0.5064322957557921,1.2705806052553272,197.18039086689538,137.8455585804115,220.08342431550935,0.539043940960649,0.1734427442959854,54.44418939247145,37.00220683243401,0.9954035919562081,-21.629355775798263,1141786.2242091226,1140144.6629081455,1.030824000847852,0.4242111151878233,0.028341378488745652,BUY,SPY,2023-01-02 06:15:00
170.70431975133337,129.12209818921633,130.08427353470674,196.48817048038367,175.32642660354261,42.58172777947933,1.9533329904532384,-0.04002170075762002,1.1588421569987246,137.42866366566247,118.13986092338808,119.33450755689962,0.2118548265025289,2.5901302798164667,17.810927921584856,65.96200899166084,-14.470114435304643,-71.36578766282794,587003.6421078284,-113260.07888355912,1.0605464896582852,0.24394639352020556,0.02060663393662619,HOLD,SPY,2023-01-02 06:20:00
137.9633858434249,194.01183129749498,197.44848347831078,209.1950852617544,159.54987064922176,40.595822929868284,-3.7042065090490444,-1.4858624823123114,1.0314256876441483,170.59956937435305,182.38718762838303,113.44928533855496,0.27255815136222966,3.7140977962876645,9.023715368693635,35.45710243311106,6.585399160825456,-64.0527046557768,349765.80294993316,-680517.0909583528,0.9120133852966114,1.0521762865270752,0.000887947612371909,SELL,QQQ,2023-01-02 06:25:00
156.7227744543125,131.92595610843105,131.8592266503654,144.11727100224485,166.0593384803831,50.12913987674879,-2.5630668949470365,-0.16771392350366046,-0.402730878913721,177.09659528611348,200.14385684155366,142.64990984525747,0.9161710787966431,1.0411914039583543,49.015609858753486,72.98317527575756,-66.43185764779845,-63.24978245891669,2527657.24004714,-310395.098582518,1.1037943268607573,2.4386872606592225,0.058963693881022204,HOLD,AMZN,2023-01-02 06:30:00
150.37777202345384,96.7792612722116,145.8101753335034,78.35290503456042,160.4876513017179,37.594797969650486,0.8372846348606122,-2.798828621967874,-0.6584686519354378,140.61125841237543,145.24673042763231,127.55311977706747,0.3602211947132285,0.8826825147328272,6.366864044877432,53.1196285301504,19.161244393974407,-59.78456212190082,1752856.2931474647,-6519.175524448909,1.0226057561879767,3.729180107174451,0.04469359166863349,HOLD,MSFT,2023-01-02 06:35:00
152.93028295646496,114.50426680154023,128.1878600998416,125.73187448289002,197.79292203826577,68.86762823975816,1.086350379532097,0.7313370077480466,1.636643724807389,132.0608674896992,152.31619923811732,170.99889198970325,0.19637819704617526,2.1497047438936567,79.63054993204898,56.24897455242159,64.02943257549293,-27.112624956800456,3443.314577333123,-1171057.1462486486,0.9830387549452008,0.6556783980194438,0.007070105369299712,HOLD,AMZN,2023-01-02 06:40:00
126.809706484336,185.07434860020817,150.5817708980065,138.34226576207175,156.0812919147311,59.07764225540431,-3.1688422563542153,4.380735606630917,0.6097107556367111,155.79272928215008,137.407177025194,155.9232592870158,0.7608360138213424,0.15720016256268876,43.258703959075696,39.16727420394364,-14.29897621517455,-71.02822776843666,719333.9218405581,408361.09720380424,1.0235391240880445,0.5544495471326845,0.0069028458435520966,BUY,MSFT,2023-01-02 06:45:00
150.7353052277683,143.3230546619,101.44445768411812,143.7139585094915,137.41931606387905,39.64338295542509,1.2528795009078781,0.2650358013452646,-0.7414781797460644,188.10379893326288,136.4414358963346,116.4164334422019,0.6069285000227497,0.6958322468214437,89.68691036763505,29.414117770139754,39.20463028349322,-19.327655231044943,321036.2510195311,-413551.39245654194,0.9725761111262052,0.4291570646051861,0.013830081736246683,BUY,MSFT,2023-01-02 06:50:00
164.9399487373635,131.55138110528196,131.34895502958196,145.988499167721,121.52734876599318,24.726346493715393,0.36100926777817355,0.5092620202305119,-0.1063579974297973,154.85550999823968,142.0888396311004,172.4838161907248,0.6991306570997745,0.9120840505267079,66.03105722563853,23.385341258538347,-8.696600237533657,-70.50739072052359,1029260.6505496698,181596.09764061897,1.037450369812501,1.6606015672199785,0.019305371025663702,HOLD,AMZN,2023-01-02 06:55:00
193.53430823385125,152.80054677558363,117.69696999128583,187.80462713378142,156.48828374629136,15.896702267245622,1.0313256098751107,-2.327861157198653,0.08497206159438697,181.1035225087186,106.2761298914342,205.43007306355665,0.59428956407715,1.4620731422010969,35.12631344969523,36.95145799192692,-19.24236626560548,-39.46767693974393,698440.8380229255,-192126.59501815896,1.0344724733988921,0.29490735582341077,0.006879008766589473,HOLD,SPY,2023-01-02 07:00:00
178.7781247825562,163.05348208502636,148.38345869730728,192.7817096540026,75.77887955674747,39.71098612490463,0.14490625962187567,-1.2239396426802887,-0.10564588080167872,187.79320387082606,156.50736119198393,126.02910827883355,0.6915853733886449,1.2947009636111482,16.094954438741198,22.230815064614557,21.451557853338578,-10.564717380540404,21393.690507219613,925251.2595891954,1.0064242763968885,0.719547383392923,0.031729352062643976,HOLD,AAPL,2023-01-02 07:05:00
214.5954737253467,181.52196447707382,169.8611843877227,146.50644307440695,143.47132994501865,39.895717010539514,0.8509427831601871,1.3422550322168514,-0.2922580255401247,153.26414913836783,115.36581639779823,159.75795612528523,0.8694449949597104,0.4681067521748959,39.95909827044229,30.455347007709282,-23.338597206929077,-32.884726608636264,1301117.2689523243,536170.4236899397,0.9545864181154434,0.4232030803259473,0.0016349479531721541,SELL,SPY,2023-01-02 07:10:00
126.97957311335851,191.45497689678777,161.15015467786378,187.1515160336582,142.82480420235967,79.90943199392945,0.9200561702331784,-2.170919059797332,1.2306017792654174,156.0563224509487,131.1537451609556,84.15984961851677,0.5383545801207635,1.5564860544667911,47.72450419036708,95.5842185324502,-31.36765493217281,-49.23978900394149,322117.2408456661,-613307.1367967313,1.001283901174809,2.0850639427732296,0.010144509712629672,HOLD,AAPL,2023-01-02 07:15:00
176.16961910162036,137.20694062632742,85.70851597852769,163.44516373219486,108.06587439148157,30.379299419816984,0.9438208303482861,-1.0919717376689184,0.5284041345903148,164.8582582558559,140.8295260302599,138.95677004817895,0.7642009183991982,5.2038346215478,39.362627944539675,75.28204058164837,54.09045510141232,-59.2338866776985,301424.7643243773,86040.7262625866,1.0096446165899964,0.3322250929769493,0.01623001833764328,HOLD,SPY,2023-01-02 07:20:00
155.50026017215055,108.21856941753884,196.051741323197,154.06419113160229,121.15202484032012,34.39380167321775,0.4881314209862738,0.8518055435063111,2.253311936862172,199.98416189539134,120.9462723123301,159.28989179896746,0.876719165284273,0.05492306012237374,82.93978151376724,35.6794156656469,-90.91780740945653,-49.866213862278066,32446.86964314019,-2172126.154071312,1.044927229307572,1.1599170225189943,0.03215698160846231,HOLD,AMZN,2023-01-02 07:25:00
215.69408799653016,135.5960451663017,152.3819985155217,181.00941302751883,173.28972590444724,11.342883417447274,-0.17112368346771709,1.2136714994325892,1.285383856524289,147.9851441996411,154.94418245656237,145.75925468652147,0.6777665948075103,2.2807855623308453,69.64572328659806,37.287169944749316,4.506852292345279,-14.736799292928099,1762217.165670162,-445651.30185125105,0.9720926852268592,0.888550324776731,0.041085972820390206,SELL,AMZN,2023-01-02 07:30:00
125.75105143934546,155.8084151974866,125.58752148767499,154.3120655436133,155.92135247224888,59.45531386201321,-0.15928395641157048,-0.1635962937568758,0.13631158716211073,199.82126840400795,128.11438850529984,153.37761779721183,0.1827591857736968,1.9601072531743515,63.90835787460132,75.42606454114508,-52.875819115856515,-55.31898169934236,864741.3080071775,271538.96203807916,0.9824552123875763,0.3980493065904226,0.005605048926582725,HOLD,AMZN,2023-01-02 07:35:00
124.80834473457672,119.08723221368167,148.92819797477352,217.8499576671284,152.05365001121982,33.612423041766014,0.4603324071587863,0.18404710311728717,1.417107090895097,168.92946081747905,166.63909459828275,126.65854102388303,0.7022707155694342,5.165311206357122,53.92585492471665,86.08756583524313,90.32518825447251,-35.849213242830714,663283.0209652662,-960131.0377492401,1.064075285691328,0.29407803643141484,0.00551676266677768,HOLD,AAPL,2023-01-02 07:40:00
132.01822063667933,119.28547255314871,149.4047455625673,105.97084266257411,158.19042601796068,59.16689565416069,1.6508282364974733,0.18055464941522795,0.3528265977941008,134.21861732723687,118.21976591723454,187.8005321826411,0.386907966396271,2.0732192499917685,46.21695209901253,28.903928959213086,45.34679863463384,-57.54316668554728,1126434.1752858532,762552.5568389595,1.085089518326998,1.628561100566036,0.009185688158284175,HOLD,SPY,2023-01-02 07:45:00
86.28312827070579,158.31363644649656,128.3287820762109,135.51453122905542,151.7788276384677,49.13619652682246,3.9294820032985456,-1.85005422256519,2.4182918205309725,158.53021520699897,135.82785232875796,137.68029891784607,0.5804634081732885,1.9608198151308704,58.87268819618108,75.16393360277004,63.93952390502673,-46.238346720388684,423685.2207373134,-1297416.0958851178,1.0024216956709846,0.7143726165907479,0.011156792478450332,HOLD,MSFT,2023-01-02 07:50:00
134.22734934957717,146.54042945288646,149.94791668355188,147.9513952974736,186.28587688574945,65.94613987267316,1.056936609939088,-0.11000100333359997,-0.31494351049356656,120.77780876787071,113.2030252292657,113.11617645831221,0.5569125172969187,2.9376627414775522,85.68299401956764,13.97068706522559,9.849756739080796,-64.81732896394857,842748.674611752,306819.7382008863,1.0617835382910628,0.9453673443254971,0.037730621123797214,HOLD,SPY,2023-01-02 07:55:00
127.22602015338906,148.9839098623476,129.8131928094923,166.0624860946557,152.70287545110946,75.20020505994268,0.7548151677798753,0.3628406919576117,0.4530449171210191,112.88974549353286,164.56196066930036,148.8359148523545,0.3479855177684966,0.6234194058239779,44.78853510690213,29.673998063118223,31.582913002352754,-51.339894738544245,286713.75217223103,-153448.13078741432,0.9998676999878855,3.272481168771796,0.00015199907724388156,BUY,SPY,2023-01-02 08:00:00
154.51181359428622,125.24513995899791,134.89095018274944,192.57473558729885,105.25360658543748,36.35643079044699,2.430859627372112,-0.13260761135723045,-0.6007041353006921,181.23972369939207,132.2271195158436,177.68715627058197,0.569472260198722,1.8113558075377463,70.86916761199848,28.751585103604615,10.533087462049414,-35.04455117744974,65024.125809497455,1091364.5524384507,0.9415950586891192,0.5075251003518372,0.023101117647637916,BUY,QQQ,2023-01-02 08:05:00
160.25267927331478,141.08797857382697,127.84302160612289,151.219245848443,197.90389894623232,59.224115192335056,0.7929194260818814,-2.8883430266553045,-0.38106275316101756,187.92191224566702,126.07190005800344,166.6342877945097,0.6190825776045454,1.465527759155842,60.87147820099846,86.42418006165347,-28.15919708706911,-56.540977162474825,824038.2949176249,-556971.9209488241,0.9686128705078241,1.6835095680840813,0.0049707347151051575,HOLD,SPY,2023-01-02 08:10:00
206.28512517647658,120.27300567195087,109.18321775650868,106.48865121580138,160.11020801986538,42.178490645793666,-2.1206195676031228,2.303469052531308,-0.3413943742470701,158.8441688768078,135.2511419010791,134.46803373633372,0.3289793417769692,1.154189083794438,49.47445867277169,55.782379370520516,88.55658997474995,-79.02265669989431,249990.37350637786,-178913.29036325874,0.965072544021789,1.0182206908633047,0.04280966776975637,SELL,MSFT,2023-01-02 08:15:00
178.5127151455815,174.7059523337436,148.6459117553846,178.96044468656015,131.32238807614797,82.30880051639637,-1.4666613868557694,-1.6400590295206636,1.236236706108769,161.66884785851596,137.2620391008091,203.19480298761556,0.48085385378244916,0.1656486749426357,39.17343869370251,71.99549532311876,35.17426059875653,-40.47940870230067,1386463.0992568943,1329025.8544791718,0.9812078504597778,0.9002567787735428,0.007635388797779133,HOLD,SPY,2023-01-02 08:20:00
132.6928903301279,179.05748004171258,159.63248591290846,176.15868051654286,111.39794845114945,63.886822482560035,3.657839350413049,0.10819238771367126,0.20803199688177393,139.8132716443281,150.13286590511245,147.75787602430964,0.7177335920824416,0.6923995950392153,68.40096400101004,83.2325871947452,-41.20722849440467,-65.86628319643849,601193.8272480721,1342675.8814991885,0.9823549117474604,0.056106358757144446,0.01542459845122054,HOLD,QQQ,2023-01-02 08:25:00
123.04755985954927,92.61436413285719,157.8720899019093,89.860522899859,160.87742662874138,30.284791656171873,-1.4268668022230546,0.48268608365501187,-2.458955619725699,165.94577987970487,153.47800430177247,98.6295948019863,0.4531677042640233,0.6569573401173293,38.21070097165492,35.86444942905692,-78.2828447850676,-18.367651423778877,288213.5197078313,-1903279.3339403525,1.106148802524808,2.434493548545313,0.00798077926041284,HOLD,QQQ,2023-01-02 08:30:00
164.75757514519518,120.1146741942277,165.49813131588084,151.87826772253442,145.48483985076874,52.30225249098256,1.140294649293923,-0.6822323258297647,0.09365887721495852,229.35175698025594,136.21039780589268,167.83147112321674,0.8789664143859955,2.5765281839683993,34.70754130548065,64.49834229375485,-50.836942630502826,-17.196471493977135,937376.1448391124,-1476992.2964705434,0.9648177513380283,0.25954801363132296,0.011077492335047569,SELL,MSFT,2023-01-02 08:35:00
110.39300378938073,103.10412234729763,153.1085052503717,101.11546141823047,196.22440358097225,43.037227923621785,-1.9774122311481,0.36676318358273924,-0.973884186117414,195.33938520887259,139.022399095194,145.88017118554893,0.9807151540883782,5.067928306681801,28.60799496866261,46.020094522963014,2.813597091122255,-98.9203125367051,124000.71217402328,1402768.0910015823,0.949449860460944,0.6409118303923161,0.014772555834533298,SELL,SPY,2023-01-02 08:40:00
204.94376297563062,128.49928196779305,131.6818625445774,130.731164879934,138.62278157999518,87.69116226107143,2.568587486120589,-1.1629041929630448,-0.44066917327288757,157.3379934875597,62.32684952002033,147.7785697744241,0.6877328195487868,0.524775308961877,68.700527129247,56.61703679920955,-32.577329301427085,-38.2005538534875,1433066.8607626557,1165674.666811214,1.0603381302332384,1.3943802121433748,0.02752984065554787,BUY,AMZN,2023-01-02 08:45:00
185.38320362163861,145.49686090628919,165.9915966107797,123.11011433719041,123.878576309526,19.83877904626358,-0.9203399370858485,3.2206477058145833,1.150624009712789,154.2883725833678,128.6998081735489,176.6644744703284,0.07280878928200059,0.1551101430797793,39.55451345085539,11.934191262506811,46.67702489255021,-78.06839330560855,601804.7825341743,811643.5568638953,0.92039281646462,0.7388213245127951,0.0025738698004234653,SELL,AMZN,2023-01-02 08:50:00
135.92473043685885,104.51064340904409,111.06206150395163,177.89647034374354,175.87388654707786,61.49453247271776,0.16555907332324088,-0.3907616299224592,-1.3434584479408478,146.82631483299747,175.76713291298125,142.1692735879967,0.5356268500503599,20.106499627090674,67.9659028020422,75.93708262887814,13.947723246087653,-87.05818978878216,1674753.4196174413,-105987.82431616572,1.0136754641324202,0.004345725531924741,0.008684297903128165,HOLD,QQQ,2023-01-02 08:55:00
98.60596412727367,120.3442056062406,122.483215437188,155.73856557350987,176.75845678150495,65.27484829335525,-0.45648189543714324,1.34851440970187,-1.2281537044314965,110.61264254558496,151.2173800054639,141.29473381806278,0.4316645484024999,2.3501574435545898,24.790377952772687,40.749249169137876,-12.46739055750041,-32.4319083295606,148611.81276031694,-23446.69192490234,0.9988687716672506,2.976674505034786,0.02041287182085257,HOLD,MSFT,2023-01-02 09:00:00
190.6161712249624,117.88127883755506,120.89499821441888,110.86108797580712,154.05954102830586,74.41810458520206,1.0097332645905601,-1.6389427416420124,-1.6604713298033742,143.0980503470063,113.17161433317183,112.39426353689933,0.7151944425898322,4.3513912406616315,64.93153123995884,46.822457233486695,0.0719774202142145,-71.74757241159568,482144.67706172285,-1466142.8188093505,0.9820007679625203,0.02069783888195893,0.01777351333756088,HOLD,AMZN,2023-01-02 09:05:00
146.56380464242147,154.21801988196833,172.00140147848276,180.16211081463496,169.29071143024726,9.839558899789653,0.34309010112664123,1.0819168678115882,-0.38742260011959745,183.59811273762105,130.3120554272862,134.11672668938712,0.46084838873401085,0.3106880868871012,65.39456931600527,44.186043992436694,-6.158122970832274,-29.406736614653507,198487.14195252513,-433488.7878473689,0.9579348725486284,0.09421447094077459,0.030358193931045396,HOLD,QQQ,2023-01-02 09:10:00
187.13448935920385,150.0803301110875,168.5697128535019,106.11821363429074,147.86938637773287,74.5801991355549,1.8199282748225918,-1.075809545702187,-1.689606820338274,127.37936077837408,125.08250060402139,157.349307049351,0.7418292673574751,3.2265710210847116,59.57834457771104,29.67816599530399,-11.690520887822773,-59.74640617896233,63148.09550201229,894210.3440805413,0.946657091885175,0.25377365503795,0.04397789980822107,HOLD,QQQ,2023-01-02 09:15:00
102.16717023616899,126.3478733998824,157.18263092612486,162.5636412950702,156.01595303027742,54.312871343702355,1.3105337777057335,-2.0897191260701655,-1.6057171781206176,150.1979937585437,166.75272107474683,132.3634204971927,0.7221294535035694,3.3567588489238736,33.606818708978906,84.57568401984045,19.267430307893395,-69.84904875632556,3108848.068170287,-113927.96958075286,1.0306398352616897,0.9136944536684513,0.001975943064434977,BUY,SPY,2023-01-02 09:20:00
132.0187493113868,153.30462616418194,171.79824663029493,125.9516585826702,183.9497264769177,22.81600676719372,0.5636630031330145,-1.597625073974907,-0.22979917405279157,120.86366002255001,164.21541275157924,99.91875173236994,0.23916357044669462,0.32854428623002796,79.27260122535279,53.70650068296805,-25.692129003317365,-76.05825599042643,1296996.9598702479,923324.7302593869,1.0555665783517183,3.54520644421394,0.025024199272363063,BUY,MSFT,2023-01-02 09:25:00
150.1573109915455,131.59959746238204,123.0179304397003,140.29833335902336,167.7595500206451,31.557870214315066,1.3027734243736762,-1.2718654690633362,0.31371057996141216,187.4905620519311,120.47480984809947,169.5447344796297,0.44774268614488716,0.3520528577361531,34.350202376280734,36.33069422373141,-58.37456021302307,-55.22915499872513,393939.69778216997,1052966.149429893,0.9673633546263323,2.559525636014369,0.0066816739829476356,HOLD,AMZN,2023-01-02 09:30:00
151.40941781294225,139.8503466902184,153.7148779965245,168.1366639372283,143.92176685002127,57.08025853205676,1.4007389392953673,0.16717979582290848,-0.9111255231923774,115.43689301516304,140.24690156600053,170.77437705451075,0.7191563662986271,0.7003954078794792,36.09072065062256,48.13659337618239,37.39324037548924,-11.775207814578694,282562.3606852184,958733.4395047023,0.9910701824558924,1.0536475543228145,0.013131941143272785,HOLD,SPY,2023-01-02 09:35:00
136.4980358556227,198.2035627089561,141.87063929042088,168.68638076990493,189.57087637778451,53.660838157833155,-0.7949183395692706,4.313684826141993,0.36110535823643214,180.74372675416427,111.65557858685459,171.00018929616056,0.37185331232407826,0.4887023217429272,81.09816529273088,44.779746494468064,-39.783173420465026,-51.085758428137574,228560.59333010117,451373.94578330225,0.9433560276271679,1.3535876685448847,0.019765068752172148,BUY,AAPL,2023-01-02 09:40:00
168.68549797042496,188.21383155371043,166.17205259712284,194.78301035379073,78.05433881625461,51.760813833388276,-0.9474182762692225,4.103513557407961,0.11067160963075891,196.00242135255783,124.33461727317643,122.2337295485029,0.8322122267815547,7.410823367408501,51.1075050027435,56.04056674234289,62.01941239584799,-77.92210808850578,43962.81020782175,-269463.3838180157,1.0043035697241796,1.2443867210292245,0.003264741864436095,SELL,MSFT,2023-01-02 09:45:00
117.97138711852217,109.01256289217207,142.11939418619505,149.3678816105135,210.56219934265806,67.87852567189209,3.1041900153441064,-0.4827782068660505,0.5401520723509761,148.68184539334348,125.25611300505462,149.38076359811367,0.4171865483552229,0.9017949080836035,23.898167776951386,43.088108434167985,-8.243823087880944,-34.70498661688381,108330.87817335835,237324.34647735374,0.9710087774902831,1.1613838869713744,0.008510997692500855,HOLD,QQQ,2023-01-02 09:50:00
145.7286154493612,172.89197253637525,135.37642778974796,161.8064276148269,97.82122715327795,62.52029051106939,1.4125662862874964,1.4391293800995388,-1.0406614386642201,135.95768045892257,122.44344355480895,157.18936724668978,0.3799879056395743,2.8651492143859105,22.907415343557073,32.37236146160124,-22.33403962863548,-41.02295547094204,108595.93004570302,-989095.1730146481,1.0103204096835796,1.6734148284162844,0.07466279224270177,HOLD,SPY,2023-01-02 09:55:00
153.60886895135695,172.34189663474777,158.52271296402475,137.9924056830616,130.1872152568311,82.08019860488268,0.8087990418563261,-1.8806656082723143,1.9839537876147846,176.62912836684418,149.1551134559243,167.83778524854267,0.46479416985939476,3.2700325700855517,49.52104738540986,47.15013667558762,-46.72743313854173,-10.984081895598047,1097407.952764697,-1626547.6474485325,0.9944989910072368,0.4153482370788261,0.0029305276466417536,HOLD,AMZN,2023-01-02 10:00:00
165.43316502176248,113.55210133742145,166.90422917978083,157.82367624392953,147.77247394414792,49.152382947247254,-1.6033580733355683,-3.156093506415722,-1.1393479741684913,216.08488009692417,173.72861185619047,168.50782532060475,0.5267332124804556,0.9753281609534951,18.189500733529595,54.85078813979506,-15.460559562356357,-24.440948645768145,903146.5576773823,200468.99987313832,0.9371338369975689,0.24990005409475496,0.0017402155701607763,HOLD,QQQ,2023-01-02 10:05:00
171.34844634266668,172.5633293126458,128.29137012882995,166.06355353627237,144.60557987815517,77.90298619730932,-3.5764949717684376,0.04587794430412667,-0.6254094347326481,206.9587146367496,138.49316820555143,107.61569460173436,0.6160139895737233,2.2950939185348993,72.7752786248468,72.0038011324577,17.495233357255323,-68.27866946256468,839777.4537087346,-594635.6054293159,1.0053788472996772,0.42716865476602234,0.0362553673477347,SELL,QQQ,2023-01-02 10:10:00
116.26073724486393,194.13795755237658,143.4731082161906,148.85408488145995,179.19233120079664,27.590137649208714,-0.585337224821618,0.819434575363473,0.5149744922304267,157.41838455546647,113.62635891073457,201.66429677568573,0.7192871090180915,0.22813022841485636,63.489220698169014,45.647978668281034,-39.48036158719731,-92.17460258221767,1326001.1244866864,-686901.3630893984,0.9968622312711313,0.049824673401215984,0.011264680098902283,SELL,AMZN,2023-01-02 10:15:00
103.97657487793133,114.32365581266758,118.53898415895868,94.27998450904012,117.26490144169297,29.5452656699828,-0.9053182331956575,1.1748842760681122,0.11780806738790763,129.0886100681447,145.20266864762775,113.74576514245138,0.5598760232972367,1.011550302738727,38.44340680825192,77.29474028552423,36.819716744981136,-49.42058059339003,289246.30318841286,-162529.23035784834,0.9694751022983379,3.4123519209860516,0.02246578059437106,HOLD,AAPL,2023-01-02 10:20:00
188.33030465695526,120.47491536957209,82.54847456267652,162.60706868258865,156.8230045244919,33.052974273727585,-0.6206509146572534,1.619547275214835,0.8469188921878276,151.87676358420606,145.23684744607567,101.06508032763413,0.7697752658941054,6.841412502026722,27.94627815371974,57.17881063275422,-55.34985613512096,-87.28445344284455,419272.5065974955,878689.5625212472,1.0422350025236156,1.345170971348925,0.007298014308572818,BUY,MSFT,2023-01-02 10:25:00
159.96942035938775,178.52984400530508,150.01149078534323,163.6659672753746,131.65363705340738,78.49862272066095,1.705712878803529,-0.4956681968995935,-0.30991401524691997,100.85318990666603,135.2813041871657,61.98796521076437,0.20276572715605892,0.3691216936596036,25.623910413033734,54.30710449844154,45.7466457601561,-34.735325237855015,135478.06059618364,1168492.987990386,0.9948062771730692,0.24007801934973583,0.004423728118422633,SELL,MSFT,2023-01-02 10:30:00
127.5454039033034,156.14485932476944,160.2226339063658,130.23444875686556,157.8542293801225,25.180301614866295,3.0548184175287054,0.10806215397919511,-1.2267989859396826,140.55032063255936,186.47787011602912,170.955933632326,0.41241054249036513,0.9745805471092913,61.45523213157576,47.47051048946357,5.503919339987378,-31.176775631616106,886030.3895165488,-932752.0230070519,1.0197922752727995,0.29543291396541166,0.004777212070769125,BUY,QQQ,2023-01-02 10:35:00
196.53455926567568,164.54428825718568,151.55167022716813,110.89961484567955,147.05683220606372,41.97052663231214,2.2189323639092935,1.231858154520582,-1.525060470683866,175.76910809928657,146.10317552215204,193.46535093543477,0.41295088187694484,3.126268434813593,20.06546418083684,61.58731538612998,-22.515745978987265,-73.85443412714949,2701654.0894617788,1963403.9969554604,1.0884506905580984,4.9074221453500675,0.004352899034420132,BUY,SPY,2023-01-02 10:40:00
153.47023902878576,158.2176764920149,96.26095705614082,199.22813281612687,151.78806958048935,3.0542248665086964,-1.21143383329719,1.7902026428208122,1.779611573735011,147.1302520587201,154.34554617230134,131.02615777723622,0.42207772039390024,2.189777986947369,59.2554001272071,43.982674098526466,19.192383015166218,-25.14450660018195,1988780.940069503,407358.6396252607,1.094475659187605,1.4614805073227521,0.005673052003768731,BUY,AAPL,2023-01-02 10:45:00
185.3789155219148,159.72087762784432,136.22876424808814,167.72625634862086,132.50225502606963,45.51987973583513,1.0763478930550192,-1.360700474643533,-0.30299237387282485,138.98428009906922,83.9447524931839,96.96040687200663,0.6908069012205309,1.9967300955951,49.68794410894406,64.79115107354382,80.14627780688144,-44.36636310432314,809678.3257863334,552302.413666291,0.9376271929214497,0.5545326275382093,0.005000544183947032,HOLD,AAPL,2023-01-02 10:50:00
152.02555444230327,108.20583615066751,89.54130599872298,144.6694070105053,133.69808149711753,42.2734166512949,-0.9746410722175838,0.31601611618819525,-0.16739528092812156,158.05789884714687,115.9277160093948,176.23614028300514,0.13357467441076076,3.8381513036757533,19.130989040005257,92.22434910997909,57.658365034419724,-75.86758680176925,1034533.1150461381,-981690.6841272308,1.0363929131205685,0.23149158940419065,0.033607694678477115,SELL,QQQ,2023-01-02 10:55:00
211.82243774645963,179.41953119864345,179.2425276913546,115.61494773928041,157.6181754208228,7.08371916368859,-3.6822234648401317,0.9743293341754229,1.8013914142752951,150.57261641643473,152.84772662535576,111.06366039835594,0.3611975652321284,0.05905092222354905,96.27798834072668,46.84469975427991,18.221347630714888,-34.69616620007411,4867701.149104623,-50064.48317752375,0.9909011183528577,0.041268099576873024,0.015241102762205508,SELL,SPY,2023-01-02 11:00:00
202.66022527329613,183.08769977283322,117.84863544704784,125.70192549051693,177.31146517268132,66.47735822679888,-0.15291910167895229,0.22132887886115254,-0.49209296363219646,186.44225991506326,147.09538588579215,168.56970987761477,0.6951986853103242,2.949502596262757,27.5357370817487,64.97753290544382,46.80244305874025,-57.724947159983145,728473.3084625643,-99135.16842310551,1.0163884839028554,1.1065818130144451,0.007033811081136067,HOLD,AMZN,2023-01-02 11:05:00
142.5310755456278,141.11827767795916,176.3850902364974,193.68289269715942,131.05161997406458,64.92235414643007,2.5214506981106126,-0.9330652116630804,0.02424177251554789,113.56353298094481,130.53765185971554,122.26547054076005,0.9062796175120719,4.283468775086027,27.90040218830861,25.724552710683835,-21.173670587404324,-34.42772798698861,2044755.8042161132,-1755925.5063806458,1.0582138066313422,1.514028563000193,0.008464112401591017,BUY,AMZN,2023-01-02 11:10:00
179.14712852863067,146.69569150558414,168.64674109210364,156.40518210777748,122.9369736628127,47.77620907974819,-0.6693899370165319,0.004639052512778035,-1.032549035304391,178.42636476151392,151.3391269754282,136.8276881541091,0.4019926861889715,0.03261342436123701,76.95044603902889,93.77858838199981,-31.493995105631477,-59.48949831072532,694462.5701118088,-38941.41634477117,1.0361077041565108,0.11400338358428336,0.06330582798851003,HOLD,QQQ,2023-01-02 11:15:00
169.36127848755442,102.06677492332832,122.48524118659846,134.3812138559774,167.4038049701551,16.284374355590007,1.6664490562899288,0.7945948560354401,-1.3123094719895705,158.3851571973346,163.18250480592837,159.57735339037558,0.6614841150492419,1.6372527919389603,47.978226458590825,18.762216495339974,35.59501007901767,-36.78538657133964,49052.0074437313,799992.7368835538,0.9942353748053141,0.002392715385750627,0.004063628029482062,HOLD,SPY,2023-01-02 11:20:00
191.05894672597046,163.42764268053506,116.68037621830636,168.310055399189,148.02488320826933,61.1812141369133,-1.3312111558182445,-1.1409777435245085,1.8897768880133123,175.19973562314226,128.1793394789177,159.79935298159683,0.15640528798551478,0.8572274186183645,31.82694364445317,20.310196877514784,11.889614786952205,-15.634671594813279,2728172.943038672,-528854.9763759645,1.0510699314691279,0.4422722151337741,0.04356388291799232,HOLD,AAPL,2023-01-02 11:25:00
121.05229618259686,165.16172325142432,153.75925540965846,125.93925800171765,173.91494401957857,56.95033199537563,1.3769969311582442,-1.7958582589494472,1.903634270566796,111.38143070283002,124.4249671026744,153.20261897148308,0.573106952859968,0.10419293645600083,59.786524006127195,56.015661095744164,-14.506244952185135,-71.42922524821014,118648.7232479072,-753074.188482406,0.9761945033464533,1.1009599182183007,0.026697119533261496,BUY,AAPL,2023-01-02 11:30:00
170.58154379995318,146.13426949002067,123.89189907042322,200.0269769689721,121.82608359886557,51.896942155900895,-0.4871990155061241,3.089314232798917,1.0210457067927523,190.90662128620468,133.60040188560873,194.10530168953548,0.5853947645655438,1.081704280396492,60.78752446650205,90.72246554716679,40.33420521967414,-51.189792840951256,1218031.1924280175,1062763.4291193862,1.0121541532346934,2.5743416482730073,0.01901000880569405,BUY,AAPL,2023-01-02 11:35:00
181.75273460548763,181.73060079611508,147.56211605395518,195.2896171166952,95.61683223729707,71.10086517993128,3.04673710625959,0.28129464045439556,0.9875130504844618,179.00641904603947,152.45342975699165,201.4298050403128,0.41050646337127467,2.065818435855311,84.63000397615384,46.46242747293277,2.1922031691338977,-42.785721039026946,271754.8560562051,197460.3475822801,1.0358501344229345,2.116408917966336,0.019568244059778632,BUY,MSFT,2023-01-02 11:40:00
97.23781540730657,137.97768307060178,132.92931022982705,137.06962972151115,133.00987754520997,35.19962014321959,-0.6266451840082629,1.4075254695364976,0.7543684220404183,218.5622628723736,125.68511908980285,203.7696675480445,0.49578419285992575,5.0269488593986456,10.443113748838186,17.069758844540814,64.21949214272635,-72.26240256600971,2313006.177276888,-65212.51062859319,1.0389860119686236,1.166441414999889,0.010996177440944568,HOLD,AAPL,2023-01-02 11:45:00
114.50224462002674,164.938177776808,100.47103963835916,131.88255209501247,126.00942172204952,44.24371652871353,-1.0847725273645892,0.3142443715924198,-0.7392974363605449,130.85420837452577,161.32295855309064,144.71796564577602,0.4994912077188646,1.9379620373926556,37.19693405340237,47.92169246558979,-105.74314650203893,-51.118408926089806,223754.78240366286,166897.8119808895,0.9152799110921764,1.6822889318546885,0.011555364642308039,HOLD,AMZN,2023-01-02 11:50:00
88.82303466719698,117.41006983923653,89.23829952188852,68.21973764184708,146.636347997591,61.4169021431873,2.9429753303470942,1.5754761090554705,0.29072874896373796,139.52583639646346,127.94968503423398,153.18241488468834,0.5697970853730611,3.8862312565204657,17.656946360845918,59.593391298494055,-25.286265036523332,-27.79472313031363,150909.38915145939,572278.5262122245,0.9594002327118153,0.4398449733642515,0.03180069048870115,HOLD,SPY,2023-01-02 11:55:00
141.91779496666328,147.29343547377286,150.66710621236493,104.58941531035623,129.8946435718883,60.95632800092305,-1.153676487339018,0.11876769446245895,-0.5037804489447905,97.55360734802625,126.01091334825787,191.34842441239743,0.8027481501352894,0.25924154199264166,51.84025511096907,40.46261062273578,46.17472025541458,-65.43379594023101,577522.842749114,871279.0626867287,0.9617586592914028,0.2811762444656287,0.03330566574587566,HOLD,AAPL,2023-01-02 12:00:00
171.52626767387886,142.7693722629149,130.96105634173438,109.13696720135181,171.23050854009347,48.39023435443822,0.42566521425069387,0.8806701729834621,-2.589752194657605,131.17405791907552,198.66123392161785,130.44859881321563,0.7490756560393598,0.4727645138962592,10.669498192780669,46.57736535184775,82.61708195867551,-51.46157430435759,686530.6487694177,1001497.4462534818,0.9888106015728587,0.1326316495281282,0.016933318920196134,SELL,QQQ,2023-01-02 12:05:00
195.07071156288083,154.75923766122824,131.1727545771467,156.32609091159637,140.3554921273245,72.87147481332372,-1.1392656070849743,-1.6642955355838773,1.1192696739847967,210.20064534032292,109.13539701592191,137.10733762642639,0.7765040642825111,7.03273599979209,42.88811609111992,70.81389520656495,66.36754904228627,-41.2473282159565,1708857.6922350156,429238.7818464553,1.0352781735588323,0.20044333962946065,0.029271515781631723,HOLD,QQQ,2023-01-02 12:10:00
152.22284341259325,136.91419213499924,162.39659597734465,141.5605214578765,153.51423496321704,15.07862715359694,1.8481934268845712,-2.6476816278288453,0.5546500584893488,170.32720023063243,159.54295096543535,150.62548800757168,0.3186006590763124,4.367839386918273,64.51983628522129,14.62507092514002,-31.647813935815734,-43.51218929719672,1437178.2926514922,1297371.7058367806,1.0117703438206391,3.2949665824456513,0.03322033623983533,BUY,AMZN,2023-01-02 12:15:00
198.85846636713876,144.05582212984996,174.33605691581113,108.94926440271227,153.7290367532283,4.097808438771463,2.5937593427219907,-0.7147167617310829,-1.317219274965142,134.57750798584505,94.83900824411197,149.42128327264032,0.9269974976158131,0.5363523195708919,38.74683735315085,22.312432889617916,63.37180618941309,-14.914192058365511,397897.03900850826,-1821579.198999725,1.0436643267336028,2.6586517403828576,0.008072667280535293,BUY,AAPL,2023-01-02 12:20:00
108.59695625355326,172.7814151432452,138.18638196595478,143.00275064113416,154.84865277236563,40.10254953596045,-1.349056155830429,-2.138690806120374,-0.360287588613359,164.65819762642474,156.45444246272788,141.4078807394937,0.7816158655770226,1.9403003256225668,47.23104875689044,58.604510130720264,-90.60718045001964,-51.801899128436446,486051.40914775524,1093720.7239251598,1.089869189289169,0.04805560355577576,0.019529239413094673,BUY,AMZN,2023-01-02 12:25:00
98.89852681934536,134.89707288285348,136.48503232725346,168.17078872471515,148.2761266863508,25.220210508361074,1.0926777111115624,-3.175472641272463,1.0521903877600354,157.84573531146876,207.2948668453623,121.95060149928963,0.5927560196780842,0.9008185446170586,48.823338504101926,11.207080133352472,-45.99837624880929,-65.17622283776305,859604.1164022031,-203200.71058307393,1.001045481928843,0.6347664296934457,0.01144672709686219,HOLD,AMZN,2023-01-02 12:30:00
148.33356903310144,99.80268697783961,157.5035758278471,168.8908591972988,164.31802071230942,62.80826854021654,1.2783139140784807,0.45262152261232524,0.13194024092515289,93.18041137096354,166.42605652990147,175.6278340207085,0.3146621725574717,1.264474878708135,22.372553417452227,31.79568987894298,-12.92067319504023,-56.06962180624272,802016.1224878866,-1154482.1560284903,1.0122620747720694,0.46733938533720126,0.0020652112414032576,BUY,AMZN,2023-01-02 12:35:00
161.52196346817922,200.48751712616263,111.07661075751062,91.2105510125158,125.13034598522577,36.33610324379135,0.25240101115459324,-2.654042102004965,-1.6987793078475364,99.51450791625153,173.4517247324137,138.37839375750735,0.2725797578814994,3.944810209255235,31.82880102038687,73.63160161433788,22.696737209834303,-76.38747098240205,1980839.3128017057,1055596.1286467959,1.0653076806061597,1.0549273802361974,0.02090895706483487,HOLD,MSFT,2023-01-02 12:40:00
149.0191575571772,189.44362236071458,150.57882636869243,147.8955686245174,190.9825377996165,53.130509316326766,3.051182305578034,1.4242434829211001,-1.2131878367886395,198.7371118841093,137.59794033853282,154.6906656995075,0.5253840164349578,2.66143633989601,10.139921598099571,52.050911185349726,-49.06110467447058,-42.12161695166029,639556.7325080443,48544.98747744674,0.9508045288247331,0.3980898896854311,0.017709607320744516,HOLD,AAPL,2023-01-02 12:45:00
87.9767369988037,109.23211914683144,158.79714929555385,107.73309513690847,141.90387849894395,37.11735403364898,3.036052583140934,2.1617783502088805,1.8572841881277753,185.78137674724096,163.55671096686277,149.78923741311644,0.3005710016176575,0.5447793633561087,53.97799342903314,22.790538355790584,-6.904173582534806,-91.96745667745321,2239694.873919206,938177.4186188672,1.0237264872517573,0.3293510508644379,0.0021650205878847675,BUY,QQQ,2023-01-02 12:50:00
147.32639881461634,168.69123415735584,162.00575521044073,180.85531830848876,109.65352586303955,70.73991193128836,-1.7052898192713033,-2.1644845931436842,0.06586025649579998,108.04145257405479,146.21644806905206,170.26208315724705,0.5259151419323597,0.7595744733973618,57.8451397921737,68.10793151480739,68.13387078960864,-55.304442976008836,229503.32684936406,-241022.61761122933,1.0010769183454995,1.656376171645135,0.0014689023671390475,HOLD,MSFT,2023-01-02 12:55:00
110.8659149848544,132.9107568834597,96.58118243743837,177.09268532331197,154.64220070975318,38.81193058754438,2.4173162167528686,0.4329984248189402,1.0585165903487896,155.55966269867398,190.64909006372673,163.68737616696401,0.38899666282528056,0.6841651780080302,25.36611774663634,17.72623679843781,-58.748106340685645,-45.58459250936126,2022122.1737663678,367453.7840237892,0.9265908899340403,2.939643763029715,0.005743892896107596,BUY,AMZN,2023-01-02 13:00:00
170.09017646490116,155.9046164599318,125.96611825477649,123.26312875761732,123.46458552657545,47.37579626707401,1.0132313198462022,2.786901218042165,1.8383385026292238,134.95033085474742,112.33411718630383,142.34142181027906,0.22037207118207774,3.034289817104661,51.331888316972716,19.37263634348439,-62.66828381219827,-63.59497421791717,362826.11759959924,-150791.99712900724,1.0487222320977798,0.22664432974439816,0.03584504379812624,HOLD,QQQ,2023-01-02 13:05:00
160.99794738290544,156.8267238704048,123.04341867941334,127.48655352318721,168.96003603526626,77.66774839404191,0.4880152592990389,-0.7079691566960586,-0.4588556081882441,198.10932178894615,169.68710781151916,137.55112229301287,0.1727813283132411,1.3470358861460208,24.69499234219344,11.642388672240065,-39.50294212897501,-24.210652843838908,1557119.0117267591,30949.015207057226,1.0642594147738687,0.26826530040027985,0.0013158913882470788,HOLD,AMZN,2023-01-02 13:10:00
121.80360641017934,140.96776599051034,147.49717386023033,137.23945438405417,215.28816728127134,63.156917178270746,-0.46438398979666173,0.9162696838137439,0.35205151095182724,175.6649212331159,150.6925683814644,146.67766624756246,0.44180580144737946,6.020648725220397,5.646529926956069,41.54441751057208,119.38376577248886,-53.370721225268184,833300.1936781192,-563288.2006074323,1.0467685799211286,0.5432052040810441,0.012337368920553333,HOLD,MSFT,2023-01-02 13:15:00
134.5839924798992,124.4870300324081,157.0186144941996,79.91061136859715,125.4028372532645,35.32627364072124,-2.9645836466481406,3.589355262096552,-1.9666389327133549,121.33882660456192,117.17983821905837,116.70601764429175,0.3352250050797945,3.393122342954234,70.52764395683039,83.18001120347682,20.960476762620434,-50.09109572948161,2083946.610896727,-1177877.1123804422,0.9627975085843847,1.2252072840742174,0.0039455333107189915,HOLD,SPY,2023-01-02 13:20:00
118.22359434333146,127.28376843051223,182.41776018614954,162.75098155009846,158.97116999671954,55.21113966059373,0.5660432388967742,-2.515723316249152,-0.6070594848347454,164.2084292013389,133.1385064902237,125.8718304981638,0.4443435417593403,0.47447083088600567,36.44173435040763,32.99801482655505,-42.88760970892227,-64.35952258375369,262994.3578578745,-1022162.3806666444,1.1098843810192502,0.18279673886807254,0.0058486152803860405,BUY,AMZN,2023-01-02 13:25:00
148.11962708180485,120.51424253556273,132.62586299079817,143.26897451711582,96.33483233886118,44.82968126400087,0.6157351749544856,-1.5289261725148044,0.5757492183166991,158.56112437425895,99.97623772197717,165.9150731332336,0.23388764055042738,3.083023976508563,38.98362560567469,40.49976109876571,45.97050480093434,-47.49005016270868,1208981.9746221397,234447.9687312061,1.0503442448222657,0.6309865579712629,0.029386902966228125,BUY,AMZN,2023-01-02 13:30:00
178.65426961503715,123.04533375308665,132.56068754226965,183.0456026421715,162.61715688324043,61.78418683452257,3.9894679054164457,0.846136649072101,-0.19208523584304732,158.65698229969848,58.37921299949523,158.98106883090537,0.3470461037030299,1.4107607931716644,49.97891098110818,31.37882624397023,-91.81189318080126,-73.57715442106002,1890208.5612631654,-543942.9697416078,1.0353288219761012,1.8379009951258976,0.03802316217626696,BUY,QQQ,2023-01-02 13:35:00
120.4282186099337,145.98465129851934,173.74180047196867,116.85090502519832,122.42858600600931,96.96805679027898,-1.3482379580265726,3.2586579323382416,0.45188024151488304,142.14582152356536,110.01114739231424,121.01895106266136,0.6171592223229003,0.5852823668982311,14.339060692485859,45.29300821751547,-6.545836651451095,-85.21724392191024,1499196.5194214326,548874.6552291985,1.0467704233875925,0.26666008397492447,0.017363753428173465,SELL,QQQ,2023-01-02 13:40:00
165.12139546553533,126.52720032667744,152.41442346325763,132.18806565600218,130.25496144696552,27.522940452184013,-3.214542407611445,-1.0668252501719528,0.9298770958468389,160.86888739563028,130.29893455376018,146.40504590449603,0.5034239822375806,0.9030130968417919,65.70438462748645,41.21762442981309,6.723621895932265,-57.10372238262815,834709.218729702,-131336.9213739147,1.0293944187288655,0.04883457753971369,0.03979110644172288,HOLD,AMZN,2023-01-02 13:45:00
134.09227144882678,168.4615619713786,176.69128777969934,103.79119174274831,115.96140530480515,20.131926361288162,-2.3583464374726173,3.653597789162834,0.5602598613329849,130.2230567080587,142.02968677913782,103.10681329504534,0.9429175512904786,7.160130225091173,66.76383461405332,36.419201497726746,55.60536526517667,-17.776768308330908,1125159.174942135,-470527.1866099888,0.9869380228164673,2.3733028785521872,0.038880485489386184,HOLD,AAPL,2023-01-02 13:50:00
126.21381503212967,192.61738466007782,152.2182000752459,119.8627019681839,170.96453678164207,35.23547105406198,3.1824463995364822,0.197934221094369,0.33082272529863804,118.4267232520429,107.2554183580366,154.05754351148605,0.5934853145199926,1.3231475852361447,30.59736734385122,76.03830933016953,-72.01215502257352,-79.40100272049042,218799.3772487285,1750181.765043251,1.0234396572045223,1.5489620937855575,0.005008215429627797,HOLD,QQQ,2023-01-02 13:55:00
146.78908920136325,130.59840275889871,116.07208453216823,114.17657612581701,179.21913072419787,36.06121684853527,-0.8955792367269992,-2.9508834957012153,0.19086030765253428,116.37083805440312,132.08492529196894,139.91566915751707,0.1786442025826737,2.543117971407171,45.84810335328229,51.391985898472534,64.21187148702168,-62.982458264272644,243937.83909045995,-607799.1361519295,1.0331498065003897,1.2000055935052814,0.020713739621313423,BUY,SPY,2023-01-02 14:00:00
118.94273032741877,155.18213501606132,111.67179113055484,183.87115772308624,149.70155643975522,38.82763580283942,2.727650347200753,2.3857224391092875,-0.5682055742081584,123.2813373943152,145.9103245524195,212.85151821198917,0.6063790932702784,1.29667383296578,46.45996197319439,18.225115843481483,51.297471869546705,-41.46515963734549,311006.0058256989,178275.80235255047,1.0047786484656789,0.09138116593510415,0.030131171454978997,BUY,SPY,2023-01-02 14:05:00
133.39052083958452,162.99055330908803,106.21219377352676,129.65562083995545,123.06719883992841,78.40302728389241,0.01251308194147514,-0.6954357819149981,-0.9237022554878763,174.77990953261767,125.58985877493635,167.614613004983,0.8430019522775395,0.9290207658842544,9.651428849096108,75.08292110964395,66.81359078957988,-61.939784599522476,1760340.4210050085,1740434.3410162271,0.9635054312517339,2.29594041444028,0.016467589372158562,SELL,AMZN,2023-01-02 14:10:00
114.06366322233454,162.16006812757823,161.55129586896183,155.97362191182762,196.68569108311587,67.0340877896891,-1.9493726374351545,0.6727879178880591,1.355614377373964,175.73151431582858,112.97856093609771,121.40535539328309,0.570600971811949,3.1833926412985303,39.92221489307811,61.64110682156371,-60.0249809604858,-42.6124419424742,183249.56226561763,933731.1107794463,1.010537969132839,0.36422550523038366,0.03277512050972497,HOLD,QQQ,2023-01-02 14:15:00
208.94175398749167,150.27865803748261,174.7149205771752,139.81557107642226,126.48769616736031,11.137570487536422,4.002635913732319,-2.4887545312999064,0.7924135352849436,211.11838527164724,121.7163444197901,120.99249751158705,0.4798794499869246,3.772021862774314,16.117931131602546,51.925779468374465,86.73546621166285,-71.30121761389302,355137.01466922194,316190.8506280813,1.0487207285728317,0.23761172970770894,0.01982198692761861,HOLD,SPY,2023-01-02 14:20:00
151.05790655915186,170.28047255079167,191.23405353465952,111.37711148758999,84.13903100217684,33.21304834329412,2.6355533954518493,-1.1298773769885622,-0.789141819804924,152.00358299371794,173.41456594251957,169.13197334847274,0.8304629774409886,0.1492082395556927,42.75794043059467,30.206114500432417,-94.07567821120864,-88.11342703356819,2531171.328071632,-682602.89434503,0.9999045424823635,0.6684522238551112,0.00669427144894998,HOLD,MSFT,2023-01-02 14:25:00
129.00823476022245,162.4674685804197,166.077633308081,146.61438645850743,162.75167029871204,16.737686561849117,-0.3590335724630765,-2.2453078848610173,0.06409320282321493,184.5493218136354,96.83234228886346,176.37976149060157,0.6613069054964635,0.6541701182902371,13.790237626203277,68.70951417252171,-62.60451534354087,-67.30639440976861,1407458.3098668705,-2034337.8950845716,1.0558299495625214,2.5613503497781003,0.023141548504141973,BUY,SPY,2023-01-02 14:30:00
156.41939732202667,110.87012733018106,174.07096443837466,171.17130661963503,115.8567597907545,62.075781494215775,1.9935955322551764,-2.4044903440660645,-1.3918927300953639,161.64719146144498,168.85881302137147,205.7565723487601,0.8443739958804766,1.4180289970407454,62.33844532489088,64.68982024243091,8.909149379343734,-46.55061060496008,1320977.490076126,-2594237.506882928,0.9858955396031652,5.212947518017942,0.017734633465519303,HOLD,QQQ,2023-01-02 14:35:00
146.6301585092751,174.07468193167819,130.49959168365788,113.35169943861271,178.65826380497523,84.93604652804981,0.24612473305256882,0.1470593969301262,-0.4778938340167973,170.4859381465864,174.13381811491868,184.69077361678882,0.33377014737422006,0.7610506544091842,62.106463968003546,73.94525097444931,-18.887059257175036,-27.347898462533273,607229.0315436727,-386980.64881376893,0.9987436744531808,0.9521998375931987,0.01961394773493389,SELL,AMZN,2023-01-02 14:40:00
143.37091201400332,174.61872511800226,116.08960458140358,177.89160930340412,137.56586909979742,6.35394445635191,0.8751752291726548,0.8501662032233166,0.5357031545742523,188.2928600520273,131.09384054041104,164.31433015174107,0.5060893753870972,3.0610963995840734,44.00206562867181,39.532363096241205,-67.04193685584998,-57.96620899006024,1211875.809770443,1723746.4975960522,0.9135942870089117,3.1124515942060165,0.0020034850050651572,BUY,SPY,2023-01-02 14:45:00
168.42500100130275,125.10141687464255,166.25198331043885,124.80893051271372,167.11139721632588,24.953230802304898,3.5246433043236207,-0.8201372220180807,0.26020378937641425,180.37164782020955,151.50359714416746,192.69502590533745,0.16695413444130053,0.24373278412538932,42.89501626799411,24.80949698249854,118.17809018066863,-63.64431538684017,834083.8115837505,-769512.4286343142,1.0212440741501985,0.6039178682331104,0.0026874459597137183,HOLD,AMZN,2023-01-02 14:50:00
172.72523130141914,149.13813506342805,155.44201880598501,136.5445143656691,191.04501039656475,77.1368587336064,-3.03926837303525,-2.155730684716815,0.11577424605554125,163.79539964046154,120.47712132254844,152.2372845610838,0.28833952855511796,3.1969789941865403,67.36179636846099,18.95200611922587,-84.84757262151803,-74.24444892839033,74146.79307947608,-1013419.5431192934,0.8978413808238932,0.03011392385224097,0.0337105486304346,SELL,MSFT,2023-01-02 14:55:00
134.08496557168417,168.49986978433208,147.68610935852232,168.98185993632154,112.73423406137834,89.25270597840195,-0.717277781576259,-1.9141585105593437,-0.8836169076746739,138.52484282131687,146.69284274569435,150.90199162935576,0.44718181773745247,1.924074754770616,53.18660813415899,41.26256704309827,-86.80496620789083,-59.762318225255484,859263.4893530688,-238631.85285696067,1.0036944308580984,0.32248280910050664,0.01128701751502195,HOLD,SPY,2023-01-02 15:00:00
132.7254527806596,141.72058541261916,154.68428701582474,130.77004296897638,132.02188607322785,13.527116812695123,0.058422031421479566,0.5574444570495608,-1.0864501741488903,169.65294431783616,195.66103343344216,113.6201925583325,0.2951891650988084,0.6832003359373651,12.963316267846267,50.338791840480056,16.283231681503324,-78.19599534269342,601931.3344627832,132581.85268420065,1.0169813764189488,0.3592889897068846,0.004848496861016743,HOLD,AMZN,2023-01-02 15:05:00
141.7484490854507,180.18934143298034,153.07963706145514,153.2023954987477,146.7298678202881,71.81827369744721,0.6689864166906858,0.16603585582032837,0.9499854173875839,207.75054093228252,171.7787654121701,195.25109099728343,0.044441498343821745,0.8445757059646731,65.43977460283517,36.62933959227292,-2.7184213272142967,-47.41303223743667,120996.30108190358,279385.27768787,1.0016600008375003,1.5265112648023333,0.0019451091496108903,HOLD,SPY,2023-01-02 15:10:00
80.94236505793245,218.91617483858082,177.09542149633904,141.92989347878105,195.1265395710303,37.370803233809994,-2.4973727803143246,0.5821120099295765,1.6936067070365732,166.13663390439638,127.41194531750126,153.9717293484449,0.2904959356207662,0.4039855171218522,48.30878611817644,61.134214540437036,-73.12171868730765,-39.91683916798251,421998.5581714886,1158364.1571842812,0.9348047854465549,0.13266811469090936,0.006100736762998132,HOLD,SPY,2023-01-02 15:15:00
104.54426813404343,124.42041902095053,177.3746396204239,156.1397762145222,129.24851846178663,30.98185654264886,1.833858907743677,2.3376078339092525,0.5499603250880295,146.16306804209324,107.0194476344746,147.04149207510454,0.7456562375559098,0.5822383458349177,13.763124021194518,31.808280148306572,108.98611845242708,-47.244011432099335,2251867.0285466844,-875535.883481588,1.0416397354109013,0.19225595584282157,0.006996723983992809,HOLD,QQQ,2023-01-02 15:20:00
191.00622802333572,106.56866190538675,158.6055088085087,75.81634862324809,131.1648891215298,69.05407840905158,-2.307932381779738,0.863024320771809,-0.17230071610603706,188.7490105999638,132.6581714319947,126.17986035946805,0.39616553499164386,2.526517800029278,63.76444501643671,54.88489205477055,5.16995111163363,-17.421816046423096,1628123.8183333566,1271309.1023802473,1.0794835268468777,0.9526166251905784,0.08144871290192501,BUY,QQQ,2023-01-02 15:25:00
199.34903140503852,157.11455786814628,166.1450718140732,93.45018191334134,163.34421726667426,18.234901473576183,-2.4996078145502847,0.6135440970187427,1.2250333617792413,111.52068132603881,146.83235484200074,186.7612897402609,0.13163995184072444,0.9428385112760683,37.054160138785925,53.48887086743561,-28.45323506552642,-72.75020132228795,2452283.7545391386,651249.9201400527,1.102741745639019,0.13996857238180094,0.03597628985161052,SELL,AAPL,2023-01-02 15:30:00
142.52891881330865,169.6468751537843,157.85156381061938,171.71094419349882,131.68313822868288,22.37532076869078,-0.5015701320729111,3.5530746977921255,-0.8421577093770197,147.4016273809303,158.04029815545434,179.59580609757376,0.6166345977989046,2.3262001097845797,25.243889642389796,40.927606380716064,-0.03896689247189503,-48.45876479420005,1262590.2202789206,-592838.641318715,1.001136424856625,0.6842205166699709,0.0016341181120530968,SELL,QQQ,2023-01-02 15:35:00
167.296708891673,141.07400878465694,133.47075669913454,185.18980498076962,153.5757764869285,50.14866092786231,3.7910048387850015,-0.4121766537001011,1.0530622397556881,125.67287779469234,137.2696153796683,122.9329218494143,0.283576144297779,1.4435359151087304,12.872601931259695,34.287942893859416,-78.64555394132596,-52.27530876115979,1001177.9903042715,-915960.0119220515,0.988613609816177,0.03569618367386406,0.027602257910575197,HOLD,QQQ,2023-01-02 15:40:00
159.33750463630608,191.59781989963105,163.91411687282852,122.86442548699132,102.45387737095619,54.283254552438066,5.083282119680306,3.575513071107304,-0.5966192987962039,155.74798543134557,184.6509079774818,165.31448279483067,0.8197328754721056,0.3140042317887821,74.74681255831133,51.07968595286355,54.404266017409476,-34.20126479017125,149936.79961946793,-1324152.227753013,0.9386487019889482,1.1052759417881444,0.016599059364516548,HOLD,AAPL,2023-01-02 15:45:00
242.36642425365713,107.84182600830253,110.13762327851846,144.1910927305237,215.42989827669788,86.95307272295258,0.9770443588565344,2.1358255352341007,-0.5475195874063796,203.6268000447152,140.8149261659083,173.879527755446,0.18104030442517888,1.3825804028257211,74.14337155226308,44.97279271895665,13.036482197334113,-46.41793814290026,113403.48046864796,1165431.3138761874,1.0242856309888146,2.3900330320309373,0.005187738931642624,HOLD,AAPL,2023-01-02 15:50:00
183.5872473430373,168.78755869094834,171.3472888073971,161.43101609287365,108.5687230907179,35.20546750731475,-0.4763960805352217,-0.4468881134354905,-0.3327915862238279,182.43078730397667,128.11572122299586,112.6117072163391,0.22321035201554923,2.8250290155027185,53.80902365875281,56.108260947143705,-12.417610666575452,-76.8583525728341,283362.67564414605,-308354.2725900651,1.0764921572964976,2.0786250262375696,0.027453917223932145,BUY,SPY,2023-01-02 15:55:00
146.162472255577,129.8241753772332,115.13692650584912,174.18296325307853,139.34741888029376,26.226912913257,0.31262539563186764,1.2072582617572258,-0.10119351726761724,94.62150099865158,153.11354186454088,169.23716933052134,0.5015733282385183,0.7067194755514412,73.83818461761844,38.0922493681526,-0.07149107980197665,-62.35681421174074,377165.1224212145,-311569.7388058389,0.9938974921419446,0.07646847657991726,0.0006128687163901163,HOLD,SPY,2023-01-02 16:00:00
121.33378678198723,199.5813371862189,152.14508216986832,87.11432730653284,148.02556892473717,37.22740492991733,0.6698198729198809,-0.3228012912275231,0.9149382248769038,138.34500318725964,157.50137258885385,163.22978064414463,0.06561202881095592,2.0887122645043124,46.54271026931027,56.03246341311887,-44.38980329096188,-7.615989382186364,934036.022437783,243332.11168765515,1.0440854609134191,0.8940498934047377,0.026300373833712705,HOLD,SPY,2023-01-02 16:05:00
101.80661039227283,207.77546059504354,123.87115103934603,123.64671209669193,206.38064403070388,36.128164668147384,2.9327974492020186,-2.15459311371771,-1.3043317489119686,107.53273442362826,120.92904837436264,168.6953545929286,0.7405061968595015,0.4438701999257926,69.89996615542677,68.92978179094696,56.785199870323865,-12.966244871434993,2098086.936941064,-1110608.2334788025,0.8663551779780452,0.10963668093444266,0.04513082529998046,HOLD,QQQ,2023-01-02 16:10:00
156.1039090760167,125.00030236649957,158.83472457686068,141.357459844804,109.2546265720178,72.89862599118591,-2.4362968241385463,-0.012058882682417584,-0.6044129087470321,197.04012123346016,116.53472306318587,209.60131246507925,0.5053933166754736,0.2916682850560889,77.53232337829836,37.30003655669089,-32.67077122875078,-43.387399604561885,2213938.8909671973,1520497.136063461,0.951712930765592,0.05500994071025488,0.04284550339019162,SELL,AMZN,2023-01-02 16:15:00
127.3094776414709,131.5132859227426,144.15186935180228,174.50048631155357,208.51112406436255,51.90947521091758,2.388929610655333,-2.2006894944877673,0.20964938347225226,139.6136492306223,98.9511163011329,238.84979845780185,0.7125198285925882,0.8932809883275711,10.084478105484818,6.028539123491532,-27.804386933368335,-25.78685508483979,1146826.1642863967,329625.29225580825,1.0281968408113764,0.942596270325422,0.02959809867273787,BUY,AMZN,2023-01-02 16:20:00
107.33238871206977,173.78763660939407,105.13110104591668,231.94977547908783,171.71530463306067,20.931777105821997,-2.8534751280888107,0.3494471276173805,0.5578252572498902,162.65624872711987,132.77636245960625,187.08690076840207,0.4186171983712385,0.9859831784994263,26.908378751455786,45.26023120179058,9.94294611291524,-87.3988248440177,853114.000407914,301448.1508314375,0.9241504410154583,0.8497041622700316,0.05458468777536852,HOLD,QQQ,2023-01-02 16:25:00
130.6028134727242,136.38608050631456,155.51749077546197,144.70381674208903,161.5128597326974,61.138276283000934,-0.961791417627247,1.2007197587880774,-1.7048435803359037,164.34148482531992,170.41895595902716,157.81479650572973,0.46645347425303046,2.8626640445709817,33.21382731339171,65.42663536692586,-100.2908508925654,-39.08940971381608,280228.0811478462,-94187.97430536943,0.9603097074229636,0.09853429300034577,0.02457402614452285,SELL,MSFT,2023-01-02 16:30:00
117.55355989156814,146.63766346203286,130.55198057918224,106.97672121267236,119.46098938946133,22.86076237514059,-0.005141727370752116,-0.3253597421916924,-0.7904004827281955,167.20493094467207,156.65292094087633,169.14724798101255,0.7453579006571671,1.2326639714800636,29.002143922123473,44.33691131077722,27.536829355898483,-32.260905054263326,2779726.1328643523,-1371705.7462663972,0.9650464194926561,0.44606511467748916,0.023213672795806436,HOLD,SPY,2023-01-02 16:35:00
200.61424905217694,148.7616526162723,167.02866802033424,164.87257847044154,166.1342372611422,63.521365569571785,0.8222913950592032,0.3464361765831725,-1.7487260450575501,58.75411615444058,168.09666239229816,163.02082481491817,0.2789784819556878,0.1694495762679656,39.65537451332119,75.06962410151564,-1.4134251105379454,-63.289627519811376,1112040.5308862228,1059633.1951350763,1.0273240723857138,0.3807515116798468,0.0005308589502582165,BUY,QQQ,2023-01-02 16:40:00
176.4491927084835,90.40980531407031,145.03314221836018,194.27186526530272,127.295401327406,7.448046178663607,-0.007209036226899448,0.32158747243032754,-0.6994597225390523,172.6394602823818,123.64074620064063,220.5524990957969,0.3843577964145745,2.0102411499360726,25.381497940111625,53.302681315289526,26.59290318281982,-81.4998703182233,762405.5027330281,2269557.040882271,1.007505453428056,0.41925560673158624,0.0038277617724574576,SELL,MSFT,2023-01-02 16:45:00
149.76082076050147,147.58486761717288,154.88552463470094,155.45645187134403,186.99983759595236,79.2907138819905,0.350130093586778,1.2665243809374005,-0.43733660738521407,140.80379276316896,135.91537454874188,154.12211487927595,0.9746018468960903,1.2669406408335615,79.09847997110326,28.288316035971995,-12.071099484865249,-62.67013530480025,109766.18436656271,-849696.9738305907,0.9726973805614895,0.40525105818017576,0.03041285923775359,SELL,SPY,2023-01-02 16:50:00
194.39832416670077,127.30816677807478,121.0607761246197,122.98724655506263,119.86813912676801,26.267112120493653,0.08087967902199791,0.13421328279628794,0.5027512306645171,189.60304161571173,92.35656985770376,137.57214435868877,0.703164054111685,0.8058662343047505,39.05881344956288,64.83029170046069,-42.10736358094842,-45.01605866877552,1748029.5722796605,-927082.676139514,0.9744148695724238,1.7410069012280052,0.11985118009491333,HOLD,AAPL,2023-01-02 16:55:00
152.32104922942855,133.20631532800684,130.26669421431595,182.65580612736062,145.60524516631747,73.259205765491,-3.041495049617779,-0.47208946130778084,-2.290981438374425,167.0966444176692,165.196708854788,166.4620749447688,0.3085331071134506,3.2411879066981646,28.47362667524067,25.463072479439585,5.722046767314937,-81.31432411413704,429233.96781803726,-851793.1681785722,0.947945434050555,0.4363498898512445,0.025454469481000396,HOLD,QQQ,2023-01-02 17:00:00
124.1614739601521,191.30896010406443,133.5340340974729,173.2334597919499,132.34180735960484,70.3860910320557,1.1502702073022568,1.1984105930975824,0.6532686037086154,182.10944213641588,173.56853890683985,212.63161445031884,0.9352938766454209,0.3353817152580168,18.657657637150372,78.71601909133007,49.64084891147454,-73.0873691376265,2308469.295836498,-730946.294074433,1.0026467997248605,0.40112621120722375,0.017341901505691155,SELL,MSFT,2023-01-02 17:05:00
195.69372231808973,110.30479317162231,166.4175620060639,119.16541298574002,119.37431112719017,28.0513169798285,1.6226110113955179,0.23783727859400322,-0.5093569361233813,134.51422849515959,113.33571110501222,120.94065340883566,0.14465426238558607,4.888581758313133,26.70577711565516,19.365551091138673,-27.7146434419152,-36.42621429239033,184421.59535731844,1460946.3840789772,1.0246398030951978,0.030064600382660588,0.004052590016285532,HOLD,AMZN,2023-01-02 17:10:00
166.16730131053976,172.3961556024393,186.93442719513723,164.20561976109894,171.23959450723743,59.85030989282074,2.685306490022959,-3.2033352427984934,-0.3408989269883307,120.48784855736355,180.64373562320765,129.84311264275487,0.10701839193342166,0.813115881015384,47.971718923162676,9.221779086595825,41.49962519753378,-53.444846270800696,49815.47719639055,-1015285.266880017,1.0407681683460988,1.5625900668575952,0.05909654931614817,BUY,QQQ,2023-01-02 17:15:00
118.88261537020631,139.63111209004575,124.8707062064281,183.91249816508392,165.06376242228902,68.2532171043666,3.6941344357768315,-0.5254298090910299,0.9712955987921812,191.16222715599798,134.13776921991726,128.18248332803094,0.39807303227756596,1.2358621546361335,40.72879095291936,54.114674950781506,-14.92498891198831,-26.8276300257071,570448.4064827058,2357621.0259041623,1.0856485196958272,1.0784526572041502,0.02098118078769156,BUY,AMZN,2023-01-02 17:20:00
144.28983965749177,139.60719494512497,171.921203616442,189.8204813618846,185.2703059670299,41.54931000269656,0.821667615561965,-0.7757569154341998,1.3448881020389312,179.71915767164202,112.91809631027071,114.08766950283629,0.7454814676831195,5.296724851796279,48.02780836028749,66.58318001630477,-22.832006204639043,-40.86703872626818,81538.96918946791,1871989.730763641,1.0283763466712745,0.4176901221461356,0.013429213360495879,HOLD,MSFT,2023-01-02 17:25:00
123.73145239845728,171.71115688155135,90.75806455685745,149.87363279009742,95.60374675375498,78.3997059137645,2.8230235770795233,0.22118886059631998,-0.655115576454404,167.77750428051255,132.1014787288546,121.46489027180661,0.9245670514284859,2.864591421895851,5.415198098161012,70.00759211498206,44.27977414995985,-46.684512014321534,63795.29338792843,807165.9239263393,0.9487806107010512,0.6011880317394522,0.03952139306044218,HOLD,QQQ,2023-01-02 17:30:00
108.5160080710699,158.20153883706672,115.14526497269277,140.54145772226178,180.9251210702313,44.41683673219,0.036199928647789634,0.05998597119616106,-0.6618550943636917,167.72719150493427,155.71057875610114,178.2112477936089,0.5227671745244353,0.1544154001262913,62.59537176571168,23.161342935559656,17.32284873560484,-42.47983136230377,1250827.7380903456,598049.5314074052,1.0274181874280135,1.5802343518438742,0.061272541162658956,BUY,QQQ,2023-01-02 17:35:00
177.78532642594925,165.11838991658593,121.03053859533063,191.2727623066004,224.1634671607068,16.989212807172215,-2.900836482464206,-2.92553848934044,-0.35422229778063513,174.7219662118917,138.6535789703871,156.59438274133697,0.6536165572010829,1.7269073385084284,66.85656985706821,23.045741803038446,-68.48200950610723,-41.25048956974915,297564.95429343765,882118.6842787891,0.9297521757126921,0.42192719249227334,0.009278357505943538,HOLD,QQQ,2023-01-02 17:40:00
207.28249921410392,177.04553981598585,111.18728276398194,113.27486390461166,135.45076732469158,28.300147706133227,1.922171936483946,-2.2375825326804457,-0.6667797978713114,114.77093178111717,125.54910812563546,111.18431513800186,0.6521286111014544,0.7431794414017945,76.62736786152922,22.50746317903919,-10.058396353805374,-65.99784531397785,1018463.8623224021,-535328.4159595711,0.9921447268563217,0.6412562471358182,0.014504533541791317,HOLD,QQQ,2023-01-02 17:45:00
108.04297278542576,138.0607485045003,105.4102902553105,166.03453730947217,205.8544583632691,38.63265261140732,1.4790469681098113,-1.42929074520878,-1.4350901278477843,197.64487782999984,154.8081182051304,170.57034831367406,0.7737159021327349,1.420538865895312,70.80462912053095,46.53802072498784,-58.08371690258202,-48.86000937632512,845908.3310329505,-1140455.4388826964,1.00531868261326,0.019984932022325416,0.0024456570789442244,BUY,AAPL,2023-01-02 17:50:00
166.88907710071712,129.6328979647675,155.32497280344495,108.15914792433827,141.1051618382052,24.09418220145183,0.0012536636728376353,0.0966826248419915,-0.0314218999039425,154.6080491415936,157.11184272924388,160.36363533562678,0.6526580915918215,2.7171174815484864,44.20812878979574,42.35256118955178,26.373853742471574,-81.76689955366464,151698.54665531561,133286.97456928165,1.0392372990087244,2.5049120988585796,0.06430515515778568,HOLD,QQQ,2023-01-02 17:55:00
130.48072292634518,115.44548420326606,139.64830755680347,186.0920407123073,107.82770787316079,17.063599701432604,-0.12456364781129822,1.6107627419274027,-0.659978731673013,155.60618120381068,135.6519796850371,178.54920186973845,0.5477476712088181,1.371044305898378,92.48407996727006,49.5808617124877,-45.50212607204319,-68.18421923804149,487400.54394877783,-1344011.716537634,1.0369269191712862,0.46400764885314905,0.002572034438134637,HOLD,MSFT,2023-01-02 18:00:00
135.3862384870591,123.23768410063134,154.48513494012775,143.74254350044282,139.83102672779614,32.89344134234816,0.9559987748938756,-2.405465596308893,0.09785615371914815,145.36595138901677,131.08104402039345,131.87991068601096,0.6586015072793425,0.14734017872763772,9.786183300844506,55.654909658540085,8.041672934424984,-38.76492854818462,68347.24370081098,-730610.7000376439,0.9903057277059747,0.3515927984156386,0.0529093772611566,HOLD,MSFT,2023-01-02 18:05:00
132.22818227283392,236.47283275926176,162.26181715303784,192.594663540719,180.44611903025827,62.49659520570532,-0.6751331772723967,-1.0081724268563117,1.7086915380939438,73.56561601402184,126.35962272127112,113.18727738376397,0.5034706806623799,1.5099622707408407,30.10297457268882,77.48696098508748,25.955461801775893,-53.49837557153311,547616.3411885193,787289.1610810299,1.00046871538592,0.9393504473012576,0.004240010854973444,HOLD,AAPL,2023-01-02 18:10:00
124.08027690960552,185.3403874221036,151.64042482931333,167.72520820337687,123.85470553005406,59.781913617928716,0.8845146793890846,-0.07271126656570981,-0.1056496404649442,180.13189729780387,151.96421414565535,170.39643369263277,0.5137146816158737,0.048851112954354334,71.77588384930652,74.14438299151502,26.463095489166182,-7.344665822880771,201335.69405179244,422772.19540687563,1.0461753361346502,0.7480211555447339,0.04788853162063595,BUY,QQQ,2023-01-02 18:15:00
151.4556488383448,107.46776901375937,161.44407940375933,112.85695263801824,130.9898402298054,31.537810613827677,-1.8443899262285541,-1.397098498508928,-0.7557030035596204,125.05640793811574,99.89420762620169,174.75293478672228,0.5225088559649905,0.8566775258931795,43.646760696656564,31.94599584733739,-27.361784392285248,-48.80400218091342,101268.12071119917,1417032.706465592,0.9437325440843456,0.5123681104353235,0.012040779687232944,HOLD,QQQ,2023-01-02 18:20:00
125.07149650766887,108.3262612976929,143.26169284394325,197.5880874264718,166.80618296879572,21.6845368087639,-1.6196519140277246,0.13107046882944284,-0.27222338423095116,163.78203877781763,120.93410984058723,116.8667219364351,0.1712432422270756,1.300292331685014,82.45668527073964,27.748183562150174,2.4443081996406852,-46.22224395518976,381238.79380953044,-280308.83532391314,1.058013908070051,2.555576373081312,0.01793297710273697,HOLD,SPY,2023-01-02 18:25:00
158.11370477339517,162.45598185155475,115.32516529235637,201.63984852568734,149.09180350215718,32.14246532047439,-2.6411785990196432,0.9604124227701024,0.12869040231616133,131.29258980136495,135.94898852344255,157.14299779207408,0.2653460152109413,2.069436744480572,45.6967877218688,31.123304051992566,-34.881058678201065,-77.35321441831789,3425.1123128802897,1779521.8309181859,1.023976168592075,0.45095760567303994,0.0007254003146592754,HOLD,SPY,2023-01-02 18:30:00
148.4928567165259,164.417943921339,171.4453545205199,180.2331677631749,166.53868857460222,53.381507749027065,4.488117023873494,-1.135216688523896,-0.16546367642398113,147.97659784411678,120.29425657441789,131.512115529345,0.6260131718890488,1.4112768957108925,30.53448413776847,35.58545608032952,-21.197247129438008,-77.61043348788954,1417863.5428944302,-650392.1121658095,0.9069553652651705,6.421448520338742,0.010030273565042975,BUY,AMZN,2023-01-02 18:35:00
142.8315585940077,164.46651505952093,130.27219668047184,127.62918831884096,156.13488622275008,20.63887998746821,0.14616426185489878,0.4913752082662446,-0.5628291493608575,146.02964305641325,146.34940397140403,179.13463139555734,0.7574201968991232,0.32962384349181484,38.84726332137931,30.520453528705655,-47.431747612024026,-18.731407888015536,172193.47294127772,920499.5641844777,1.0154683540046268,1.5565027000341434,0.013600410159094769,BUY,AAPL,2023-01-02 18:40:00
122.77309013875207,140.35132619338907,121.61009253093935,142.2075534605629,163.3887595865472,42.30640167850168,2.4165134653064486,-0.17177880493733508,-1.6567384541445032,130.48303597109336,144.0843533702872,169.8652332891768,0.49004785521501215,5.382904346138091,93.4637693577377,73.42319156684901,2.793490369899916,-47.49057458495927,983063.0220290018,174598.34785323424,1.0551876003621008,2.3364357030152,0.00018946686107534986,HOLD,SPY,2023-01-02 18:45:00
132.69686008295002,144.236372199913,140.55205310489004,156.6536709569843,136.03096442571376,49.96016147898493,-2.193565658828954,-1.723652928895203,0.6336679412485579,152.0936458183222,202.01663894655692,186.56223687022506,0.4244622870172757,2.1013573982287883,53.98665278431102,58.019170098698645,23.900736937533104,-44.81082436695365,1787262.9306140202,1113638.358137306,1.1010022434448923,0.33234039575609414,0.021626646583562215,HOLD,MSFT,2023-01-02 18:50:00
172.6617367747727,157.8363857247807,122.17972701758717,129.48126722139415,155.95192826091179,53.905714083934754,-0.3633729564509396,-0.21132243376004411,-0.893232783526692,143.1681498495206,120.96851897168769,124.76312882515501,0.24524203577353387,0.7624265075917094,46.51761375118351,55.95572663417825,-42.175546822939985,-51.174514942420714,2491789.645351829,-720471.9196637146,0.974795202352986,0.07282702995593726,0.036514025734470164,SELL,MSFT,2023-01-02 18:55:00
165.02751562873144,150.57679018879992,134.5642404502642,206.15509031882254,121.17880982912199,50.2137318272741,1.1029970599915178,0.6849989590349345,1.4624762163941751,123.58373063930213,139.72140180985622,129.30817977950073,0.21609374364413172,6.759245305698708,53.30013570174439,13.344287762343088,-41.91360313696375,-54.064693117714555,815483.791660374,896227.8801924863,1.0274200002805673,0.543343705203604,0.0005018440116426318,HOLD,MSFT,2023-01-02 19:00:00
120.67334265604347,81.42098881757394,153.60134803908667,156.61844709523317,187.65300867510166,82.93648484009661,2.9425242504116293,2.1206145071442655,-0.36893259097403047,201.0504760349459,116.07658638257314,138.882260581967,0.34304183926986237,4.283955333362794,45.51028259414789,41.97145743289549,79.77250872600563,-82.73125632086773,1552508.7015852218,486535.4357883981,1.029800919261527,0.37598146922074854,0.013566574538351157,BUY,AAPL,2023-01-02 19:05:00
152.97996916287678,141.10601108274417,153.70854348115319,65.49286249256457,129.9717584954806,82.49154791105866,-1.2049877378260732,2.4663656143463784,-0.5165189338756034,131.94958585478307,188.49506224670247,134.09847916671185,0.26590055012056035,0.30977877879438337,32.53108301824009,44.934838314084885,-42.00654766718892,-69.92671327608436,606550.7338349517,-843466.5228320148,1.02961970531658,0.06258759445470856,0.0006862678254791283,SELL,MSFT,2023-01-02 19:10:00
172.54161370115366,122.4578069721906,122.55424833935926,162.85938600819904,182.86542462648168,96.6319990731435,-0.8050539972134061,-0.8515270921134852,-0.4714913004787184,179.6725902185744,182.53050363858281,161.05355999896534,0.3577430776962326,2.130910779973394,61.98468795272481,25.733756869274423,35.9497712812566,-37.248875603754136,673699.0796793237,2275532.046393136,0.9912020670335344,0.07416712002691506,0.04131770402951474,HOLD,SPY,2023-01-02 19:15:00
99.91784156635885,153.25634256725536,132.8073656762814,140.858963301846,141.99179117051403,21.994846071400456,-1.583905520026264,-0.9419191221659937,0.15019083715519255,183.38835128838113,100.80200463692051,117.68759409450021,0.33580932844246814,1.6422768203600258,82.34868551533707,22.131128278355998,50.355634616624414,-40.82454684478226,791360.3876180121,-106584.61220673972,0.9983421601092105,0.1914859534191853,0.0035064980215276692,SELL,SPY,2023-01-02 19:20:00
166.30080577139805,237.5577700781023,171.85832511925608,149.60235020420967,155.05997032271964,21.45323314583517,-0.2412263392737726,0.060585190167817035,-0.8664215698823531,192.33762854062653,135.8882205195092,195.63610849954517,0.29735600692056513,0.4283897282489839,33.36584543577551,39.86508512233841,14.238156262247555,-83.2315579573098,1109077.970819142,867836.1230414001,0.9836866633661654,0.47448635723267923,0.0012061443149557554,SELL,AMZN,2023-01-02 19:25:00
130.1212872316246,159.02444996422912,157.41000294334853,140.20418029485762,134.15106347327898,51.622548709493266,-2.0396969749670473,-0.8140454811065628,-0.6751966693136414,140.90804124512715,140.90082182738007,202.31483532623173,0.4978928149781179,0.5317762973931086,50.64229457389521,81.95654376213075,18.23939338950404,-76.59656480228895,1108412.3195402275,637976.4224799905,1.0137378885460333,2.7370923419102415,0.03899606034476771,BUY,AMZN,2023-01-02 19:30:00
167.1179600577948,138.59410941482807,196.87662598371355,177.825485331414,118.52013706495913,23.8434283620012,-2.873484476516622,1.8195487533255106,0.6223557982088727,153.0441155597473,131.49531990685014,183.28328186729289,0.6697891144870604,1.659188604392392,9.601507859485785,71.67356540652563,3.582726158670888,-35.363790654559644,1538876.5832666766,-1204100.3592409277,1.0285630809740136,1.0722730377318603,0.011758010864329519,HOLD,AAPL,2023-01-02 19:35:00
127.1022253037245,175.65404505931755,174.5032043435382,187.83000891370818,96.65718837184096,54.3561170481927,0.5173581709664723,0.1510361082898612,-1.01771636049522,154.12554272204903,127.90301998231593,165.00251125761568,0.346161653120591,0.7751176270001113,10.298330638098815,62.746633516587146,-68.22471877764806,-41.583996491368005,959574.0462169048,1001961.5025322692,0.9592766142894479,0.5081837159212043,0.002005447562048404,HOLD,AMZN,2023-01-02 19:40:00
95.85353698006443,162.48063661627637,173.60732671399848,161.0577011922769,117.34027524222621,37.41764512792643,1.3411932522221404,0.08286526586386356,0.5482277197510133,178.452506940529,159.27255972406363,146.3051115201754,0.6398529242258286,3.6015773937274225,27.723929411045802,23.785578790884014,53.54364845914606,-51.828595312042914,2142459.465147669,-1168930.1434365145,1.0241820007589304,1.6064388441484387,0.020877877830458406,HOLD,AAPL,2023-01-02 19:45:00
101.17372686350512,160.60283471355524,110.30328623860495,141.14204201157892,139.28273440352234,12.117002180142542,-2.278085777156177,0.9649616707553466,0.8274640850213348,151.51693351565746,184.69674761378738,155.66725710944158,0.6331702763087924,0.20570340917392874,47.86412875834377,37.67940218097321,-22.3331984364998,-89.43232945015176,1235243.58186807,-395795.28881637787,1.0227131272249377,0.8404714932397094,0.024456290645406723,HOLD,QQQ,2023-01-02 19:50:00
151.44254839984146,166.20551779647013,164.09650879083557,150.67720944610656,155.35637536486652,65.29609134579212,-1.3489844589167317,0.2397542642598165,0.6676398755133396,176.04679511671893,160.1763783699763,127.31125697190707,0.9308566297644888,4.90753174939172,46.86661305166306,91.6253213370736,41.63002580119925,-98.96548037475978,2644409.032503922,362412.6778689303,1.0039913155435263,0.5403386767262158,0.01680209391080521,SELL,AMZN,2023-01-02 19:55:00
157.79167505164446,209.69630694488626,143.67232995757723,152.6271877304841,179.3113793984979,83.8152892242641,-0.19989480374884172,0.45786697208120014,0.23362537365415853,151.0472807970489,161.6037166474054,154.7229402955962,0.3846802646236142,3.6720817445694243,62.903434297169966,84.5041008892069,-1.1303336073058736,-19.11894697403243,1388042.999518211,75914.8019694426,0.9676287799429111,0.15591476503756796,0.008073193045183231,SELL,AAPL,2023-01-02 20:00:00
122.87050124686775,114.07334694022252,131.22545491154375,126.32223872432522,135.62727620609454,41.04196689292368,3.4135047094482944,0.39478646185461885,-1.804172654594719,199.10186575196286,131.12917129111042,160.06037571770332,0.5737218872655664,2.6835866355275937,73.1946537608416,27.73871825002602,23.937063638405203,-12.986806005049283,1342102.735945253,650377.3548736705,0.9459692080562968,2.6178472955138132,0.011049832648089505,HOLD,SPY,2023-01-02 20:05:00
169.15777376332122,162.20896230434363,149.2003835133132,170.52571675427953,122.54117707198478,51.58859494352834,-5.665142981566166,-0.2169569921813485,-1.210715799577454,159.58898967924523,165.43346354928693,125.23955681784489,0.3240070679056777,0.609160765269421,50.58553572771164,36.87609678750945,13.598715537740706,-16.788708866199354,1968954.0392030375,-2306577.5879414096,0.920658344266421,0.9778679887057019,0.06195123563149623,HOLD,AMZN,2023-01-02 20:10:00
100.1543981319312,120.20856610055385,168.63028836528707,166.7213543635349,105.71855641991863,53.05170063321179,0.889942586238765,-1.3536575417422585,-1.355375884325145,155.37667580653132,165.3511947736259,198.64225050991843,0.4012293293934752,2.510236472218551,55.05997381284901,45.98482972728755,-23.344875918310617,-58.10871638313555,1066561.9411442247,-1400945.4648217803,0.9369298864342621,0.5784947985504147,0.015286921397154141,HOLD,AMZN,2023-01-02 20:15:00
148.0176060405805,164.66537939026745,157.5207897751053,201.29411967285355,163.40190853712312,55.44676296548842,1.3585063714004206,2.638533022805582,-0.37837757472725114,171.8827718930478,128.13403826641485,147.47320711122563,0.3716858714390249,1.1552481652577709,35.647200220148164,24.01957117685821,39.566742143841566,-54.48560184016282,197933.168927105,702088.6423139794,0.9343263511150461,0.5767634643268089,0.010118725117390311,HOLD,AAPL,2023-01-02 20:20:00
113.66951400712631,120.43940465541716,123.0381549664485,192.17119296923119,190.4958354598803,77.28122664333682,-1.4242740234225864,-1.358600566675952,0.03124112297794752,217.24251040282243,134.17277894955012,119.13827306265081,0.5596314588084127,2.0089213625675715,64.74906727558003,50.08084155234076,-66.79487713503612,-77.60540322923087,86613.2764593744,-143921.3729874189,1.0314355128013157,1.4483210830332431,0.024633180756250594,HOLD,QQQ,2023-01-02 20:25:00
130.44491676593523,135.47899559184748,163.5614728398155,130.05840263711582,186.98990803868867,59.744077632832834,-0.698458950830735,2.481345777419928,-1.1910818316848417,138.8185152864336,100.61943491983357,143.84073180928644,0.31906367157828525,0.7495452097398148,25.58269437937653,37.65329188557714,61.51732746847104,-51.007067726321196,379543.1913770158,387175.3836987359,0.8733118814337408,0.19778429878342701,0.0015842699510967432,HOLD,AMZN,2023-01-02 20:30:00
151.42196013949243,139.1473025728628,129.06031144810092,178.24954798428686,170.29798244441713,98.39996134792295,0.6659801595562341,0.5121639341466044,-0.17267733702932916,196.37987483405385,106.18547011142492,131.9245019066461,0.8547090753067195,3.614044962983096,54.71005844977282,82.7086323086879,55.11600099709146,-59.169307331352385,1684128.4289571221,459714.50157561945,1.0072252443278775,0.5404980656874813,0.006856225776078424,HOLD,AAPL,2023-01-02 20:35:00
124.18759904148143,177.27450158034128,150.41707797410714,121.5694917409769,168.15629951802796,65.12641949750078,-0.059268674167153784,-0.9023759693230675,0.6842044071306661,131.38448259179563,129.15667581721658,124.7913191379704,0.80363948525105,0.08284455622313824,60.14648862784274,84.71915885240556,-13.263121835750999,-37.89020134972254,21946.938172341317,-950636.0654987107,0.9367722692702021,0.06508455506135614,0.0051358864080565374,SELL,QQQ,2023-01-02 20:40:00
138.46333367310524,175.5536333182724,137.41624831307163,174.26982723010718,199.92871339128024,18.90737372471237,3.3981215047939353,0.8322863903445153,-0.9987259287436792,161.53402016898576,113.2556400782306,197.1397314136014,0.16176853298843416,2.351805926844401,48.731065214902124,14.34851896756818,12.566931425524317,-54.93660908879934,162565.53428551077,-1263175.8875334533,1.0353995600769565,0.08329287540286825,0.022795158228792297,HOLD,AAPL,2023-01-02 20:45:00
180.1887842764332,110.62847870660846,139.52834370660935,135.46834563967656,158.9624438425043,44.278252244257146,0.20529020594754463,1.178874130355646,-0.8184576733140416,132.18285157910114,160.11031213755967,150.29863047129587,0.6243455134261369,3.5278751107558124,85.15234240261407,29.394535393071536,-12.653447935806017,-64.36136172227822,112179.04843084498,811822.9090079857,1.0821946948743966,0.7471734897810494,0.01852241659266674,BUY,QQQ,2023-01-02 20:50:00
132.69324391430553,149.64802332999545,164.15607437601273,119.2558968519813,168.38389028072515,27.9516367982063,1.7224468301996885,2.577302447128015,1.1809594988541983,147.00407948714624,136.02574059689243,180.89350265934254,0.4466681559040132,2.079336925179909,43.755687886056194,70.03100726831033,-41.49687371544794,-43.92739046266209,37883.57580386597,-665807.7369935,1.0181663361445565,0.47933468978476057,0.028495419079916224,SELL,MSFT,2023-01-02 20:55:00
175.07076336195425,126.71260435752482,118.99515700460255,160.96145096631693,139.37648414444,75.86052795557285,0.900515382379484,-1.9734671517307245,-0.9273002149251984,136.25088783670952,153.3143875149346,162.34358475603045,0.6262891939967979,0.4263660997614463,57.740360433216345,47.65094688406016,-4.284172254736355,-47.316918791024975,1662226.204016848,269767.2500919127,1.0440628119892146,1.2712231962120524,0.0111294488347498,HOLD,AMZN,2023-01-02 21:00:00
116.10879436027146,110.24485267973996,193.62987685692332,66.4138518990675,108.13869887435727,29.74128366955452,1.3882377077022177,-0.21000464809720776,0.3422751414605762,184.43761427813124,109.48050169560823,164.29880111230344,0.44782481558009396,0.6708917104464458,72.47971059319946,55.12032582179567,13.642107736719087,-61.688819540198445,327929.0137374658,-60398.34125459392,1.0254342207174127,4.322328040178232,0.0038218418969524284,HOLD,MSFT,2023-01-02 21:05:00
165.8941253374585,141.4894884872689,99.47284826763759,95.96878161903271,128.48453298501272,47.56125806994338,-1.5547775368763173,2.065814710723308,1.2392553294634996,142.59645511577617,172.46906205661628,149.58916890278445,0.2297787820033197,1.4468222760813652,49.06745070354914,46.26621778075481,66.5533160125691,-43.4767339330497,1305363.6118545856,-1073691.9387396805,0.9304702189350085,1.9620157891442669,0.004038104991156398,HOLD,AAPL,2023-01-02 21:10:00
193.247058619737,138.74551634632542,130.05830791862857,146.32025971922295,148.72522884396034,33.41441662896715,0.4023781188008856,1.119829277480369,-1.1814942555712182,178.55724549367784,152.23918421370735,137.04012510838965,0.4085007695097194,0.7993112396393075,49.55021328950745,22.536605425746423,-9.965546636102285,-15.505584342585383,153048.74992175464,-441175.8026077647,1.0385947781741038,0.5832143537703811,0.04455977866563864,BUY,MSFT,2023-01-02 21:15:00
75.85066499618132,220.80149459036568,154.2552972485435,154.63813653231495,150.8235611750391,61.12563994837452,-0.13112785205949076,0.729026260748738,-1.1066820248250584,141.56098595811778,150.1116090721081,188.9989984921216,0.872633136164279,0.00985709413395961,65.71472768975723,48.01651519508907,0.5032062496244466,-68.8412822363904,525827.1374296605,1078706.2481676934,1.0247232910597244,0.4745864126881525,0.001556943245965831,HOLD,QQQ,2023-01-02 21:20:00
126.0931423358857,160.9887947608209,159.60785416088274,140.18179935493797,206.7885756456618,38.26656105541151,-1.432450018846032,2.2177314767229506,-0.23148106957109443,159.80615760253255,163.67151932535052,169.62739576121476,0.4827642431572989,0.08305722248959446,58.8287828155555,54.84893632759843,65.28954949329092,-67.29437996391671,123825.05307201455,250498.80211621444,1.0239450523862919,0.8796412146131796,0.01803394822671449,HOLD,SPY,2023-01-02 21:25:00
167.3121638154162,106.67147497737288,142.48810698570736,101.45803844103685,151.43831502773207,72.58491308714984,1.850034936244934,-0.26991098307621614,0.0676002962324492,211.01594674649357,147.96925077870318,144.57421953644797,0.5330753362742147,2.9200405258605624,33.19176776967844,11.439891664482264,25.392865760199456,-31.387258944854057,2483.488491756895,-266301.8935981963,1.00579497278503,0.09612647789208556,0.005270801360451619,HOLD,MSFT,2023-01-02 21:30:00
143.9086384187102,131.05677987487172,143.56523242496144,125.82746105156782,184.36530332076933,62.4528421791844,-4.030802813724387,-3.5970522156794997,-0.641604951056615,133.90780557381697,114.66481851815769,179.83160703838524,0.09734078350843339,0.17483858947650263,90.21707385823377,22.724958487207658,-69.83410399003479,-71.78882891933614,949749.8874800048,470901.6631659021,0.9725743142666456,4.394927008495855,0.004823039288805995,HOLD,AAPL,2023-01-02 21:35:00
161.13437620113928,178.64149886288195,155.26375213319042,164.5186984715966,135.9476827527105,80.56757610716502,2.693908438476097,-0.549761701162244,1.9712825395142675,134.57151060622002,155.67232048710744,195.30387977638173,0.6462824253500915,5.262785513155734,73.01011996659085,30.33821919337809,-1.5172787164746042,-21.977618001350496,655816.5771538686,1449494.7929907914,1.013760945869339,3.962934823207743,0.0020718539274494512,HOLD,AMZN,2023-01-02 21:40:00
131.88044439852538,210.65328318609775,139.223263063558,170.6170166601076,139.64972342704297,68.16683396407662,-4.4375105092827205,3.0176346688189293,0.5386265831632292,151.38270331075796,120.31463042752863,160.9814315956998,0.6439037313533464,1.1694339676222425,86.45747252465135,45.85920856763616,41.8336356372391,-37.4605536445925,538944.3615166318,53254.10514821298,1.0552371932312623,2.5633531651406956,0.077534262294441,HOLD,MSFT,2023-01-02 21:45:00
152.597693624187,100.42050063286125,179.82953144837265,151.48086023692989,109.12977088329656,44.204738502477504,-0.3074533213946255,0.44771393536033743,-0.8043122644488854,159.38464929766178,145.27224749867875,196.5423530976179,0.0629750531730722,2.8391781665783156,52.580568408609565,70.22337198728316,122.874755525862,-34.23934387612005,81925.67286300754,2193520.1538930316,0.9616691109803193,1.0853026317311003,0.0012584748139881068,SELL,MSFT,2023-01-02 21:50:00
145.32968293823762,91.60226844582866,165.98372785579005,189.01868099318364,126.73015961370285,61.458768040010504,1.8823237314935022,-1.2636457581466853,-1.3660079161702607,181.7281463006852,120.67935617819703,135.68454366960324,0.4336044409386008,0.26821648038071655,70.95825330214097,78.69923543756273,9.270504710580209,-36.567047769870115,887229.1952841515,402391.858497471,0.9932561907620058,0.6994069829626846,0.0031975422732857684,HOLD,SPY,2023-01-02 21:55:00
185.0334618497942,204.12895526115346,166.82060877514087,164.7167047506955,164.8094417409126,25.524078685286238,-2.3767637443121052,2.0011942021158156,-0.06300255095660524,161.50447125823243,181.555410688361,123.0110592867391,0.8049079335161466,5.221141662577156,48.96738065528036,53.576592400586456,-104.11957259294826,-43.85627915812224,1514132.4419547676,-217599.91791774242,0.9839846838337395,1.22652399276215,0.00908789548994132,SELL,AAPL,2023-01-02 22:00:00
157.6326252990364,159.6884253211271,120.84608191573957,128.0814190733372,149.226805411824,61.02414763835687,0.8474793536826866,1.2672943556627847,0.43883830193446804,168.58189815636433,156.74137383098886,139.7108230336152,0.37587947750837103,0.06878713126972184,53.488016461581545,91.62360115897619,-91.0448543816677,-14.894589323156332,69612.14171257877,449588.7271599869,1.0086700309345673,0.37745143826548916,0.012168677169201267,SELL,MSFT,2023-01-02 22:05:00
160.12807986225607,121.951218043709,143.01528938985743,143.02393429082824,177.28815859691701,57.37534217042122,0.6312446616567657,0.22051762629923513,1.8404545212578993,119.5985375223205,165.18606303098363,151.23737056778128,0.46273675248922763,0.08610137060172075,27.095782275924172,49.96061492345772,-34.34784846824558,-30.040252550604762,533511.5833006075,2342970.846890687,1.0381153879768008,1.9120926487528005,0.06023694411703596,BUY,AMZN,2023-01-02 22:10:00
137.643691016326,164.03887258367305,137.4883512819824,107.10828296934865,154.43761845035152,40.409515770153725,0.6532639245135863,0.877698058895645,0.07581476765732446,170.55489850052274,121.01909264096098,196.66125261866708,0.5675912659543707,0.1122642394181249,68.68344663994407,59.21990303177217,-47.41008172777833,-66.9816798453932,373321.9934754037,1453080.9999853286,1.0089363130380566,0.1445840565984979,0.00553584827864993,HOLD,QQQ,2023-01-02 22:15:00
135.3718132778252,68.92756782949367,119.85996560776336,148.53955230747465,138.42638805086776,7.570893078182267,-0.6974032708802494,-1.5258823503355874,-0.24288896282605701,171.4905308833032,147.4727169322678,138.57208100875656,0.5126006827839498,0.21830909885044678,78.92545411801677,53.18495825927373,41.39555601168865,-34.06309635905237,2224482.514643763,-1336399.9053967043,1.0724939205595665,1.6269674338821207,0.025529301169239866,HOLD,AMZN,2023-01-02 22:20:00
137.02325436541136,148.10126519791484,154.00410459864418,187.58721981508285,213.44890591360877,80.22399692461133,-0.930598326968671,-0.5431475914379329,-0.9765724788143244,183.50600753282018,144.75505250811975,161.52711643426926,0.26394011491266633,1.3343026161817457,19.35415949419757,41.77252356188342,93.52769749127037,-70.33466992458128,304700.45264051674,-1425027.1377353072,0.9782947226490568,2.021021004553747,0.021364880371071187,SELL,MSFT,2023-01-02 22:25:00
161.8335642713489,157.83463518529257,131.55885605550458,173.92928271075098,146.18289293860857,81.49015541490421,-3.14025056329129,-0.09739684240695898,0.3703826380050328,148.50768273329254,142.75804117869387,183.02907187448795,0.3770840725812655,3.104947654924268,54.322759737042006,58.81050971160929,38.78221788969631,-86.98128496844922,2887428.0937501006,-205896.38508287186,1.0335675129807946,0.1865299821735011,0.014575271073054548,SELL,MSFT,2023-01-02 22:30:00
137.3704655753921,175.72810418613489,161.38509574625593,196.86429842941192,183.89002909115914,88.90323442070816,-0.20796659737419484,1.6487584460254752,1.0166918628504908,159.764304898317,91.56436555325438,164.02333289872539,0.35824543183158225,0.6707995519033222,42.36676203048528,17.352050718383254,45.346093141223214,-0.6442403290838479,1762603.2526289688,2283948.8651940194,0.9803269367946621,0.6511813726672708,0.006186578128812772,SELL,SPY,2023-01-02 22:35:00
158.69324570689238,117.58312143122387,118.24521092764171,142.30767219843221,136.96372380365966,34.37717928667912,1.8350216541642632,-0.8231201660401781,-1.7873665750664478,184.72248668383506,189.10705305927416,135.19305586676145,0.4801016031206922,2.739085486010186,26.799077353541286,31.820794201432484,33.08076081012645,-36.70766767289923,105537.06871526648,234614.50340057726,0.9496033583936931,2.22241191943675,0.0034071510130635543,BUY,AAPL,2023-01-02 22:40:00
212.26202395936315,150.57061484210078,187.97601532104554,195.07519342445624,170.287984381507,55.583841362606925,-0.9122020156227586,-0.03862455562436768,0.07469128423228319,122.94753102250868,139.03839023741725,111.6416302587124,0.4485698037461567,2.974980231946207,23.31320004820187,93.78148173118856,18.144596177952536,-62.31191760714062,655153.6397677023,-646344.0273806975,1.0733839663979203,3.2013189750708984,0.003884336847108421,BUY,SPY,2023-01-02 22:45:00
176.13374110295078,120.23726121821238,122.59168353519846,145.81426475366496,176.8404697745506,74.68149744874925,-0.812448658746979,2.161487240247043,-1.0201493809567364,97.17570343968372,152.54523812385747,186.5659635175568,0.2881229654140063,4.777971418928235,21.349805866260713,83.55630488836913,-38.03425898949677,-39.714048214272005,1046973.267764855,2106543.3612889745,0.9894706267550354,1.667937576183602,0.008492792254612394,SELL,AMZN,2023-01-02 22:50:00
140.21929403496478,155.6615126702295,150.4825584300109,199.0907226422366,155.2547591172674,78.58425417644447,3.179323131686781,3.786490451339505,-1.357556946455415,121.18678665534853,107.13139107303603,118.42528137085672,0.7764756340038967,0.32351354625552703,49.55109457583963,32.64002470913981,39.42464111980294,-48.35224211480637,899118.4304339475,1072088.7340122461,0.9618574961466974,2.828709343691508,0.002949655438467924,HOLD,AAPL,2023-01-02 22:55:00
186.03641766491833,121.13961032910927,164.7964827597017,151.30058408185204,78.36551231910194,82.03287237931279,-0.3269979174577744,-1.3059580905279156,1.6939846337775446,137.6238059572614,176.593795076067,138.64012376251995,0.6037228520690703,0.2912877851337215,44.057730133023185,32.41142373777578,-18.254367744557808,-79.09900261807404,1137031.9220164884,-252222.3507292639,0.9772770047100768,2.7645950038226843,0.13115073210048275,BUY,SPY,2023-01-02 23:00:00
137.75773880935347,135.7569748251934,130.7339892449972,174.63140396173685,149.5475738256834,14.939932677608834,0.7043195264724711,0.20993638455678892,0.8872964225375415,197.53421302738894,174.4848530311284,151.0182654799775,0.7027158553406084,0.26043390982848624,56.575100363326655,6.34361927924219,41.381398378494424,-66.861325710629,555659.9438385603,-543154.8735869591,1.045021236781392,3.8981010151826303,0.01180517647078474,HOLD,MSFT,2023-01-02 23:05:00
88.85626394466439,118.12553815629313,166.31171608582378,199.20359565791537,185.91380143279926,46.6439085130156,1.0714374966829,-2.2619293714172315,-0.606222548585636,231.02382214055382,161.3594335367791,187.90300902658956,0.4490182660593267,0.8904210180208488,60.848953160691224,55.16311904890513,21.64606516677506,-77.95148090823308,2351173.994669994,1051829.7472719946,1.0615402726351284,0.5334075518514867,0.015486720109288173,BUY,AAPL,2023-01-02 23:10:00
119.75741067247787,167.5340872547097,114.2704100549896,145.81031588540142,164.82442499083191,34.64207403422071,-0.32830316961643674,-0.021751393217731188,-0.16147281701833482,128.16949686588922,146.82120856782086,179.9312270985461,0.4084481095779824,1.3443871541036574,17.35043160939958,25.35325079607487,0.00517721342977663,-65.46258214238651,315205.178935601,-910099.4162422621,1.0723097015061542,0.3381933050654179,0.019166079799929472,HOLD,QQQ,2023-01-02 23:15:00
93.87624236922433,173.75353349969996,181.30294247956402,158.98844760141358,162.3751662568774,67.98234271457571,1.3625124632416878,-0.4351566754728887,-0.31728491585888396,157.05326631365668,198.38802234391486,154.4502918166887,0.6248589142942959,1.2383417527775775,14.630565739977147,71.16867439303189,-37.151776021959606,-33.507464220677825,98827.2681137769,-460054.4036606508,0.9805309740438493,1.0022396756348118,0.00435774907867791,HOLD,QQQ,2023-01-02 23:20:00
139.45459547876075,140.96138290127757,145.35373162414396,193.24362960660167,97.33229198127442,18.768281937424565,1.9788021273394205,1.8765494526836333,-1.125627112056832,141.5599767314594,164.5774622452743,186.38337960613634,0.2370757224396031,0.5942496475272647,60.38176789872074,18.6022791959839,-3.567755238167007,-37.79607725863535,3815526.8086314793,179431.60642439127,0.9923815242621066,0.20930375406128593,0.013146094061771103,HOLD,AMZN,2023-01-02 23:25:00
150.55255137568656,149.14713984880086,130.089714800778,147.74389875423796,127.38634787974823,31.945167674256226,1.8071427840712024,-1.7593584536125855,-0.5408006917055673,176.84182846981363,105.84694474965386,192.98086600866156,0.6690910060890368,1.9456143678498756,77.90809267234367,34.8997214566142,-29.099858613077235,-67.23179300284016,1055434.5030837369,-447631.77460999053,1.0106831791664206,0.8142202206380152,0.001299100820431876,BUY,SPY,2023-01-02 23:30:00
200.2931193682585,104.54225756099368,137.52045568931413,109.73144695980284,161.34072893454316,77.14708796231622,2.030763044768133,-1.964974554233914,0.7839703262379905,169.7963484143654,145.61216897350658,135.69978960146392,0.5943501069528813,0.8258062958404406,83.18754161335853,54.65689459356735,-86.25371949228149,-95.27035520990506,1076452.277456684,-865277.4918464163,0.9430250131022401,0.865806197756126,0.069583432535991,HOLD,AMZN,2023-01-02 23:35:00
159.8078212129249,139.00970055979639,165.22298173481798,220.5762257467171,161.31149830360675,35.38168003488488,-4.165432521379067,2.281402092878582,-0.5658074612354137,129.31956040478514,154.59375359157525,138.20402265057263,0.31164741091294873,0.9116744582740455,45.694512297734164,72.74691007874287,-55.45304283414102,-36.451283606891536,1701151.0621777785,406621.6041512517,1.012665884233582,1.6421521036359195,0.01280448179665257,BUY,QQQ,2023-01-02 23:40:00
143.42698413573407,146.49386148874765,130.38861770373904,136.9675371412116,185.44000340398708,48.85458168028973,-2.3438418654337303,-0.9496983145956,0.4640285391806819,138.25996423537094,142.62626955664464,172.47583140281083,0.28786838846440993,0.22304797019481326,45.98594464695281,64.52287240406774,14.651335664567888,-50.36894574660686,547215.521724406,193351.0798712497,0.9917741499631338,0.4490920871914065,0.000602220133148278,SELL,MSFT,2023-01-02 23:45:00
174.88216743550467,226.62379273089925,126.26605776443056,157.08019363000136,144.65399734561717,15.283583348546168,-1.0289561948353247,0.29614671235235435,-0.5580593603172669,154.9942806976977,154.32762290452027,200.9099239588412,0.5454442848524856,1.7941105263084858,21.662296419030213,68.72883742148875,-130.1927177299465,-35.19053437196313,488144.07985597855,272814.15245517256,1.083364558171748,0.9208654972454334,0.01827957220039349,SELL,MSFT,2023-01-02 23:50:00
83.66594072976345,114.64098922677509,139.46158506040655,188.99221342243607,161.17472260021444,41.75951549987469,-1.5919095604049136,0.44256685087297437,-1.184197796636598,203.05885436297223,176.03083463531357,129.1549075134406,0.2553086106390087,2.1300477483536078,40.75753713051475,59.83424633105587,118.81313730567773,-29.55504360398003,2978776.978705887,-1968450.3721560254,0.9790237961360703,2.3358823096598362,0.002109750756673786,HOLD,MSFT,2023-01-02 23:55:00
157.06843674325697,191.92531716257312,115.5759471807508,132.52819508060153,149.49122725793882,56.008283266538726,-1.4402040315577742,-1.1809734333473902,1.194406323420924,137.1173261170271,135.28363576229614,94.73634553572818,0.6357919583634798,2.83722374681396,15.567212613389412,12.007823912556132,-25.183363600859533,-9.834590382712316,489033.7277073508,1142090.581047727,0.9985875820583994,0.5477494489033153,0.031211101517113968,SELL,MSFT,2023-01-03 00:00:00
173.125955816609,177.90576320397423,190.5135976985454,119.74822677689184,119.3917179049533,60.30334579057766,1.779127350114314,-1.179376426778061,-2.1303627708517454,105.70242726861977,130.50242719186107,169.48791748497604,0.4454845339822713,4.687006124388969,81.2779060842597,62.67537237510742,42.90698633168509,-75.65784047541713,81728.45134667515,-1880762.1577758628,1.0868056227508376,0.8479858072890369,0.06130405505582866,HOLD,MSFT,2023-01-03 00:05:00
105.64241262660475,156.4190921347041,130.84013521963192,160.11959349679466,81.32626006715758,23.845406239995803,0.21382842553987755,1.6903645270548284,1.7849827566808207,205.60579205364846,112.86217443313167,190.93005563232515,0.7608686677116864,2.9049064101500464,86.70838652152547,4.351529383476989,-108.08454889609054,-29.281171462091155,367922.9534164479,329182.623780407,0.9655150829978093,1.5482304031041865,0.04967255886373801,HOLD,QQQ,2023-01-03 00:10:00
184.31262129620788,200.758614525854,165.7904196545101,94.62155526680354,161.9302907639023,52.77326546104184,-0.27370385705972117,1.015608133267995,0.9979443634392972,177.40526137466264,93.35159436860046,153.88442336731032,0.35795654013096206,0.5377040611559546,48.13173946262296,29.10291120417095,-48.98567892888799,-35.6767643777796,2067839.7294291644,2302669.0136120715,1.0094332605663103,0.28720583854332615,0.011164762663880144,HOLD,AAPL,2023-01-03 00:15:00
160.15489222483242,159.16316417820588,150.23675209119432,142.78700554022655,154.21841625238434,55.90682175004426,-0.45112495676192876,-0.023531189637693038,0.1827131547940168,119.29896514570436,132.19390505509722,229.02075699665082,0.7040785059379553,0.537472459382305,80.94246231205892,66.58582789480076,53.0535801210097,-28.049739393137035,99776.1935711364,928713.1729917807,1.0346846797775984,0.10911273431320437,0.024936480347187442,BUY,MSFT,2023-01-03 00:20:00
137.54136258297595,159.67477587003785,120.3866487379508,159.841237258093,130.45474873699493,42.47177922496538,-0.8002752757060044,-0.20518773723636596,-0.445879336226828,170.7219993779651,123.06783258117268,124.88542361624302,0.1413615522701669,4.932260758311271,18.75345718557201,50.327771696446845,20.86727389337043,-64.28561226889641,1261267.531468517,-271382.28999594203,0.9755439229515657,1.1450774303935582,0.0033874162857063825,SELL,AAPL,2023-01-03 00:25:00
168.98345598318855,146.40638040947363,144.85113226968176,143.36153930159475,100.42480830452406,33.443844892602,-0.4838672586009925,0.47491632727844,-0.3679381269402995,188.40835770360002,134.8342252799372,127.73430656928106,0.2705710243998422,3.1225679909223043,70.13813965652379,66.68512889533648,-19.778483307198083,-41.10939046679564,309792.89500073245,-493447.7201656084,1.0436946381842511,0.46279424595632385,0.0015742871454315314,BUY,MSFT,2023-01-03 00:30:00
218.12078573413189,184.70706647255884,164.6000694827687,102.60956981805609,167.89218543226215,21.31871723914535,2.7751793603880675,0.5732988178801836,0.2024628184192532,163.28109321173343,125.36937044146599,127.326953925395,0.07171062198264604,3.048782539726737,23.359455015832012,71.20499987657016,99.38423924954233,-57.48406061264911,1369517.3714437168,-93400.30995676274,0.9885668703158449,0.48062661559524544,0.03441307209612813,SELL,AMZN,2023-01-03 00:35:00
155.45598765175487,180.8940770143265,140.29346662284235,203.0136945985284,141.02239777413345,62.37034658728417,-3.528445117269405,1.8917182833261053,0.1847735682862557,207.69019011477224,113.13919678531246,152.61296838635147,0.2907850894571473,2.543887111786199,54.9691108639324,68.82851620679831,-70.63111222895965,-67.45123398925072,722688.1671564586,1173114.1510374541,0.9978690412554491,2.6605896109212575,0.02375989182922298,HOLD,SPY,2023-01-03 00:40:00
157.4466175890101,129.2296813751136,174.8278236462757,155.31322092637362,165.70624167104438,57.60150030051504,2.5488961051104186,-0.03128416734171516,-0.9591754295933342,179.4364851521367,126.2378184002041,153.30033798269673,0.40930688527228126,0.6217703658964165,33.9391119751154,65.47594423704408,54.76643598902145,-77.18922870925653,1012184.3145723017,626528.446218985,0.9113153415197615,0.5240374429637253,0.04751622277384399,HOLD,AAPL,2023-01-03 00:45:00
136.21917301379267,108.42258416203698,170.5378848195466,197.7968677683757,204.92145591235274,75.41068143268478,4.587354152764232,0.6644711223002455,0.06778195717152705,170.69234201254844,152.8253982696155,126.90664403591182,0.45016411365799724,3.7600058740976063,1.9030192991762669,66.24704997152952,-21.470652030162434,-29.473270795697925,278651.28932669945,46166.98339520646,1.0083113085407343,3.072141471148038,0.049205390365179305,HOLD,SPY,2023-01-03 00:50:00
124.50466891605625,141.91058087813028,167.97287136645824,143.67883999422577,84.75707359040885,32.61958026017729,2.53368612860089,1.0772681927680217,0.25871016055812696,167.13594251158787,126.6187317847196,183.7000135833245,0.610774664052528,0.30836560954014497,70.90680139131555,25.347681872698352,-42.385846909971406,-9.975958353541637,184065.40912760445,1046963.7768751987,0.9616930734465109,0.11246494942692822,0.00853215147355083,HOLD,QQQ,2023-01-03 00:55:00
174.91007449632735,123.99884306807061,133.50858069317508,123.83961658589556,128.0119757389291,67.92567254951318,-1.979866553152282,1.103662785057556,-0.30065393132372226,164.75630274654048,135.28328664049252,158.03418784421547,0.6823185661969443,0.8616200153739441,57.80177133184996,91.168963424962,-98.32706071461403,-24.509974561821778,65401.29023725434,-1282428.577802895,0.9553444667479594,0.4200363879618385,0.007673529365480064,SELL,AMZN,2023-01-03 01:00:00
124.31748522273398,146.09426276153934,118.00393880546282,160.6137894481651,142.7187316006426,14.315135597489896,-0.9730625417850836,2.1745793780418428,2.2391855650566965,190.73238031426925,192.3662863276538,118.95545530222977,0.6464256770527445,0.8507475742607336,21.151443109897762,46.52697142473871,-91.16379948292962,-84.2489068570302,1746270.6962280134,-577340.9270044623,1.039599009760113,1.1807211177087826,0.01166437408323314,SELL,MSFT,2023-01-03 01:05:00
152.14698711658178,185.12314404052418,129.66030986593015,145.09481195749697,192.64478522439953,24.794146854016486,2.066598000108842,-0.018883167971860404,-0.13397382465128635,154.7646266867652,166.8792683070996,168.41195540927117,0.3066266261032189,1.642561838478495,55.010460437745266,26.923587255969885,6.991094708312594,-69.50546705117152,1239546.8014728886,-489731.8537476158,1.0224321761242714,0.13467260656943075,0.021913264551605634,BUY,MSFT,2023-01-03 01:10:00
135.6702765970465,134.2809503473963,149.906023516668,114.31163334427654,99.90790942380545,69.92285737114706,-0.49731136713054874,-0.8488008479622233,-1.7633515518113385,193.23366437614928,145.69639901280067,137.38921123611775,0.406356466759369,1.2451670292171577,43.70062411864283,71.59029651339304,3.8068304095147583,-32.61535393008321,347222.8157202216,1128995.1216758366,0.9468904040153645,0.48945816434517825,0.00010003571358808854,HOLD,QQQ,2023-01-03 01:15:00
164.36939477239176,146.71529856065274,158.6446678383089,199.03309628119985,207.07583077041815,37.456529929974685,-1.0120205784071394,-0.5369445348437756,-1.0102971245851835,170.917816893922,146.52467325800797,153.04730903225368,0.5580350121990285,1.2316617869136488,59.82672569992631,25.162005909564712,-38.02555710823721,-37.54584034367379,1813473.7184072495,276897.27350026724,0.9342085063515003,1.9088234742640777,0.015297650402408443,BUY,AAPL,2023-01-03 01:20:00
160.00986315860845,149.74068204425186,90.71071488098882,132.08735286739213,153.07567704698872,63.017463996759545,-0.2019606923186758,0.9612400261424565,0.7035278467265033,163.69468388583311,122.24223129684266,176.61947129889427,0.6910107560558145,1.6129562238715125,72.17795946050929,25.738277767093383,-10.21004825229976,-19.680178093603892,1793941.8316367161,2481549.0495849336,0.9042525100094857,1.434491990633779,0.00039856304971687076,BUY,MSFT,2023-01-03 01:25:00
181.12619832773697,173.45292646615854,144.79716995970625,93.11147568654182,146.11998014798425,90.88042064131524,-2.2437016500009537,-0.16215201309530403,-0.7224259977212157,149.21867323256444,129.502141942119,179.97326236113045,0.2404256012837015,1.0737179904937715,60.36067864767355,40.582859935177105,-7.433076334420452,-16.00471520272972,148220.6322192076,837042.5820914442,1.0615440649554186,0.3314310348666837,0.011981266576293698,HOLD,AAPL,2023-01-03 01:30:00
134.6995080343576,80.59331998046184,148.9522306330796,194.50131372663463,143.0582071034328,84.63464588115971,-0.26051621487349835,3.430196433740776,-0.9937906113375456,149.5459270554312,133.0678103811587,177.49695668323457,0.6728523129441176,0.575319428917407,27.72048231840309,53.04524012787027,-23.51763816754241,-43.76861472096218,1250671.1763653914,-688887.0473775396,0.8450996754018946,0.4407597434190368,0.0017172302317947628,HOLD,MSFT,2023-01-03 01:35:00
141.90375194119886,129.79899115704112,138.06139359211122,135.86246349399605,135.91210903459913,31.750456479250104,-2.4124313663480357,0.01888339986783054,1.3953610717832956,171.16568313228117,142.6251803723034,151.4909277900803,0.31509252923015196,2.1820069252891536,26.509549215325144,19.490264665476577,-50.05535349494951,-87.48968258813208,345709.42256553116,973018.868079154,1.0168592216768197,0.7033644310685742,0.016520632018256955,BUY,AAPL,2023-01-03 01:40:00
120.63708852653077,154.33851076838417,177.28184597539698,132.54963543630004,180.44350277807465,46.317290176584855,1.4449478218183116,-1.4324299662225344,0.16978777189969418,195.4586199530348,138.8970998082052,120.75601651819811,0.7982874226820734,3.1273367910724588,66.06695161369375,9.209151957652699,26.40245829621178,-24.92967880573107,629589.212144747,-683501.8756954966,0.9339679234457373,1.314114646234111,0.0075455557825287395,BUY,SPY,2023-01-03 01:45:00
136.67120219771667,184.00236869280585,155.54450185627178,95.50759721504083,116.94437737752683,93.01542732187605,-1.688662490161333,0.48405250096946884,-0.6012185778649408,177.65397188014092,111.78886860237824,140.44160486583573,0.6604552970780931,1.3039946543457885,50.83702702440179,22.30767058877857,62.27893399059325,-37.46540069880137,562373.0077928687,-411321.2347603662,1.0504255317747033,0.16472788828869248,0.013036814402147821,HOLD,AAPL,2023-01-03 01:50:00
161.31901479134555,133.24292657481385,177.75479770202242,207.7101275711037,159.3624254493156,26.951577833581165,0.10300543994664063,2.30821831913405,-2.7687566489724116,134.9934797764918,154.90105392806976,150.69582345680433,0.7805091542914893,2.096693208454392,35.15305466748193,61.54569781930023,18.753577332261436,-30.716953980660595,916750.2112722552,-79179.5838269931,1.046088348830541,0.7500422960936024,0.06325660226328667,HOLD,QQQ,2023-01-03 01:55:00
172.70965849936056,91.70341881874378,139.60098699124418,110.73662120929,137.47455002879073,75.44143832338011,-0.8888826786711945,-1.2236397145869558,0.6203385767441011,104.03754219202617,125.66267109317852,196.385470878605,0.3510614066592912,1.5329988599258,75.28338325430282,34.85529412359151,21.790902206127562,-20.143069658342004,426380.3440526962,330914.0803164697,0.960462652218633,0.0761917140890307,0.008339690968996491,HOLD,MSFT,2023-01-03 02:00:00
122.33504027467124,166.59134337898408,168.4369373126731,153.8703833825808,126.13599654457707,47.14955563107331,0.7641013551066611,-1.2669321976515597,0.015482514549813184,185.8915364392103,188.05864594166613,134.21781980099027,0.5137860849015012,0.12161670927989547,21.230776178462754,86.79641456169901,37.801573362066335,-51.612630809367,76075.71241593809,221640.8128174438,0.9706979282821758,0.5071947624383626,0.025408205164205756,HOLD,AMZN,2023-01-03 02:05:00
176.0881776031698,128.93912833523112,185.876659863188,181.20385032129408,226.57925527051688,91.03992288748628,1.6446681391449807,-0.2802230556975987,1.300742004345744,253.90388964122755,171.24075785425362,156.05268807781476,0.5342621681308581,1.1001195007741362,13.247915113964762,77.42117062103092,-11.648571406017716,-76.05190212260375,1116725.8264864837,218467.65816881694,0.9943984758762642,0.2119477978333339,0.022995669476915018,SELL,AAPL,2023-01-03 02:10:00
190.66913576414854,112.31000022728917,177.79233623181653,165.4949418560991,161.5715220426038,44.20500106843418,0.5729972185786718,-0.9688658382487798,-1.0946051429375772,150.34485791578228,98.46118478895109,113.01111304135826,0.7381513100396756,0.019802713138765096,19.579613578598888,48.4460339381061,-32.13531913919858,-22.734707389778848,3233252.636126379,-974532.7176187244,0.9691998343409568,0.3696742664867818,0.040640070121511995,HOLD,AMZN,2023-01-03 02:15:00
162.40304709671102,129.26963830860328,117.69646016428167,150.09106201624988,167.3979663398343,39.09120238040623,-1.4006297995215307,-2.02532714536813,-0.37324365758609657,143.77353317687388,133.669753794836,160.21597440635915,0.47712423866924947,2.1687045641487974,60.3771954589791,61.76713695156983,-99.5022593926532,-25.62507299405649,1102222.020938139,-3200.8558590367147,1.0473418608952971,0.40269783967610545,0.008141669698885134,BUY,AAPL,2023-01-03 02:20:00
206.303874376742,142.46423927032453,138.65809806144048,97.54669253480267,183.13330342005986,81.16265932033276,-1.1263244430178483,-2.3112312573594647,0.29861946707825804,188.71841729355532,180.2070789649271,148.63722255640366,0.7444006443553262,1.4192096143571669,90.22055395412883,74.07561477055413,-27.646695405244596,-26.358068135687894,775671.1230950102,311907.43755071214,1.0010719665604007,1.4702230107123926,0.0011542175239133163,BUY,SPY,2023-01-03 02:25:00
126.78632402689281,129.85766006385361,136.37088236375507,126.08880525544691,106.35950164044358,75.57781238735176,4.719800426621687,0.34864290570039436,1.2559459654383198,129.8690916020747,156.56753178326588,146.12322510870433,0.2589615881591121,0.271253538913084,22.420666996895388,71.18998037168414,-31.521794603209703,-16.72741803811325,178674.07170602505,864166.9804036506,1.0475538026352447,0.3081034220366774,0.07055608912480851,HOLD,AMZN,2023-01-03 02:30:00
112.66035890065749,81.83301828702793,157.2313633769082,158.0096108173607,201.56875727366096,47.586952377937855,1.8970281607069106,1.0725646605218515,0.2584695632726361,212.3669424189624,142.22683445699332,175.39885284590426,0.40008356068958045,1.5626087492932337,56.524990777671945,39.62676408818492,-52.59977283546006,-46.15321905976194,981303.5244179819,-466394.3608596937,0.99007005283081,1.089940395451365,0.008999544062156615,HOLD,QQQ,2023-01-03 02:35:00
96.63839253287165,174.91198590661398,162.15883887536333,126.81042976041611,73.73128464514772,36.42557495018043,-0.39571590372193677,-1.0517463332454153,-0.7074400802225478,174.43085679117368,81.869186901305,129.42767778841178,0.4900286001502694,4.573935423819287,33.896189634340345,50.61321050983578,11.732149600246258,-20.04470581204124,944399.2566376424,-2751019.2904351084,1.0728280265297723,0.7620202187947656,0.004306985156289971,BUY,AMZN,2023-01-03 02:40:00
194.8813293446755,186.24625123836168,124.02768314935659,158.50750271996057,125.93700769884438,83.51440077806517,-1.1483216075962523,-0.10577803949747586,1.297766359224592,159.06858343136034,134.5608187549819,192.02637771748826,0.45928612616148035,0.832518607106032,41.48964101588886,86.38269243466293,-9.655615588206752,-19.94742492049994,964308.1459545512,1121423.395755602,0.9232345609946404,1.630792917579937,0.04909175337305546,SELL,AAPL,2023-01-03 02:45:00
169.63096969062173,167.54565974018516,146.69596284792345,173.81578908208454,135.22904980463298,42.48402447631454,-2.8778857268998808,0.27744289062824307,-0.3122831341298548,132.90596696685054,145.25905711872286,127.21163681857152,0.15898188877400957,8.076166607814553,74.13504996894935,86.23254677705042,21.341067391915644,-57.45536246701484,2228527.0800172808,568011.1518018832,0.9783355303232744,0.38797276415986753,0.004229503711736316,SELL,QQQ,2023-01-03 02:50:00
148.33245987268634,113.8694298872555,94.5018166960966,182.80009234560325,166.45170094911518,62.658446448937724,2.2564668523157554,-1.6578511025693645,0.18002928663771678,190.87241490631135,88.60069028268119,190.98160796814227,0.28820300345696637,6.406984853945099,58.36474226124666,4.286282013734714,-56.23679297605809,-43.99625972097407,1259908.673369101,-1332625.7912318404,1.0335920676614623,5.232013340773666,0.015047582436599004,BUY,SPY,2023-01-03 02:55:00
158.39905878959462,141.95525398157446,181.04862514504725,112.76226054999412,155.56154798424464,23.991725620366427,-1.4218065755288887,1.2882910455219947,0.7506722304333794,144.45309439000306,155.3344201508221,102.11512136859709,0.32773214042899623,3.0771188359647006,38.00354302376559,53.45862837563452,-76.21920289747527,-47.30293021547689,1529702.327509904,-1476219.4455309617,0.9594945608771336,0.35065439875939813,0.028170886024606795,SELL,AMZN,2023-01-03 03:00:00
116.2353285810487,147.80436054311625,132.19064398308265,222.29267375932653,143.9955577790482,31.31013172062831,2.1074706352978665,0.3178505031263531,1.5631981532570365,184.8225139360384,122.45388681571112,159.17531103838277,0.6107922285886146,3.3618675900286816,6.4431533637982765,77.61807489627654,33.40965494253146,-76.44528344953005,375914.4118167133,661765.7703722916,0.942115589293887,0.8664217407491457,0.026261987740595037,HOLD,QQQ,2023-01-03 03:05:00
223.37255938850478,165.9638316868573,146.39659849611243,176.55933902573219,148.64007966116827,61.10369074577384,1.654929602499025,0.786714764476102,0.3688855015501813,173.96812707263004,147.5324269576641,168.3089033501337,0.44699626133729914,1.05711501773833,34.7502949286539,78.76775128683869,41.28829283428534,-57.1459051713175,315224.59530558577,-302427.52365642466,0.9135800253910481,1.000264778295379,0.0005981584472814177,HOLD,AMZN,2023-01-03 03:10:00
153.87663545925682,168.0502146615424,137.2587571502985,151.94514708258995,119.65930929432295,29.00543336048803,2.705604299361022,1.0199529971967483,2.587282570423211,205.19984417402128,143.29565438702787,139.20752492194677,0.6156807184108724,1.0301395525634742,16.2021627049108,9.172440011857717,-42.06101916548727,-16.025159191143437,231655.8202713898,-1420670.2828109986,1.0154106409790242,0.7725548440961825,0.004523894332513367,HOLD,SPY,2023-01-03 03:15:00
153.28184383814678,125.97478603664513,173.6506893753354,186.86517065845248,104.0830281654748,16.17674379984167,1.517678112719658,3.6386444970823777,-0.08954811551035001,165.5642188363795,133.61430867545334,158.33347579513162,0.3025853737225374,6.175579262796889,20.28289832587768,29.369880589878267,-17.84437352463481,-95.91439554227767,1506750.025324918,-1064284.2494818214,1.0463387847674597,1.957864465192648,0.043873409187663984,HOLD,SPY,2023-01-03 03:20:00
171.77299871696076,150.45986669240682,74.06233896506552,227.69304870399915,170.7953486700818,50.63651610932981,-0.4196842200181039,-1.5368970697436664,0.2935661338945633,269.0721811556307,159.78922170694608,139.09216995220862,0.6877000330918227,0.9120318286912091,37.03185037134972,42.54713365590479,13.700756441680909,-59.30154257780568,1199278.7987695513,-140869.8192539768,0.9824926186667323,0.11988613176013106,0.016112030063995152,HOLD,SPY,2023-01-03 03:25:00
164.4302769521014,161.71841213845724,144.5847414418523,105.96095676618017,169.81118337608555,94.74487812115356,0.03181523964778262,-1.3391523642926884,-0.6186476305939603,179.4240035185048,147.032183606013,163.43277737031872,0.23396994475946542,0.20378394065100733,33.06148119177747,51.39813652027837,28.99567225385722,-42.39062489939717,418693.16751198925,-758236.5514645687,1.0294636162376074,0.9094814872602168,0.023245162089308397,HOLD,SPY,2023-01-03 03:30:00
156.71652072837395,191.67466966440298,142.35453106255756,144.7915954402767,196.53483125471175,30.422623921767194,0.0490711735015223,2.524387296839807,0.3225909342631092,165.11945036266428,207.89743632613587,157.51085305010855,0.7661877116740256,0.33140348016623355,86.26776529808504,43.11421316631184,-87.83294457203134,-26.555801426182317,152109.84377492277,-499931.0315139417,1.096202848286494,0.7058930114111064,0.01029304443952086,BUY,QQQ,2023-01-03 03:35:00
126.28576633664065,169.1351961947417,133.65909031020794,75.89018688405349,125.29948709554377,73.44932445870882,-0.5374919810074704,0.9783421224145035,0.2971499158920785,146.38342254800637,184.44784826140298,216.50794069770907,0.8844993650703499,2.478502090496199,52.375261764546465,43.32905943281592,49.22802205855782,-67.95721186754506,1875145.247573722,77005.613317944,1.0465489172752456,0.5399323492111292,0.02734576660944242,SELL,QQQ,2023-01-03 03:40:00
164.14405071407987,171.67170062126556,188.15566364089082,158.1648490447368,169.7844563090277,70.88445491614348,-3.246435389899596,0.10354083523617802,1.0457028919649665,190.68346873434422,114.68882505033879,108.64255349060193,0.7560162923196178,0.9657107123712785,49.6334113379591,94.56221086597535,-66.43251043821917,-32.91027930677272,484959.6917961695,1045989.3783328555,1.0409053780475896,0.4249861959610038,0.0068243365582704805,HOLD,SPY,2023-01-03 03:45:00
206.460734894251,150.51479883788082,122.81676352860572,163.6926157416045,140.48879814905806,36.81330992641471,-4.310013833799406,-0.7171297952960897,0.44451409265664027,147.16871668364846,169.67040058555125,156.0277955976199,0.2801150686053125,0.4446448763202897,82.22866218658243,58.41899890126992,-70.15807227064545,-91.38928897540372,210411.46697806809,576152.6665093793,0.9780109666587042,0.16591615568929358,0.005280111517329812,HOLD,AAPL,2023-01-03 03:50:00
190.36260138464934,190.3137743561051,164.29490443089153,150.7468123058317,184.71424955580446,28.33963544703088,1.5176585365516528,-0.34782960812551755,-0.5272385723163847,132.90287361118942,121.5841949450073,137.37582002873148,0.5536247363695476,3.3617188400906173,61.940883012431684,16.637545745392384,-20.682313436191777,-70.56616422199794,155964.70487362004,225045.30727919473,0.9803000108144319,1.0497448302630528,0.11694433732264267,HOLD,QQQ,2023-01-03 03:55:00
197.79559879918193,160.29288387878492,153.90631971765208,131.0549257280541,179.65888330034426,25.40866905471053,-0.36184405531974073,-0.3187209527804833,0.25640327315436795,143.59603509210018,110.64220408761686,153.73686369308842,0.7823984431183936,1.3414938626540212,54.31288806431246,77.23097531856138,-21.657735815367772,-43.24456229331206,2521734.933121331,1414005.4722738545,1.0179491595279,0.12523539817481522,0.003431235132232013,HOLD,SPY,2023-01-03 04:00:00
134.66352970706444,122.16736269479289,176.5379813133879,86.41553548197359,155.3362819767337,43.076262194261666,1.9200783617908515,-2.2424673581439647,-0.6723688646894017,153.2746122572602,103.09693487718273,145.92435308721923,0.4869184297178622,1.6769989818697633,78.28067941755799,19.104306608717025,1.4073606438686346,-70.19665747372107,139449.73578192346,-939421.6244436057,0.9986898931634396,1.7678062720020253,0.07964895521616012,BUY,QQQ,2023-01-03 04:05:00
120.31185539224258,190.10109910375573,128.32027288056236,163.9530778691766,138.8140953000204,66.94588104842516,-0.7590777948438525,1.459798045352734,0.5494939037726312,238.7424407973505,131.04610185068972,139.54447602120547,0.9666780878986974,0.3343521133758811,69.4806514943148,42.45679172729481,7.8400616583647915,-46.81156142125867,445777.0006569494,-59209.896454658985,1.0235706658696915,0.5937106558204454,0.05221211894249976,HOLD,AMZN,2023-01-03 04:10:00
146.22639239701056,168.93709817617082,126.67577752190603,198.5739034852904,177.82796535824784,21.714461242040617,-0.0022991296093327457,-3.0159859879213156,-0.559164348145294,170.23655647780816,165.14679921854054,134.3083128323553,0.505881939076347,0.42825414792100785,75.22494887168341,56.255712805196886,84.79880128761907,-49.52652196167936,1000192.8564364524,-603142.9205028178,0.8685868675852252,0.929930069692195,0.025082580095818822,HOLD,AAPL,2023-01-03 04:15:00
151.67174736866085,134.70867936614553,172.40174768693495,133.08740941653016,168.40713569769696,78.8861079463323,1.8590578126989352,-1.2735919441893624,-1.3980022952373203,136.86481114365375,143.95900380585437,171.43134321861257,0.8052208190225797,0.2690203989395033,55.958548848566444,38.18287544490672,-45.60904171734998,-67.07082924472381,524377.5603976785,-132598.77270589082,0.9705253729978197,0.0809992116250873,0.01744419012257891,SELL,SPY,2023-01-03 04:20:00
182.82574555412845,133.6152109780227,155.63303270825276,166.08191772874065,128.46678793741452,53.3676178243408,3.110676478950156,-0.647661491899475,-1.1301055540566824,198.10777715956885,152.71147090370968,138.80604412676257,0.37138457753916354,1.445328300198835,44.46133379061986,54.48825149928752,53.226060550567865,-12.088725538103272,649054.6356072912,-45244.858327779795,1.0550989480059418,0.09804613700145559,9.079561593839993e-05,BUY,AAPL,2023-01-03 04:25:00
99.22606110855541,156.89726635422284,106.37656633308103,101.81938197055838,109.16603979561707,40.036184873318554,-0.6323585051512342,3.215226581778918,-1.174997649293336,166.59782495517757,59.3232003933312,149.3482501186729,0.7110629285244275,2.9891584011374697,35.38410502518609,65.72927008853216,-73.87671814880369,-78.0489445819986,1622633.5275420253,-640836.385688992,0.9068757467380475,0.26905698971482883,0.02017282946178202,SELL,QQQ,2023-01-03 04:30:00
195.88650958381842,161.89554385802754,131.51737463841823,166.63081803816044,140.3440129795461,45.307421271879846,-2.0001614851739995,-0.15119575297745308,-0.5280640122679626,205.31672009942912,134.27457931404447,155.5725410357306,0.34556929680707793,2.635666416255341,61.56206993430023,16.504648942059717,-61.85173411090532,-42.57929080100881,7174955.873801048,-374092.7054501733,0.9617318153245139,1.512955111765476,0.029604304223387713,BUY,QQQ,2023-01-03 04:35:00
145.2597630426303,153.9187679689362,154.65956634620153,139.41176647217097,194.46241446044627,41.53486145759615,2.426016285884334,0.47469374821392873,-0.8472955410637681,226.9115230458464,113.68781362207623,128.26434956536343,0.49221937654621706,0.6055394970615318,53.62311523843538,27.66301932297158,-47.01517611623443,-95.93978762493816,629642.5348412076,671876.5437483571,0.9879100614959575,0.6652061002242327,0.026400818824009444,BUY,AMZN,2023-01-03 04:40:00
137.1935679015774,157.33926020328656,165.94410553866473,127.60262558070674,183.39461476199114,65.4682933016678,-0.5741717326442367,-1.316234266102407,-0.022105293107386213,107.78837331082607,100.50047690014053,168.27833567894274,0.720220176181762,3.815016687114374,41.9994644111562,49.67599960605834,-96.5100846957274,-44.4091690780007,476145.62250109797,-109362.75219271812,0.9087939440737416,0.3723095613114579,0.0037763987957050256,HOLD,SPY,2023-01-03 04:45:00
119.63686874219496,198.99872123729142,128.01923367017613,127.66836348108382,115.63017590988258,43.58484515008392,-0.9704782500762834,1.3030935192722979,-0.39196641967735624,76.87166546424325,109.90353946517989,121.24073480699836,0.0528309789184949,0.22334042250591535,84.8522761848162,47.36158228177426,22.38243948166423,-68.12492950966018,522161.13758692675,-2901231.563544589,1.0291799512620545,1.893549144349106,0.015728673783225233,HOLD,SPY,2023-01-03 04:50:00
100.35429984402691,180.14629456704657,72.14360025457647,139.40442937494367,113.96727752300237,87.55198333736983,-0.799586708975145,4.427821842743661,0.516182362303746,229.70141289588648,141.7731257675705,164.8001785893271,0.3059929961842322,0.24218945921982696,44.94100825946785,68.04807524725531,60.97670723970675,-50.023224934510935,460621.48725467816,697365.2960475391,1.019534862684816,0.21308241444266257,0.01597895539188116,SELL,MSFT,2023-01-03 04:55:00
174.69511751885744,153.71906773795072,158.08057964342584,164.23786610216112,187.24051549038458,68.35028217194338,-1.437267860105622,0.7372516194083236,0.38272718415568296,135.94371511598902,156.44402271361665,162.05660299346908,0.17982611004016624,3.7849851836607025,91.12180063620576,35.697038571060595,45.342692676811275,-44.74091961371714,642019.5052324896,544924.8922786134,0.900701890253092,0.30040690972797857,0.02116183393455347,SELL,AMZN,2023-01-03 05:00:00
152.1995390156521,176.23931742302452,114.4919827514006,110.01077756174342,114.93092285726513,43.98797279831938,1.5474908342974438,-0.5032568247161389,-0.3238979455269096,100.55215283514063,117.24005790952009,146.00942838205154,0.8595068102244133,0.560538063917357,29.30812878240267,70.46517862753473,-77.10121910113486,-67.58935450513387,405127.39884587046,-1275490.8682576271,0.9834214976437319,1.499380233645021,0.03555062528877994,HOLD,AAPL,2023-01-03 05:05:00
111.30117300776838,117.02428289417381,94.56653004693972,139.29230938982872,164.27885970926025,47.24053655721847,-2.676458740955542,-3.047609231213272,1.2423188676047683,141.62979716548458,154.72715187436495,117.15436479465599,0.2846224885696121,2.4627965673016377,23.360457966232644,69.80376998988122,113.99325417593349,-57.86264027385231,621043.3509848178,1519869.1236680876,0.9871280467745444,0.027417545337579726,0.023961859007650587,HOLD,SPY,2023-01-03 05:10:00
111.14763683809151,159.93781149840427,74.19185187539648,150.67290310402728,130.51786353991028,34.09359016798966,0.20410231462570233,1.0405383528864003,-0.9264388994557825,126.13361989370242,160.41030994142787,150.2021563592128,0.9786419221368418,0.01824212526403561,69.5290595890861,51.175793814195146,5.5807299727566315,-74.56747240236457,2908769.2192488485,-248705.5784426679,1.0322902793544646,0.24886345882738345,0.003046846192578949,HOLD,MSFT,2023-01-03 05:15:00
139.92645902129615,202.2791904919933,165.34952150494354,116.8307448149805,197.51134773565047,50.29913415566817,0.49941761281484465,-1.4789197094458675,1.0064439899032849,132.96189379423342,148.24045585995353,119.02947748298244,0.19427165851178943,0.19655154061039412,61.73867769564036,66.5888673225123,77.24498857288334,-42.47924556107251,337170.9917718327,1011860.1111709351,1.0366789214942844,0.7367505343466116,0.0003842877557093593,HOLD,AAPL,2023-01-03 05:20:00
200.0706457586818,141.45862313822877,148.21543626012416,209.49328645360055,125.88725602586364,23.725421006938515,-1.1970906336720717,-1.133664004443043,0.15615683089724114,189.95102052448877,118.5435469384193,146.6402425609565,0.0981095606331299,1.8795727544331617,52.40851046631835,91.69626572219751,-6.971725419773643,-31.52497745653786,1055192.864950939,42199.15139804715,1.0405715556783193,2.4655207667377756,0.0029372039309246505,SELL,QQQ,2023-01-03 05:25:00
142.21225945909185,122.57098214142745,139.3585904821937,124.68814463803707,183.30084590617486,54.783488540432955,3.1742649029087673,1.3975661256156635,-0.3943931021675813,147.42110374371717,127.56647730993907,173.66691181392818,0.31354366279797263,0.402803148012509,14.884213745132094,55.684882309297976,-6.435649109328631,-45.660160325314074,667349.9561280112,-486040.8879024121,1.0526678000864296,0.309079706455725,0.0008223148009096115,HOLD,QQQ,2023-01-03 05:30:00
104.90571140645682,128.43733334220818,179.72560907406904,130.5780187637283,154.54575962181093,43.001371397102716,1.7966684932213202,-0.7104445117791748,1.1294218894285826,103.37445039859271,148.19437924764318,149.53658722927736,0.43963433164336185,0.057238681152050816,4.644666440411814,48.45383830466994,-18.793533811945913,-5.609943603469331,1318248.3195123929,387554.4830589761,1.010436340670118,0.23964919624433628,0.0114814628102072,BUY,AMZN,2023-01-03 05:35:00
142.6277080774217,115.31100887972835,160.9331170755768,120.69414560568006,156.5658456270286,55.776248915228685,-0.9090579447814824,-0.14121378631111925,0.5571527445407829,161.13890354505364,122.10782396428642,187.62106347945425,0.811364725326927,1.2582679323060584,29.090120613232745,12.676918863592213,103.28287566480259,-17.171665731311187,639212.2885176829,-522646.9128660377,1.0753476240773014,3.6855420771450533,0.006674609528113155,BUY,QQQ,2023-01-03 05:40:00
141.81829290756988,124.45714275616889,185.4075010680479,209.55136278841977,89.89074255945796,35.9363314949731,-0.21229278964665835,1.1246795161627383,-1.0756082476060034,130.20969072877412,156.166041418327,158.85250536740898,0.3103838061702155,0.8025094662152077,53.77570777861903,63.68059302681757,69.39138147330242,-64.21736190474405,174999.21992642805,-153714.40976558684,1.0291794941723114,0.7434193225742146,0.00014673179208933942,HOLD,QQQ,2023-01-03 05:45:00
69.09340071175285,136.88475704229913,110.1816131958251,169.6929673151834,82.91259940382844,68.71553418837104,1.788581056092968,-1.0590957959747864,0.36398060384964687,151.27283048272852,112.30013113274045,173.1991761937254,0.7948754806168271,3.2415734150051123,79.49878507859249,60.674743645811844,-2.9162668331377932,-61.21675285080831,2059001.750282489,-1571803.7607285741,0.9979092587728753,0.06454787225590439,0.0016736803906233064,BUY,MSFT,2023-01-03 05:50:00
148.37115400446564,105.83298942464074,144.13623440115092,122.02905580020345,142.38302179198058,90.43667636648608,0.16005417669509334,-1.933436301743881,0.3629843997381095,153.27634052075365,149.52377223030186,171.5013480460767,0.7501252803768511,3.4166277864503587,15.33216845913702,53.61287780048798,-16.059459395680857,-50.92204316837582,1126293.1004985694,-304146.4455036347,1.086994395906199,0.32364245695166155,0.01013476837719354,HOLD,AAPL,2023-01-03 05:55:00
143.07196409373967,148.4685500184881,104.58216562629964,187.399409883519,156.40718190249837,51.15536475751317,2.8031562779988906,0.6964553782239367,1.0073841279577875,189.59187994508278,162.67348299249474,192.21341876021938,0.43186523703493424,1.906029359371261,54.089777746308364,76.07069000969254,37.25041211220945,-41.11296523293901,746275.4902066169,-1233950.6582589534,0.9624481411479209,0.762844928353468,0.056188965602493715,HOLD,AAPL,2023-01-03 06:00:00
170.88619094440256,175.06831521359942,139.2654417036133,158.4223582172441,115.2440651678683,59.282897909442156,1.132419398298401,1.131525499531544,0.5853592400667382,142.31142291770405,144.78660255570173,110.84658039905925,0.6288821785797799,0.693544691947265,17.927602614164485,22.072470498487316,-93.17703201250193,-36.43100355326807,1778352.0706478376,-6362.026872659872,1.0053257362197785,0.07470487604184609,0.10517722145882587,HOLD,MSFT,2023-01-03 06:05:00
205.46868284836034,120.76731459559238,138.78460365583308,160.23210947556805,116.33919768570973,31.313412705416894,0.5057665542601661,-0.8663472696432535,0.6569044226843328,184.42241865159508,115.2378550188086,134.3102617913409,0.35517698284714466,1.2384060054715236,50.13380969125399,38.8284806844015,-108.68253512143109,-44.52189783346038,3737464.5167210526,503026.1448539255,1.0106265182568275,1.179448217528414,0.0010284006720821873,HOLD,AAPL,2023-01-03 06:10:00
183.7969508864327,193.57851770925308,160.66534093157676,140.9767293199215,165.844178894784,44.70920061222956,0.4885532579410547,-0.9406964917922533,-0.44138050852339505,104.17094971713661,99.23914684181409,150.83694944074867,0.38424579655789465,2.423042626233076,91.42944779803726,96.58821440879711,-51.796044027054954,-38.43612757211285,526615.2403292573,53049.258860473696,1.026070574291585,0.7391683811644142,0.03550750029179124,HOLD,AAPL,2023-01-03 06:15:00
141.93333928335508,163.32376265582784,146.13909702854747,128.01868841737686,165.88563441371392,42.84053579108216,6.297793290093747,-1.6501430114520956,-0.20970572161881315,191.45676340588824,112.31812862588512,174.02044066986406,0.7025172832366045,0.14365495571332618,37.28235100497577,75.62411618777503,18.783897704185108,-19.376623048711654,435503.576216433,928077.7298910739,0.9768810719386548,1.2369168613528543,0.013088446193777399,HOLD,AMZN,2023-01-03 06:20:00
116.8042227377499,178.91741756872173,160.58517845699788,162.80851516974724,144.8677681883622,74.80020019494427,-2.0369260598498484,1.0702364325592684,-0.25213894911125695,205.46256140062482,152.18477133487832,155.05101799462236,0.39340785304068493,0.8084230533240058,21.141784802211294,39.07895315333112,53.07030347312188,-37.328267474582724,1400767.5544673079,1977993.6732218706,0.9687975198118104,0.4181578011780695,0.019406592637630993,HOLD,SPY,2023-01-03 06:25:00
227.20079409749582,128.2649633844359,162.58600332847234,134.5572086401411,172.40605163558226,48.44513512023338,-2.188872098136808,2.8783471268300076,-1.5986991256485104,151.94177062736225,134.85098593777084,149.80757094667402,0.7142565963996569,3.45610171997241,26.379816056779276,40.6627511885951,-62.212952889638395,-43.28088832364149,606245.9455487627,-110578.73601580044,1.0572833358398164,0.5446700130517251,0.014103148431390097,HOLD,AAPL,2023-01-03 06:30:00
151.77655302043465,173.63575681199848,198.87321693457855,210.13618014640335,113.7739311283956,14.099120395854815,-0.48288612083269095,1.3973176287798779,1.2866551405478472,131.34934183628442,124.98693165048805,180.91146641435918,0.5914006231317576,1.04184802338976,44.772426738520366,74.82081947954813,76.91528782658985,-27.372718909638422,89671.8647673616,76273.27169836941,0.9426418657470664,2.632952437315019,0.051674283303551755,HOLD,AAPL,2023-01-03 06:35:00
150.4178787573884,115.2419829881406,137.1175836178469,111.38268463222067,138.3219524873909,33.92642384816131,2.8093766626545995,-0.13678041430096685,-1.1191618343064476,122.28396893873487,149.94338109164175,139.86829205718973,0.7575200863936812,1.9598886830053492,29.43563296200852,11.093791268050367,-26.81016143695789,-45.95855055717236,437598.27824336174,-655337.002593234,1.061112861967623,0.23659014716232496,0.013020339323204502,BUY,AAPL,2023-01-03 06:40:00
149.2762473866999,174.70742502509526,121.47443248334052,201.15701673135825,198.4363281735102,95.86809204006781,-4.927773389368622,1.0746830689740552,0.26872139437193016,159.1079537030536,90.3509642077474,138.47264172487868,0.5703681108909622,0.20259172874697803,73.68468021972426,20.145248445907278,21.333646609801193,-19.786196088153496,1653557.5573916193,-1891172.836304226,0.9958383303594085,0.0403167178205168,0.0036778071838353293,HOLD,QQQ,2023-01-03 06:45:00
155.94254282303567,153.15518019380593,151.15209038291022,148.43779683847038,151.04966389819452,69.19352180132469,-3.8077790682504005,-1.2477116904242276,-0.3310923111239177,202.56251716921327,133.44633650698546,165.62440836737616,0.7529247701247558,3.001579391043863,63.61414655291628,73.99868103656809,-26.982176745749197,-12.702356796992884,1226539.466825953,135297.21443505125,1.0125637723660352,4.0292649404297824,0.030269216645655208,BUY,MSFT,2023-01-03 06:50:00
145.6691876422817,164.59753659954353,124.94299932151141,161.5707434886754,152.78937543761,10.39600379658431,-0.799455964829849,0.5526054375454926,-0.23843873623169146,145.0977643189932,112.33181854567276,221.82059444934853,0.44593329851787744,0.211755720997948,88.5654059561236,76.33122496535121,-5.839402077879856,-68.1673067083578,1986634.2449456956,682213.7419878133,0.9749228676456032,0.007444896525526844,0.014421656802767935,HOLD,AMZN,2023-01-03 06:55:00
132.7901397935929,112.73216183125444,182.0490192109134,178.6610485321419,218.17839757903218,70.77903032827732,4.240319415747351,-1.6279005875955408,0.6775424065583061,198.90047862332307,106.23667508394338,149.40872134806258,0.8168336760078535,3.9541346259228836,32.46169856537146,72.15610806914088,90.31609440312988,-75.46217694340505,158557.99552100178,17564.78702881986,0.9893992008361154,2.191459144647395,0.002490162965546755,HOLD,QQQ,2023-01-03 07:00:00
133.59423176278824,121.14790473170186,137.9195490263692,131.83202255985805,107.01973502453687,32.56605519145646,0.0508813641500628,-0.18327803665319775,-0.7803172607724657,119.70156927125906,127.13548850398604,130.61559519341543,0.29329982232496427,0.22544407926031534,78.1736782606567,13.068212035659963,-26.804901043333295,-91.21846818819719,279610.2225768394,-818442.5800278948,1.0505151917326254,1.7485476732910192,0.012382782913711022,HOLD,MSFT,2023-01-03 07:05:00
149.01740189352006,165.91684654760155,130.86059080315025,179.65594831035637,172.8929109992633,73.13906609133886,-2.3248379278581073,1.613540142044789,0.45657982113628653,147.69599792430557,201.80428628406332,132.99207576486958,0.6638797106174346,4.430848112518728,32.35833596008468,26.15515379929967,-47.06664104113912,-72.31823666409579,241734.37764554966,-968124.7136584586,0.9772781862405374,0.6687072492385696,0.023256286360967028,SELL,AMZN,2023-01-03 07:10:00
133.69725686598704,119.54955987327398,133.21710697122205,65.35859662780234,198.919588394243,70.34151473446889,1.6440968807441505,1.218057108062527,0.46612161924986334,158.4741387942215,155.80361771093948,139.0226709070202,0.15144751038708343,0.9043898962231962,48.62099020145363,15.703217840041429,33.33460462068527,-76.76448566033656,3552002.464028549,-1264112.307828635,0.9118113828504821,1.2219394826153973,0.007014934705082184,HOLD,QQQ,2023-01-03 07:15:00
128.61462651968506,161.89618876297368,162.96043558679102,128.96033493689794,139.25426220504363,42.057625047673646,3.323859540694551,0.8527128176240366,-0.775594762489478,167.5738205986782,111.73503591948958,189.78138524331106,0.6877332523928911,1.959157306804665,10.191325725330676,56.61938126086091,48.70429528315526,-21.43646307241353,185034.52654984882,-107120.73048134241,1.0024376087384734,0.11101758052747414,0.04860231783046709,HOLD,AMZN,2023-01-03 07:20:00
153.1929068307569,106.98586580619263,141.05632541921287,122.42999016508591,174.78892360564538,80.1015640204139,-1.2773796812876057,0.6244152464283466,0.911162877879646,148.35339416518477,170.2729511828751,139.01847881705157,0.7262521046893463,3.748768185659428,29.203349224035364,84.50668097961407,-75.39131768682438,-52.20275452975154,911129.214591266,-1001829.9312367411,0.9628691153150835,1.4425023742302192,0.037936825124313255,SELL,AAPL,2023-01-03 07:25:00
142.35068347737433,173.44522638000004,128.95832949674045,111.88780760410363,119.53941508367286,50.32770727516623,0.9088111186428358,-1.104183441585497,1.3674295742611293,203.6325157200222,107.33326922558848,159.1374438635936,0.903461002648111,0.020588450357032124,77.9701413004433,65.26313036480902,18.373854030704422,-71.79133705047516,1002158.0323698815,1157868.264324107,0.9536110747510914,1.5313635434427735,0.016781730147155546,BUY,QQQ,2023-01-03 07:30:00
195.11978965748065,111.02430055694472,186.63379794058827,145.12144518147358,128.39802813297945,41.511153252729486,0.31351477035926256,0.21372100959013235,2.0247244208160087,204.18203288590803,177.93259945639298,147.24133600987525,0.6308291585841543,0.6176566029784611,43.051945685346844,59.042768827530345,26.834737626732903,-67.16842949363331,964676.204404961,756079.4794709111,0.9669901223124432,0.052706475146059896,0.0011181219913873788,HOLD,QQQ,2023-01-03 07:35:00
70.47090574820965,164.5689981303857,123.59575398345625,164.34399898181422,160.54899248142902,56.481332974864806,1.1445307458033052,1.174913329668807,-0.26203254698631534,153.8812844810904,117.96181728119554,110.60563312893855,0.29231980645574906,4.779301771128913,76.1618668986734,30.428959744160416,87.25739927162176,-45.99303681385054,1176562.0681379475,1048254.1492360296,1.1075653756770303,0.6876453477522222,0.017506066734775148,BUY,SPY,2023-01-03 07:40:00
182.74520555767384,166.76892800938003,145.88915185082485,174.4851199519778,172.9570001933177,54.9592922675287,-0.9179146675885606,-0.3647316730724105,0.19112285975160406,141.78261518977834,142.73840787413374,140.16873510260692,0.5987961373629616,0.9826214371039541,89.49286233279598,28.712265618589655,-20.117869159165995,-42.5723281072624,661496.6757289828,1276000.2329170366,0.9908599410715139,2.9593617878277056,0.010743555983880207,BUY,AAPL,2023-01-03 07:45:00
187.38255577492887,127.09684544711276,161.30765379025576,159.70805623041304,182.62809537218737,72.93768954580392,1.2572620035576474,-0.3068727169056366,0.25218865829243337,138.98547204190535,192.1407147183895,75.76615025009042,0.2966882107517961,2.4509099780024357,63.151066359477625,85.24181394205291,67.34319416354441,-33.3573570844422,87398.66877872961,-378450.94724357745,0.9757979182440109,3.018842352045837,0.025752065096926752,HOLD,AAPL,2023-01-03 07:50:00
87.79829302775552,165.4607970125418,104.21662223957317,130.6978091234065,196.08885760818478,38.11887959223835,1.6769361041831443,-0.7053379996281125,0.6657710608374758,196.20370678048465,131.2407098592308,155.25302265095368,0.33020683447020327,0.3016738172319801,92.52762606676832,21.79926051930339,8.066988287366799,-69.86309693233538,1208101.681146935,833570.7426984413,1.0423237609255338,4.167865563566782,0.006213039116748234,BUY,QQQ,2023-01-03 07:55:00
139.71937217758955,155.81326790000668,157.00651253514812,163.80852601040536,146.97660324334453,25.876485359202984,1.4285987682015395,-0.42742363904486896,1.7485397451126437,136.7244535411749,185.94359038250983,164.68635186439676,0.47174073891333124,2.2687168830128885,55.2211358796548,77.52042776624113,-14.969784455614956,-62.39960190811985,330039.780911781,-257401.94661173172,1.027195340781303,1.0690488128688822,0.018616087105290894,HOLD,QQQ,2023-01-03 08:00:00
138.85677402012627,131.83474431421786,118.62230811298876,155.97714223522723,184.80835265517763,83.43112710635526,-3.244681281656981,-1.1599850181625575,0.4868276281111017,108.85134776224861,138.19660309559384,124.63198419222067,0.0324076803998559,0.151950804411867,42.07588295646545,62.84552648451863,-37.12601468727071,-7.560794081173458,78904.6199816242,-245424.4197447292,1.0580255476575529,0.15212102317869092,0.01616834009872039,SELL,MSFT,2023-01-03 08:05:00
107.77464915846537,117.74335947771375,165.56956952085005,181.9537973739525,138.73085469652554,69.48136760568842,-2.8677273052302783,0.03610757948421449,0.5140596808729196,114.07446006687617,137.82236986603675,133.73715498853576,0.811306095723432,2.526915891193694,41.25692973185638,64.44716867222905,24.825099693351895,-87.67887001689907,186071.7576026978,-201759.30638102535,1.0726460116101866,0.5325427498429501,0.0149668800621179,SELL,SPY,2023-01-03 08:10:00
126.66549937227374,89.12122924982263,120.93372470202559,176.86197449380853,176.06273934764803,52.633512939768735,-1.3784651442706644,-0.4804134927469078,-1.094670276054154,183.34415114168752,117.84808295105793,109.78441543955327,0.5519759259580354,0.782547431084046,58.614227420120166,90.47880625558986,-58.39939121715471,-53.88127987914402,338581.90378142754,-821327.3000901227,1.1228405874475718,1.29805164267812,0.0024639594890692703,BUY,QQQ,2023-01-03 08:15:00
116.68272463602514,158.4895014189908,162.31922579622153,152.97524524546012,155.22466393556545,33.480552413257215,0.5349748174676853,-2.211368480772699,2.0486438191669487,112.21242634252728,175.3103632804583,83.51004784165927,0.28318031206748934,1.2541483844638648,71.33469823693233,35.72762633698731,-54.62223874201905,-27.192916182311794,566408.0556626421,-139873.5237915653,0.9630125654457218,0.33384317255480955,0.013462399742677347,BUY,AMZN,2023-01-03 08:20:00
202.56811330270867,101.05591685913835,172.64582665736782,123.28790380283978,162.3703372124577,57.59358525482471,1.1183992068817499,3.901413490810767,-0.47534254253888053,146.0377583799476,127.60982731667343,104.81470941142095,0.39255777647104884,0.3636677857635971,48.279834439814344,14.511665723256852,30.249437061173484,-72.13466330364581,1975611.6069304184,-125091.27958245181,1.048990730894576,1.661488596948374,0.01599783318905094,BUY,MSFT,2023-01-03 08:25:00
178.07035179442383,150.86032598323925,166.53591314082013,131.1055950133734,161.70523622066113,46.445509168511755,-2.1081737596584027,-1.556142232714137,-2.6596240879427966,163.57555208324123,187.62892650440202,169.56012917904008,0.48666624896306687,1.9769112814891099,50.47528552809616,78.38470644616756,92.36827513504818,-58.717638897284694,768954.4122361996,671085.5305821337,0.9643461086447309,1.9758828911607795,0.05252693036640519,HOLD,QQQ,2023-01-03 08:30:00
188.14665284982476,140.09655351753253,151.28291620595257,134.40674049158292,100.85884970606564,62.824090685626125,0.6484746025326893,-0.20204080072598385,-2.275696830927855,101.12632168645182,124.30560747165948,140.57186713494673,0.3221135030951506,0.823673615022452,55.89754906695881,44.78005631974092,-70.93524461380673,-50.608907740435846,638596.9797662613,-220168.99348575174,0.9906348341236553,1.4420142301350487,0.012355748456452816,BUY,AAPL,2023-01-03 08:35:00
171.65016192129704,168.37428326314586,139.21747642675751,141.91147731467981,115.2763442341768,26.313508618903924,1.8914582253004664,0.09175185392624251,0.32507674318526925,166.3795413228474,128.61748974925,156.28110341719514,0.30026799023888434,0.9669884584773298,72.2735512563534,54.44284025376802,-36.62006156403132,-62.582240752114004,212275.07894117065,-542505.5977111789,1.0264547081359283,0.41870649682066124,0.02042552166793387,BUY,SPY,2023-01-03 08:40:00
116.12844686348313,138.93863501530407,130.5895105916289,160.5776136828721,152.07624319452566,62.36506414286129,1.3360017478828465,-0.802301425643021,-1.2731136619784333,148.64009673915857,165.0988670847737,211.22841180346472,0.46726866841341436,2.1122146699726527,25.37376398526919,70.86483450389849,14.649130121695505,-35.505620003071506,3200611.5908349,690422.1631900857,1.003796436379368,1.352754116142603,0.016844352924510194,BUY,MSFT,2023-01-03 08:45:00
134.2643920116068,138.11656640958725,181.7758672704276,174.88558048409786,98.38162761076495,59.87597772794226,-0.9196631241292599,-0.1345767431883822,0.05378512588327067,93.24431057828046,137.28806703930968,179.96368415899835,0.8127827376410857,0.39412736677271104,18.636365969121062,51.72848200308658,-27.628636522159223,-95.23528556068361,2391590.4027290875,-904327.6978049901,1.01776758036648,0.07502855720443907,0.0043443545683644145,HOLD,AMZN,2023-01-03 08:50:00
164.68123683683754,169.95612112864887,127.51261949580892,150.36420182350793,173.93633309599267,50.31880830106592,-0.7368415857239525,-1.2278171846877082,-1.4947471226195939,166.83289775573937,147.21066087993287,166.17107236376992,0.7851925762266899,3.8212061974558993,69.93487475707329,57.31060842215127,-94.01046784095446,-26.039153644635604,1693239.338269423,-132697.3019813521,0.991053090140681,0.40829701773893917,0.004076851911513145,BUY,MSFT,2023-01-03 08:55:00
113.33616573324164,158.05174087252354,119.0733481607501,152.51599321281512,175.14667898864425,42.3998387760971,-2.595136259081052,1.0907689737053372,0.3050412477836996,173.85303518261247,107.27496528157201,135.45802865421072,0.6185653708527612,2.688665627099208,29.972320739907488,49.53869527068358,-42.7446884313593,-28.843658949410468,390307.4110190747,660673.4971437034,0.9549698147861857,1.450731500260656,0.02689522863920512,HOLD,SPY,2023-01-03 09:00:00
171.38995290517164,157.48467871548334,161.63422337582074,156.58580176000015,158.81511658633372,39.85405348578713,3.48064792483426,-0.03335783075264101,0.5642752106490326,166.46368552317998,142.75509123365757,196.78175421265345,0.2622923053578861,1.724220733085327,21.873443021634216,64.81957528182377,24.481427784947922,-35.432999601375634,824686.5569625924,824718.5530729358,1.0387841319054518,1.583872094068365,0.014807456803971423,BUY,SPY,2023-01-03 09:05:00
142.79023805525594,162.07802769425578,125.09657992033762,135.49102997976513,115.36597961726234,29.510918844034347,0.9480590563186131,1.0775898875210184,0.175836516544474,177.6509022016756,149.27668329173858,187.05761213384724,0.4201980822465246,0.274695771401849,38.23897964470089,46.464136047399776,-14.004581872181149,-54.13666310200006,492407.9407966382,1315781.360620783,0.9410037950042471,0.38386907551283955,0.04527362237009363,SELL,MSFT,2023-01-03 09:10:00
138.75537577351207,101.93283630378683,121.24841256334682,122.3874477554254,190.40416816605546,75.72369406903287,-3.2244675982198725,2.2048435075393855,-0.6963339446959711,169.0341165589647,183.10738618583648,176.79387423835158,0.6728646791626635,2.323805222421102,44.47469113935326,23.893184715011852,18.34966645168566,-85.6948240029398,515694.3663262291,399923.7636356076,1.0718253340486523,3.2267285113792297,0.047753108857067635,HOLD,AMZN,2023-01-03 09:15:00
171.32879904610476,170.70366039960945,108.90989344575588,95.82598728605728,210.11631919155073,66.54225835303184,2.4532922634382355,-0.4218431159581534,0.8785620976733143,185.5553239921776,128.03934000263249,149.85238995020293,0.2933249445775925,0.036530338643883505,82.11691029801214,23.838976754094297,-68.20713641278222,-42.893590077104285,74865.10337397884,115092.79523877722,0.9976855854061589,0.3192120088739578,0.00705012363603926,HOLD,MSFT,2023-01-03 09:20:00
163.3278993445812,166.37406382040808,132.92725401348704,129.7552205415401,153.41230482337923,55.80520975812932,1.31709710746089,1.1601734199550056,-0.39936349131725574,126.89482278887884,148.43747533172572,122.26395508814298,0.6595382811610216,3.263324114122782,64.28735440299076,71.37152695342333,16.801384391975777,-12.383225010378109,150874.73104406433,1591855.599608281,1.0510089343434033,1.0788389662861282,0.002141169903135238,BUY,AAPL,2023-01-03 09:25:00
139.1710150254276,117.49950614270509,142.93212440258768,167.14065450456917,164.3160613535371,78.59480422766538,2.3885891404401223,2.304517720829053,-0.18835622647590086,111.11106168839775,170.25552578792892,195.51948397200673,0.0906648939438684,0.7242299907485275,80.80601426350952,11.495402747107118,-104.75313410821012,-74.45454286299,3248530.875764124,-831639.6319082299,1.0971433467772944,2.1116652193187706,0.008434346431758872,BUY,MSFT,2023-01-03 09:30:00
184.77989410092744,140.67758578977396,151.07729319151747,129.50683398273384,155.0521596438813,55.72939349766497,-1.1172110576765,-0.18520156188670361,-0.5096964688958858,119.35374365043843,141.0656101105568,176.11545477920905,0.5856575692440259,0.24933937731399664,49.963685813683334,70.86771340531003,39.06878017738683,-34.62927547856087,941823.4866933296,784980.9642036086,1.0101033074731498,0.8016214457543858,0.0013878322545403364,HOLD,QQQ,2023-01-03 09:35:00
117.56810017200308,146.82078137117105,168.78265610748707,144.39017480236993,164.91107566996396,48.38307338345212,-0.8380511696805918,1.0366488751030076,-0.267916181352738,131.57445715922844,167.15425268278133,143.89289461746046,0.833339193802644,0.3594234205509812,44.522948973252774,32.06294430442888,68.39063510912595,-49.89900472708955,6329.5979374886465,128570.79257994286,0.9478312757669813,0.5318645108850668,0.030396949759071392,SELL,QQQ,2023-01-03 09:40:00
168.47806820832793,143.96509646794803,158.17244809164484,166.92580119719415,145.4132373012081,45.35355584219978,-1.6252941117781023,-0.6979226756262327,1.871248918330586,230.7684653758302,202.45683448222735,141.6968269746582,0.7890845126938312,6.600952743224683,50.927303858260856,50.672651511992285,-69.65921181819999,-11.178279176106118,1656455.9256735584,-2152928.1776116146,1.05959515321844,0.23750400155666107,0.003160735771830264,HOLD,AMZN,2023-01-03 09:45:00
167.7930377390515,158.01579899705604,140.2281945111705,168.6620638855254,147.9630728046859,56.02704944069102,4.234363079979545,1.7958180526558163,-0.004951273461915913,131.88406675871195,140.7396356682268,113.35273898865455,0.8120891133542066,2.972940395199773,26.309007455480305,17.169414067028868,-28.59592797121109,-52.39302751494043,91064.98459172892,1598039.227512213,0.9879504980483786,0.2187044330831392,0.040252037775508225,HOLD,QQQ,2023-01-03 09:50:00
140.71360682058028,190.9410034549355,140.045108090507,117.45494873068675,176.17152801492097,77.99750104076101,-1.001981193619888,-0.7496974119109437,-1.269626761962255,141.73801760432124,173.09075421387323,172.81075659775723,0.6703463209578473,0.5432814468280714,35.17533484984327,81.77417169837189,-74.12065978690913,-52.72381307131372,1231535.0372010777,-809099.6998259614,0.940981255331201,0.17306996321961463,0.010734058210106128,SELL,QQQ,2023-01-03 09:55:00
159.78399066726354,180.45300183018486,157.7539367228796,183.90589940651654,219.3687248568932,40.90308678540413,-1.9104236193993864,1.054595094316115,-0.9592501971012752,151.79913841860522,152.87105482183622,155.11449507588725,0.5503058448212841,6.619037218319873,39.543654825160694,20.287947812533584,4.590251904323119,-92.81701700823474,969820.7933989208,2848741.343134556,1.047612166286189,0.5852260269716869,0.006531335137612735,BUY,MSFT,2023-01-03 10:00:00
112.4665927084409,108.6334241970578,176.81425407321424,188.07520285937554,106.99786296794784,58.369894244753965,-1.2939061082360412,1.492676846379954,-0.27618378676115973,147.5138203066743,161.43615970441377,161.9327217892932,0.9152795370349925,0.3019194508959154,58.11942882869875,88.89741306217628,7.644143783574664,-51.80071177771772,65019.98166118386,153579.90970674666,1.030834940471316,0.7938972457450246,0.013923786433415682,SELL,MSFT,2023-01-03 10:05:00
177.72081057620704,166.66209970918146,148.15785498708001,115.84480456900607,145.88562546791098,38.44041646804903,-0.650318467951749,-1.7684656503157015,-0.7946402743902745,223.53235196131385,157.62531428116594,177.90895065228736,0.30535249317276253,2.644966298075691,72.98636880904259,60.63253155884426,-66.89908143948237,-56.28389146502188,757022.8187522474,-953562.0770914095,1.0087620692603856,1.8266437058341791,0.01860120574955338,BUY,SPY,2023-01-03 10:10:00
144.45293590671034,187.8679995860623,133.27172864473977,125.63722017148307,113.58618544303754,43.963475774512865,3.1119074481336177,-1.0000648376123986,0.9496593586124389,99.60382911671873,166.6624828677402,171.65837329305066,0.6166865990177275,2.1385320288084424,89.132752426861,64.67287648779335,-28.94744731286932,-55.69105402703124,48597.25632389543,801943.669949133,0.9592389723887703,0.24506587487161433,0.02418261633070054,HOLD,QQQ,2023-01-03 10:15:00
134.3183093844288,159.60425562067607,120.17834997286137,190.11490186067812,196.7607469572825,22.626037969332398,0.5536782962604823,-1.06077080858993,-1.416941475259401,236.48801066497313,165.00727676300744,123.75056833954764,0.7075970386029197,3.4460731190734797,47.5938217583396,27.194921864598847,53.830364259375486,-62.625760057143765,66556.2883905984,-386777.4990680734,1.0620556014813476,1.4073449023288294,0.008255302064381749,BUY,QQQ,2023-01-03 10:20:00
181.47027677510667,180.729412755579,108.86986838969436,147.30068731983036,131.36786092040305,18.69717707020413,2.4671013947381364,1.6198993245012936,-0.11906678390511732,165.06429746175797,138.24327414558323,150.6713440219295,0.35493570231928395,0.9615588666321855,25.46545800501054,59.44935991933957,27.81911250465075,-49.81616555131373,52534.94717031493,65142.21111223442,1.0526445232232555,1.1845314479448261,0.08145651534440367,HOLD,SPY,2023-01-03 10:25:00
128.86968928371724,208.36811337102296,161.6567418010881,80.96710568154077,105.70397618642617,51.56498749073053,0.5706080109766296,-1.7630214542271612,1.0106367274294292,193.6519977748209,126.10057184459025,162.3839963248417,0.4712746734264843,1.027778819105557,77.22837807266558,65.24043599081952,9.778732046440886,-65.1497454242618,294963.50042764266,556175.659338041,0.9986607045276961,1.0065408016587643,0.010973571170362418,BUY,SPY,2023-01-03 10:30:00
107.74616110909321,178.71128638320945,159.44946309098893,107.21019184855405,168.1456099654572,53.886716930186516,-0.36047141003298244,0.4885338463671979,-0.630093873549423,160.71291692312016,150.63438953141272,164.6474453984465,0.4969688891712753,1.9593506031679124,34.365925051345265,38.8385759855477,54.881003572181456,-50.02685785794593,1618323.6847032493,107584.3707678822,1.0804376103210103,0.4145260812325424,0.03597184560096137,HOLD,AMZN,2023-01-03 10:35:00
103.30112479428288,155.47925786925185,159.43408812766654,144.0201719944806,201.32933344229335,38.88017092606302,-2.0850250742631764,1.0897165728759672,0.43905866087037315,188.53441855255502,103.67263488595334,102.29180038819261,0.7803400438115569,1.0156793621505102,54.894884774828256,38.11782190828014,90.27309342592403,-28.72463092839049,450129.9978879271,13529.71131489964,1.0489618078513263,0.38271593188384734,0.0007098011549921001,BUY,SPY,2023-01-03 10:40:00
168.1802985403692,179.3526542225426,141.7835138411986,114.78263519089273,168.90793605682288,66.50913538217975,3.1880569461345294,0.254083474748124,-0.040331543597826224,126.94741433091107,155.46555435246074,119.81903510899913,0.45761247103105573,0.08446033085163644,25.1347969000437,57.73807318872112,6.904746316622471,-49.84044883062753,1020369.4200258675,-498955.9105888152,0.965531810984495,1.4227035854027212,0.0300982366616406,BUY,SPY,2023-01-03 10:45:00
111.58711942511151,152.34663499290673,180.17336864729376,138.77043933963387,155.14393631845752,41.65894891290083,1.9819232247853058,1.9120995114871064,-0.03155499995066295,112.57595302502948,158.64696253866094,169.72031595881805,0.43529761151301344,2.6165050811521393,65.87864593629583,4.710856824527435,15.358795587218092,-8.35488881308498,133358.85063785184,-2154491.4372693268,0.9765548245334466,0.32094143267861913,0.016029715736870565,HOLD,QQQ,2023-01-03 10:50:00
202.64382545953094,148.71709129854867,132.89703763537955,153.03667883787452,161.27422768327983,53.73053347883657,2.163896355426496,-2.8868908179479527,0.511893244861761,250.7592356193656,135.52854740147654,169.26274085969524,0.7113384443093689,2.0485653191856192,48.22153012519376,46.49667871695503,-14.141665188784847,-78.54124026229043,2701045.949469894,387527.17343963153,1.0178136043862858,0.40005773317122384,0.02041223625491877,HOLD,AAPL,2023-01-03 10:55:00
87.54211776348833,137.45757292858804,168.88173093018014,198.79214732911132,191.44521988476663,27.443087615052477,1.8503285857692249,0.9118733228592977,-1.8588618040055669,226.97150455472132,141.10451234123408,198.29062730052956,0.8152871751856375,1.1022983071502277,56.470835611513145,34.34658342718395,8.524789476648321,-76.52987373484156,701664.9044554136,565962.9643903354,0.9918438412448217,3.3579016653316582,0.00933230826599343,HOLD,AMZN,2023-01-03 11:00:00
200.89369104870116,194.90240076496326,144.03142762526141,142.70547468071075,122.7740218995755,52.68269361806064,-1.420229009369396,-0.272629760288684,1.2033619835581906,123.11775758795062,162.79647862141815,103.49842842466262,0.873414098185698,0.7214507313232004,47.176175385528474,55.45764857577047,-35.258412940379664,-32.34391200560442,24902.405815560633,2056693.5660973869,1.0117831625023994,6.478816580283221,0.015742152055176886,HOLD,AMZN,2023-01-03 11:05:00
156.33052401607856,123.44714002173995,129.79123088301657,186.3213375863283,145.6445868774106,78.13918539033045,0.5300145384701147,-2.257691816764586,-1.8969873104990196,185.0791503457062,158.67867812107423,176.92846550590866,0.25235280057717885,0.7734609204079277,14.099848358965838,36.20874735858837,-84.29140290019853,-26.038196547150694,770906.9338970836,833871.1940656456,0.949411412266661,0.0017141168855184425,0.053829895853357596,SELL,MSFT,2023-01-03 11:10:00
147.09860664388822,193.97103174034348,159.81325768294403,197.72032518517665,135.419295544714,49.14459957580073,2.173726332149164,-1.6216467719057843,1.135915929265988,200.52569200664766,163.1697288754702,161.28999846515646,0.7051169882462172,2.7020754793034683,2.811992663292695,53.017997900014166,39.939168512841775,-29.571932994654727,203990.79919566566,-1018870.1608528028,0.9655349784955538,1.1607985531152358,0.009756404782122075,HOLD,AMZN,2023-01-03 11:15:00
133.6524273957315,162.99592371221115,155.24090296709983,197.89790941926643,113.9640407812487,33.04199592625087,1.8886737095934194,2.3476521609128884,0.4340122162887452,183.10658839502804,159.425074062932,118.47273806837583,0.19094516866627828,2.6124605675059986,76.40577111232336,31.46104906392415,34.8731408221078,-89.61573958719974,217927.70369133007,-2047065.3317730739,1.0037488138239146,0.7667948028420812,0.0022357566907864395,HOLD,SPY,2023-01-03 11:20:00
161.97408343056213,106.02081475594176,153.92431898167314,161.1121469883382,139.14874221749594,42.38495579976908,0.3131830107729154,0.9483320527282499,0.4731409054159279,152.70853519721308,142.65758624183513,96.97524794152174,0.7925431440055202,3.4176152658234584,33.18534595412873,60.57067931312762,3.5062196025611323,-64.54744273719363,917227.4297926865,-2332478.218996363,1.012811489542787,0.6165017100770209,0.025495964849899508,HOLD,AMZN,2023-01-03 11:25:00
148.87095892725455,159.02947878974265,147.03196055140498,89.17474726915282,182.23163287947347,33.23985077097139,3.9499736470818365,1.2028618756922005,1.6145647607569271,230.85747617488465,139.62815426272576,178.2273265163804,0.8547891791962883,2.872485989295123,63.47825503663991,41.40084330023451,6.319269845959028,-41.016776932738736,256679.00129613685,48415.52750339252,1.0106666860276803,0.32248904327569816,0.01407057786748149,HOLD,AMZN,2023-01-03 11:30:00
183.09905646049566,84.99920477045129,144.05267295707924,166.7463956929237,165.99806445178177,50.98155514131647,1.0659547317969482,1.4384466649204473,1.1834520272223101,184.06819183282553,150.55819500057544,120.49407898435652,0.7536327697356886,2.837174019185872,44.76369524801088,41.10893380084983,-34.81520438173802,-11.662613138223277,240774.4046971805,624565.8157118167,0.9359247957658549,0.7075528252655858,0.011065664501540728,HOLD,MSFT,2023-01-03 11:35:00
153.42682945986118,166.76524050493109,204.70929982176096,185.5487964100333,168.32931500324602,28.69629683313769,2.6439840064054736,-2.035236225829856,0.8141751033515644,127.52337169843263,176.337326760643,110.57527347473737,0.46841447389288016,0.580098367849574,26.6159167951539,51.678651475227966,60.14286721406632,-23.644208456630565,778617.5743341623,427402.05412326683,1.0080534873681717,0.6098640847457363,0.03008519350231881,SELL,MSFT,2023-01-03 11:40:00
154.50905284385632,174.55694448966972,174.60641612990432,149.40585262606666,153.39426834959954,42.5839180532967,0.40029006608096385,0.36859258772954423,-0.2945293034155334,146.45897946016274,146.60685578704772,163.60593099817626,0.682436634275329,0.2143077001062038,78.74504359187313,16.541344337185613,-60.74245486878599,-38.504611823575225,268480.21567498945,331157.92073799454,1.049916035115651,0.5130132267395892,0.016518803344756375,BUY,AMZN,2023-01-03 11:45:00
139.09163363358434,130.22932133043838,163.0706723746378,207.82668384240796,164.69971348185766,66.21895145117931,-0.7433220673686236,1.6476279658065325,-0.36071371952951303,122.55080658816377,172.62896427496827,149.71010767215745,0.8993046038494751,2.8688884953241387,98.09848776546667,71.83207922730102,70.43871780051386,-48.5320734186876,117109.94253481922,1386881.726242777,0.9797343146644752,1.8958988886758261,0.01995981726045427,HOLD,QQQ,2023-01-03 11:50:00
148.29163128836797,151.70643087866748,147.7949789550847,179.51467396695864,124.98228972955684,40.66396942629917,1.9383659747245359,-0.6039038205344484,0.841476519466711,156.2411101992913,89.18126612919593,167.23896856116747,0.4453053230687932,0.2076523193368416,44.93360705088422,62.477496686843324,29.20143519193241,-31.134105163249632,524682.7169454979,390966.32474855776,0.9650542808410556,0.3155950631109563,0.052094352137888746,HOLD,SPY,2023-01-03 11:55:00
159.2340530667618,206.62472301250858,170.17893001491672,170.1847480688891,139.71470342218313,35.938371450527384,1.4670369249424324,2.043669635812739,0.45284724708981894,155.10891049363767,148.0402992124512,162.91745494474273,0.779216112809903,8.047183873060202,66.26487222452407,48.657704875823995,14.603019002668319,-53.94155208785912,53399.12925401981,-938458.2718541883,0.9781231788958783,0.9100007035312152,0.0012058524059494295,HOLD,SPY,2023-01-03 12:00:00
98.69494822030124,132.8275988721419,157.9498694097863,186.7641827585868,154.7601271090603,54.403919287196224,0.6929284557620292,-0.9189098103986751,0.3011729428874865,186.43769155539653,142.06611349664172,250.3642407479409,0.2439636374360233,4.160311872798086,37.393968767116306,6.981307633690591,17.558541147277943,-3.458759695153156,2357285.12046679,-561933.2995901357,0.9839090477104389,1.996682515569988,0.006086586625796309,HOLD,SPY,2023-01-03 12:05:00
109.55443733682861,116.23277238830198,145.6551188193509,162.6678352403481,157.32547576645672,82.52550281698215,-1.6922658170981961,0.18714178700815481,-0.056945814638392545,185.9226855580852,98.35481510147028,171.70506507131302,0.393031711001981,1.5248299021757257,68.14477230859886,73.67600433953277,50.67324652089455,-70.82282223202351,600636.2166068949,460587.89514909586,1.0590677183866222,3.8633062680499224,0.04569911991449881,HOLD,MSFT,2023-01-03 12:10:00
172.29792282068144,192.44990207387795,137.41089186835214,72.23006401934869,158.6056356476562,78.47123636573676,2.0219223717223125,0.5963010430455851,-0.40780697254720366,173.5918750176654,102.11990327565998,169.78724701007343,0.10199745452678566,0.8682958044794342,28.577574661739604,57.72305807436653,-28.090753819580467,-68.122762366228,13181.178068105295,211319.55185246674,0.9366594826917539,0.9231937404333244,0.031474462393588566,SELL,SPY,2023-01-03 12:15:00
155.12596314383825,206.87761571592384,142.9770665584328,136.0275535529483,144.84994153950865,28.90928891337159,-1.5869229392623159,1.1318976358979902,-1.3899991495802584,172.64896399430737,151.53301562217973,123.53218202688181,0.7880682963500593,1.4966561952965332,54.179018888614685,36.55533329992535,39.2928217265221,-37.89331267878831,254443.42688621918,-40879.47697628038,0.9499526047175414,0.734044844304888,0.004179846746151251,SELL,QQQ,2023-01-03 12:20:00
144.48049990941962,148.1108701554354,65.7393566030486,190.3093768719313,137.6772979660901,66.5379058827165,1.5547128591702348,-0.43160469110038646,0.6435574270231549,196.51433643950736,142.6782446326563,196.8707650224879,0.9089750018162828,2.6507886507744334,39.8083087850369,69.9647397718754,-19.961275615910377,-72.5245070152984,3165758.0784713454,-465698.0027212458,0.895369072319546,1.835805192710726,0.0037053548864184912,HOLD,SPY,2023-01-03 12:25:00
150.55301799196178,178.3438910622507,150.26502098244106,126.15707711685452,243.73313849132893,28.752405401702934,-2.1939713841773942,1.5181681780746201,-0.18168286100819983,152.09567897002032,159.76166457911273,134.84031652744446,0.20120176994406405,2.823880680236299,69.00387759701883,37.920327744423226,23.255170927240734,-49.52205745854966,685954.9097463186,-900135.6765765282,1.0590203658667112,0.20880509853082124,0.034875012320100075,HOLD,MSFT,2023-01-03 12:30:00
160.42745116085013,188.24427746592644,132.788097997241,144.84887983241794,176.20361818797195,76.57492287595915,-1.6940936383372258,0.6420217136488486,-0.24668286564502964,76.2428382816825,75.07984489040753,122.68821861265523,0.21672757101283435,0.15304083353443207,52.274223740748795,41.94423591566652,-78.69652854832388,-44.212701000963044,444553.714171387,1684288.7563648762,1.015237162151271,0.9942947845876818,0.016097842721689147,HOLD,QQQ,2023-01-03 12:35:00
133.80720959071917,125.72547302384848,184.8167499570721,118.56523795510171,161.39442427857867,90.09303536582183,0.5841808359697193,-2.4581904256197475,-1.8125591428182706,233.88387833570698,166.73534411829303,143.65525263735603,0.17724041027337067,3.268015537790504,40.62137893037922,49.67379770106829,-33.7416256804317,-22.217362358245975,378499.23895749863,-921755.1711098194,0.9380383850789508,0.06632997128879463,0.039370852625968,SELL,AMZN,2023-01-03 12:40:00
126.65085823793062,133.44082493896394,145.48360177029386,209.08552304645661,142.0037450538082,66.92842265416338,1.1579311861685226,2.7548589510433557,0.0927013683015591,128.12410449436993,166.9198622991413,163.20320823354737,0.2523175522743224,2.0516369573662816,59.28243556816414,63.4088755513306,87.71951684555684,-28.300796284740887,539517.7537271074,-585875.3373396338,0.9890290918756995,1.0788640363819944,0.049943827160923764,SELL,AAPL,2023-01-03 12:45:00
155.87535765293043,184.92623539464205,115.27591451162596,205.80775863737648,135.46343519168371,60.53371900168689,0.43337516294398576,-1.43679809314302,-1.3633746720629294,184.34133243985153,105.418512861923,136.1452028127083,0.42476774871836853,0.08285188268802958,40.72951247379385,41.8270437397407,66.58999811217171,-74.14915269684212,237958.25382629386,54122.93408566692,1.0224767380492383,1.5887005567994508,0.0014415944184312257,BUY,QQQ,2023-01-03 12:50:00
120.64881667154904,198.55042836125529,143.75299614679705,123.71619535549667,145.07598218819132,42.94501069343286,-1.0543204705928055,2.878500832954023,-0.4346297828822762,148.07825622740484,175.19988813612034,123.70705545658778,0.5202855686862535,0.7513113322688327,37.6495616307421,31.134221978302946,82.44433531895041,-55.69280340591969,1382808.6526347103,367822.40066736354,1.0295902932017003,0.06508379119117606,0.06998389696521427,HOLD,MSFT,2023-01-03 12:55:00
162.24758267143415,164.88642580523063,118.8469728734374,156.7135360124507,157.7848653076005,55.95059387513377,2.226420650088435,-0.23652816178831768,0.7927029496542347,208.9310837762201,184.76022433792522,123.06682636330173,0.3056625141660086,1.4293193219170952,47.2285494984655,73.65279291118487,57.03577149501788,-45.08052678382409,709897.0761805697,241082.31095536237,1.0506496443314457,1.8866455785904204,0.025208999976405622,BUY,QQQ,2023-01-03 13:00:00
98.92249187286478,121.60556939493837,156.83518539281167,130.22419047155046,92.58693367810757,88.01862337119391,0.27764951428267737,-0.5158627382714771,0.06327701991013107,126.34079347409525,106.65884108494501,156.1714395490707,0.3383633060233477,0.4176222366864187,32.811965157773365,2.564778430161409,-31.70751956687303,-69.42832340647489,1392045.5562485515,-1601651.2446137136,0.9189972834375009,0.13165774626093857,0.03597153230184151,HOLD,QQQ,2023-01-03 13:05:00
180.87466911976932,207.61183335098323,152.27368410848715,171.6782284490041,101.91831213875949,45.28103897135761,0.3867504211357315,0.598857264377235,-0.10537974447715626,135.1225075489487,142.69109167840486,166.8097741078967,0.5987009106010044,0.3374066834020473,80.64744124670734,59.17034440490424,-25.48105052105358,-46.19787561549086,293541.4966336204,376331.70638794947,1.0530414646169812,0.19338294936767025,0.01990311370526601,BUY,MSFT,2023-01-03 13:10:00
164.17792447239128,132.07087306564105,168.9459907777067,168.30985847175452,129.89352833183128,13.663392771833438,-0.31502797558017,-1.0479198807170476,-0.7266166999350965,142.57816114834327,144.95471485711,169.27089544113517,0.8342563393199379,0.028768243673706423,5.135246736693897,25.68309683845826,49.46277660214975,-62.11213998678896,1453.480914526559,1122411.9068650538,0.9152297220017311,1.810352467726309,0.007281524071527431,SELL,AAPL,2023-01-03 13:15:00
157.68089202941627,137.94586656485646,125.22795520763586,177.97457829162448,155.21418310335704,52.59834729944986,-1.4454257367715686,-2.828872909485722,-0.5475413964451054,179.40035641097643,95.05900481908112,103.33101438509036,0.8736093824370091,4.850650040178956,39.677706149858466,26.582006614062713,53.99971391086059,-44.79691388600004,3388152.877224657,274542.30043375446,1.0486228903753265,0.13319091709919387,0.018297375329800077,BUY,AMZN,2023-01-03 13:20:00
179.48072951836542,158.27013503468865,145.85020240570367,162.6213903266524,141.82180558544445,55.751071751283185,2.253353358860258,-0.16396304487115632,1.5853633721787135,167.80629679035854,131.7490054246678,125.08262795555645,0.23978824111811028,0.11548695703657837,55.776387561116906,35.74354877166262,69.3022909112963,-41.144013047763615,717575.3285436184,2070936.2649751904,1.0429410813855957,1.1204138690647352,0.014508052543450925,BUY,MSFT,2023-01-03 13:25:00
199.9642333338773,194.62481262144323,110.87445511433413,245.93299860443096,193.34363678298453,90.36960484000825,-1.2854306442205283,0.5625792155176506,0.7797358777052895,179.78228815762344,175.10258588012755,177.93635006214816,0.7981964887017716,0.9114486792693448,68.27228299278032,64.54526354577402,9.661805931873001,-29.739668180986566,83098.21943806909,1428854.684739792,1.119624529743118,0.34929408870418743,0.05378694181560901,HOLD,AMZN,2023-01-03 13:30:00
180.4311019505439,173.6192792965667,162.53736954811785,119.10643951965636,104.52809639012693,55.49694231653027,3.3948244528771694,2.3066549308306685,-0.46209766898870086,164.4364965308672,118.5006396111418,137.27361121393434,0.46225653931652577,0.4607684971953242,46.0382108724886,56.669514323611914,-3.2406417896462663,-82.8137583576959,109537.25237800284,-328332.6689636577,0.9800114746554033,0.2855045270085655,0.016194984797531585,HOLD,AMZN,2023-01-03 13:35:00
94.77377306005064,160.44596501085732,157.97177951100306,97.26069265803154,126.45963591189889,66.39613116448204,-1.6499642833432717,-1.7870405263744509,-0.10552935873192433,192.62101129164108,185.71655320073515,156.07935951294914,0.10378400696568206,2.702110066402271,75.47523071550661,31.68219677960296,59.813351994621186,-39.173085333617756,570360.0459923202,-518214.8239875344,0.9629792845366618,1.05026371680106,0.0005658220811882965,HOLD,SPY,2023-01-03 13:40:00
111.61269099792895,161.8986559035432,157.39512552568928,139.42111357755323,194.60275222973303,88.94039546814595,0.645864429676687,0.8703348744785848,0.24733361283350033,193.2079791877546,149.21370264378245,228.7893070734335,0.2988977239144745,2.4564261979121538,20.902906707111534,43.991559638948885,-76.37918950603374,-60.28682317378554,1188310.1856634535,-1006814.5098790078,1.0146547751408583,0.11290182674534789,0.023173310462276366,SELL,QQQ,2023-01-03 13:45:00
131.25544266912962,149.30544005930398,145.04047578392354,101.82437550207145,152.9335797402544,42.80158661856579,0.13909567340569057,-0.15585019855522378,0.4380832815972119,213.00681042153929,120.21560769964968,82.3618855074836,0.2334063587480716,3.282088462023021,49.08640138535328,18.177504367644424,-8.44454356934228,-64.15647155625516,505244.30045126734,53404.1918946222,1.008289709762097,0.8547780442034473,0.0010372490055946088,BUY,AAPL,2023-01-03 13:50:00
150.782731506325,164.74418543555518,155.36932226971976,104.24120735980824,175.54527748403476,49.91205518639922,-0.22524010145825973,0.04956260869717882,-0.02431605477401721,172.0328802957983,141.12804918458818,146.122643542792,0.452428268515661,1.9184397921534353,47.04307698403626,66.19264756573371,-12.88246887442956,-68.46762378640328,1715645.9919260812,356385.82760141074,1.1107902707292139,2.583921894201532,0.05764835299955864,BUY,AMZN,2023-01-03 13:55:00
165.5297706140737,72.11319766917092,185.1084777077149,119.95793106566506,210.5374082980839,52.46339765543817,1.3638460064347857,1.4580673306538092,-1.7703785232805254,171.86573469642138,103.413508545486,171.23773050469947,0.7432785471195779,1.7912767369675056,51.584882125720476,56.54035187689125,-12.296802794758193,-55.709386014500375,399074.79137400695,1190643.0402442403,0.9295345275589268,1.9065531344997806,0.013333714054517285,HOLD,AMZN,2023-01-03 14:00:00
128.22768560539603,139.10177622790604,137.87264357394966,122.48995502618791,128.1858674629453,33.0901286383842,1.5795714917251313,-0.7671342579804941,-0.031479281709333035,221.8453019322177,150.7058737004088,120.54773900199599,0.7660519394316466,1.0454952028311566,73.2516427636792,38.05793126518108,66.25806150356678,-60.8862492528382,46678.06484487223,-5057.496326656496,0.9640667694891588,1.9045833263633756,0.06884520039206601,BUY,QQQ,2023-01-03 14:05:00
155.60300293431234,155.23965804750344,148.4661295927521,121.45222073759808,146.02056986623904,78.82718790514062,1.0719288184849978,0.2512889627433727,-0.0924900515130625,201.90909139894922,135.1934796943541,145.95389377528699,0.15699778374950532,2.0231746741400056,7.625666382197159,65.56266885431575,30.942396545967178,-20.414630932867496,8325.726922492611,-753202.1808305961,0.9471877453995075,0.36086017160421374,0.0005241010040758666,SELL,SPY,2023-01-03 14:10:00
127.33851202940032,113.46957749141478,117.84684252046476,168.58300641425316,140.82719297207385,24.451063662044827,-2.1277698233598072,1.6349066823027076,2.0572992272863457,178.15570525567693,129.34477749352322,113.9925200648971,0.17206490734665883,0.24479992071470577,93.67729731762151,64.63895059460386,6.1781862264358045,-48.3387988289394,1962151.3795420628,1134490.5087314132,1.0218575619136996,1.20825772249817,0.015222093895959786,HOLD,SPY,2023-01-03 14:15:00
131.65446591024156,159.5896995343468,123.29347596004169,135.80195004526925,90.36220986550174,30.667043056995226,-2.342609191089884,1.5444005792848166,2.6917532958709813,111.1934325304339,103.84743179953604,167.33379753086254,0.9243948979898118,2.3072746486061324,80.6079545916345,72.8647076925371,-76.3155364163064,-29.762529590597275,4164484.3993935874,-1157938.380175849,0.9769428576426753,1.5146194285907562,0.0051289944801860155,HOLD,AAPL,2023-01-03 14:20:00
107.80016709455333,141.86586337041635,147.4453323273327,146.25553360408063,139.68809588732094,69.41015345244313,-2.4629363408573695,-1.830427776209426,0.6421646849882297,101.07115105463507,137.97686097603508,129.86738404790844,0.06604876431650636,0.21940152597879983,21.029216601115184,60.34376972997182,-56.70790651044106,-79.52798888098278,142484.324631573,463610.22827532,1.0218370357975306,2.3167295792039315,0.020474254784234633,HOLD,SPY,2023-01-03 14:25:00
122.30300261667287,200.6642709494647,172.59833866754767,180.61544878402992,175.43186562141997,9.735803846261698,-0.4881712771171041,-0.9194070041017279,-0.6771279108178737,181.4447215366756,145.1282325183851,137.07898280081068,0.5540807332928261,3.957237207016839,10.949211642880801,36.71875769461994,40.38660228767741,-56.35093390430299,64048.79054980095,225831.5955839359,1.032206953061993,0.30670573857557476,0.013791484036394358,HOLD,AAPL,2023-01-03 14:30:00
109.44946183150999,195.1905917564457,138.5929793937107,127.47767920699437,165.21768625436724,45.40793468286468,4.230686438324367,-0.215589542712064,0.6790160760438262,182.88736870703127,105.74156339999236,176.90191688027613,0.06105391618496713,1.4091557487610529,45.74010172437873,72.56364738941805,12.717438277927778,-78.03082020124808,2458159.2428085795,124360.01965674266,1.0275598377207396,1.4307077219818296,0.01669996716556081,BUY,AAPL,2023-01-03 14:35:00
120.72380241068002,134.0258329264551,139.1020867671969,143.5345312414489,167.5724950816403,67.56272492735545,-0.09834756854110559,1.220907861785736,-1.6984925816882124,134.70247181187875,167.02818685299877,166.68315564613198,0.21499789400037642,1.5115644881978612,74.4976887304196,95.53526361245909,61.4137984717568,-51.80571194183594,106201.31296859821,-263473.19407186477,0.9970565236950081,0.2643226887427868,0.008914513783383897,SELL,AMZN,2023-01-03 14:40:00
181.60925389823518,143.47486865299913,134.82786888739062,163.7043195549733,137.734730580815,73.72748202162808,4.201832278469824,-0.3768042192890383,-0.5326813069143703,172.38640293344235,146.94791989797457,179.2012334815975,0.8941121475266178,1.7582673807796403,37.52265648643003,34.121346793583335,-35.58413043079292,-39.98089800728547,259294.42493390053,1215747.3795539178,1.0352533325175242,0.02818469545341284,0.001058407031956144,HOLD,AAPL,2023-01-03 14:45:00
121.51803333504171,145.78157303174822,131.63108322889192,89.86983038015292,129.31708291983077,87.27485855658723,-0.06680836200575699,0.12410688338231815,-1.626384874504523,128.0399049424389,118.79217759223287,202.7251464531533,0.6751364277793468,2.9926872500749346,85.25645815286751,17.699536721803945,2.1469954918417242,-52.4649845741357,1617707.4655613326,352572.8702774704,1.0092020249745268,0.6574608202492007,0.002243151463125507,HOLD,MSFT,2023-01-03 14:50:00
228.97146194512172,134.45021571521133,152.37428639272053,75.68302371358136,187.07767015695862,6.1140434561762484,0.31997663578373975,1.8754637833462722,0.5505529479153625,180.02627843036265,137.614364810208,152.2103942779483,0.12352737069689415,1.3019793406250355,34.26101403339802,36.5964620556845,-8.384821752823747,-28.741348002566415,6206800.318364648,444487.43273208727,0.9774036639958841,1.4519742223944927,0.03911767296592646,SELL,AAPL,2023-01-03 14:55:00
164.79953702642666,153.8507495208438,107.56855887053389,163.07575452152713,134.0804856092699,18.781581589878297,1.1915439932214054,-0.5079887816840515,-1.2106710608841014,180.93772845809963,160.9232108803336,213.50035893821587,0.3908195618650487,1.1157927916407977,30.605872236384897,54.91654322875147,44.256566252511135,-42.10967792911649,665559.036121773,709322.1858637892,0.9750799656506353,0.24126874456660738,0.02426513522047046,HOLD,AAPL,2023-01-03 15:00:00
155.54508371084623,125.25153793337229,177.02348941666818,167.74445697814076,157.82246116379642,65.45764087014825,-0.5820386344861024,2.209738135971696,-0.28698991746008123,180.71099290333783,174.24102513457174,155.81011715642734,0.24471284810433944,0.6802916308778435,49.23260239986614,60.84549248193888,103.06858334778661,-18.199967318795654,236698.49211489465,-1394008.7252660317,0.986699218434437,0.04981543156629673,0.029341211632123457,HOLD,MSFT,2023-01-03 15:05:00
124.2492665945636,114.0815399518742,128.36444254676348,218.05504431527714,153.90004042032615,36.5470012255696,0.4545777656909269,-2.408150499503753,-0.0441357761681578,171.74374789339282,179.6738027719919,189.5291182988456,0.7104313311574538,0.27402196612224916,10.13183461610245,53.930368717205845,-28.127917455579233,-59.05452560485599,1882021.3223131306,-1040565.2073045454,1.0741189067581025,0.46807023678166626,0.0026174278057214196,HOLD,QQQ,2023-01-03 15:10:00
171.00929638226972,166.68133671700807,163.04758713595353,157.05903602773793,192.85151048771354,46.6870260939264,-3.4057011219118642,-0.5891271569302834,-0.028929040364761342,149.70572054561242,185.0057134532573,149.13597540900355,0.40213487795084374,0.42228802195252546,41.18852289732208,58.46708082752813,-101.8086971330547,-30.286413189216187,501389.4661777698,-762853.6674172649,1.0016367774115942,0.2267469258079821,0.001009897095787305,SELL,SPY,2023-01-03 15:15:00
132.73086521286677,166.88588752665433,113.2500350651531,178.23167095225904,178.1423707301708,59.97053438976595,-1.7782214321340057,-2.0477167535189293,-0.4728706620033471,152.59072436501862,106.7401191728009,175.2104984505547,0.49698190695891975,0.0010559660887050682,32.09644880846152,38.65881883759922,24.363927392374293,-44.99871628239674,318336.86380964273,85434.0594015262,1.0052181484954372,0.48140686604642513,0.00034854657005013674,HOLD,SPY,2023-01-03 15:20:00
153.66029443936085,123.87052721020022,161.72100326365546,145.74487540524885,110.14224137998637,41.12275940526531,-3.3636289077327177,0.17504784483870486,0.33671603096806324,200.56845036515858,122.24939383239399,137.19273938648863,0.5910514252641896,4.071563664555189,31.64664100522252,45.82913417270175,20.712941364393135,-39.70467214741762,674161.6656902093,-827933.9689748058,0.9960412699655719,2.5361818946635983,0.014755123861619146,HOLD,SPY,2023-01-03 15:25:00
226.80253614806384,174.860662922878,161.79861519536243,161.51127109072277,113.3734049967488,2.3311904060051405,1.4504797009925379,1.1264874326670085,-1.254237534677396,174.52201995006712,104.97067485402735,190.18302499772847,0.831385972418292,2.895985475049512,43.50601460094144,18.747656197966865,-90.8124334789967,-15.757969709805774,1936542.058894396,-775766.2652193606,0.9495383410079457,1.3621922695634914,0.013898861299714453,HOLD,QQQ,2023-01-03 15:30:00
147.1182030082605,129.05266812504007,154.6050518001474,205.3522189359851,166.36729454207403,70.57093062533858,-2.7266872148106494,-0.24182490838865356,1.739279442772578,177.08311498836406,167.27447632537175,184.53067134603222,0.7216108033734534,0.49354718111986107,41.514242922554786,25.3748597339861,-49.342812083149305,-55.24330910462535,265269.5447508167,-202575.4640406143,0.9179554229495547,0.4667195107954242,0.002345244383000409,SELL,MSFT,2023-01-03 15:35:00
184.47819978857027,155.59495714113945,120.13928695500519,84.03222981997966,147.069870578625,27.772340340447982,2.8233441277106857,-0.7116456129746372,-1.0340649961411605,163.02714360920783,135.6780619320178,143.5907925952129,0.8468835333317807,0.0047859028427275005,62.43523362482013,9.38547433360548,-21.97118257346486,-58.60382696611962,551360.4193119626,980998.3408556109,1.0176426855853087,0.3931155754161829,0.00851199228261017,HOLD,SPY,2023-01-03 15:40:00
128.90470724622338,172.61032037837367,151.2387047399519,165.23572024229378,135.3448464813871,17.576222181628154,0.7120450071725554,-2.039429320907499,0.03969764518158544,182.80074426046286,171.56819235506384,154.68683699427072,0.27954612868077755,1.3550056083894826,34.12644677275299,42.27478509926558,57.210225310108,-73.57087015511688,587425.367050072,960305.6392365195,0.9549947911801582,2.5407733325944775,0.015109596719329437,HOLD,SPY,2023-01-03 15:45:00
148.95034528509115,146.99162305888862,115.42359538164027,220.3387753624757,179.46883651983413,79.57458932690501,1.9188199937141857,2.5220023667348843,0.6249630727935843,193.5625740999309,104.57036455513057,121.67439942339952,0.13104880952343878,1.0640072706104315,25.099017262399265,39.326170074044526,-51.527117486661346,-67.68981868859854,1788350.7130435933,647445.3118295409,1.0230235614293592,2.196819421930538,0.022528808828960706,HOLD,AAPL,2023-01-03 15:50:00
203.1240190690653,161.64222736423403,138.68091862259536,161.02509501469896,154.62378146266732,42.035207365298064,-1.2933112671885858,-0.03361779569081389,0.6827160809291423,138.02115296561462,122.77041271559341,177.90145725885432,0.5559854395236677,2.992277574253503,30.712683967817135,51.96620371843227,-13.397859142341828,-11.96403718148166,1127027.7710101667,589252.8022665116,0.999772570114537,0.926561995539852,0.03321446948351937,SELL,QQQ,2023-01-03 15:55:00
131.190988266367,132.50711068337284,170.73532752388314,204.81833482345112,150.5737216066833,87.50954342574701,-2.2469434380408333,-0.678214526385874,0.7753605022205854,180.74615495777414,120.04313061742039,175.218040740506,0.9487191469671182,1.0313263004963784,70.0497535848024,9.487483535285751,-98.44103434765216,-59.818773425295326,1516342.085013027,4111.8656354198265,1.0518851650991483,0.4425247928529338,0.020510329009725898,SELL,SPY,2023-01-03 16:00:00
204.37345673990785,142.10600249715708,164.91754817676855,131.86521121505785,172.3948592226515,72.23043854662808,-0.6954471230619401,2.3437986203217145,-1.592766493977498,152.0870647853024,170.96065806776906,113.02116908694519,0.6806541656654012,3.9918604090614296,19.81410315174103,29.543574737998597,24.361339071037495,-41.7851688420111,1182164.9495711094,279209.1364790192,1.0397324245983903,1.5718263155670498,0.0006093174649163137,HOLD,QQQ,2023-01-03 16:05:00
171.23255806366427,141.82421707358978,145.37957356351083,150.97448018676116,137.74673015169307,38.1124805938466,2.1283679058572407,-0.5280680330575259,-0.9173919852632804,170.98486660017383,157.51918315343534,215.14470138794783,0.7034648929266105,0.20149396890114396,73.34058292464685,34.09318765443091,-62.1152490220605,-59.74301376753226,898146.1084444798,29838.300873021188,1.0318874856443714,1.0898514731152136,0.017642190861425544,HOLD,SPY,2023-01-03 16:10:00
133.12599672317197,125.60264960379283,120.62983560192895,153.0727904764348,196.05556956417664,76.61919142883136,4.230103364284405,-1.3655434911497581,0.13585784955288796,189.23327914597462,89.27446237322218,161.92683910115352,0.6080177272553139,0.9109650217493616,43.922851773080986,53.67440407204057,108.6688206913735,-69.76722797613755,142035.12931420628,129052.76060088033,0.9549026112360873,0.8316517663512397,0.0018405813705393056,SELL,SPY,2023-01-03 16:15:00
168.97223217166564,142.69677510652653,161.13969280435484,81.03708546051934,125.35857130300975,71.49190315748818,1.0167300882670032,-1.0654208329149135,0.48116640829861995,109.19045472222393,128.34673708916748,143.0314448469463,0.2614529341690262,5.434410925875601,22.791809732960232,36.32060004283746,-42.51767941577739,-53.65532386880746,1789457.259037814,246652.43753280974,0.89496578163794,1.3415294965822093,0.016644053094739385,HOLD,SPY,2023-01-03 16:20:00
179.17663348880188,101.5414510340876,145.48453094245062,114.6183095087936,168.70787199026265,13.236730656824852,-2.631333985841791,-1.2858599333753498,1.2571283082609743,122.06630571160609,163.98579774273142,185.96119271356343,0.6407195309405291,0.023597914120614575,36.824154200447,40.518598553730946,47.47479157892145,-50.058154171885974,934655.110185617,-287297.82668189926,1.0626865203559597,0.14440869465569472,0.009431694452880418,SELL,MSFT,2023-01-03 16:25:00
168.6542988665159,133.26538758573685,86.99211004423941,116.89999745971244,192.01498515979534,42.21562000702576,-1.9437966208810238,-1.5990422500717663,-0.5140189141911219,136.9212432493633,167.8381773760612,134.33878054839562,0.04139170955568474,0.9911825953008739,39.36855376804566,69.61223523593576,26.80501781668857,-12.791551743430956,1207885.8431120648,-1959616.6750624932,1.003981371221793,2.6613832721355575,0.00674690406948442,SELL,AAPL,2023-01-03 16:30:00
102.89325840328631,139.45373519890987,164.56574565791294,178.30611449704088,107.68113532183699,82.53767181875996,-2.9766508270370755,-1.040154814158014,-0.9049939934941328,134.43794320976085,150.3410423602701,189.20892640896423,0.7745376239611454,0.6014083465056098,85.99441745207332,49.57461479764637,-43.31921577215962,-32.56366115697201,1508452.8838412673,721730.0956879467,0.9944154250577887,3.6089906321048635,0.01314464245122144,HOLD,MSFT,2023-01-03 16:35:00
128.18588472525394,140.31460742513858,144.3941791532577,179.90889938188977,138.69994472442653,77.24752598759815,-0.2583395263289679,3.6224259505685628,-0.5468297061108588,154.3177884684025,144.51823820355807,114.71229756163662,0.7174185227545367,1.5179788514434267,54.04031445888321,60.615334255046186,55.501881911201714,-73.8118276065356,373530.27816551586,114025.90926064043,0.9881151499661321,0.43765137663937465,0.009608457284224652,SELL,QQQ,2023-01-03 16:40:00
142.57444093345487,140.75507662387662,175.0612811995768,162.36916616660906,183.26622178656675,79.28115967732681,-0.5544733970935599,-1.7247344479612092,2.2594321350986166,219.23333074616977,116.73399782563223,143.34224549403982,0.5175807962224644,0.6535855094234276,50.027753474760495,6.63789413021518,-101.11315753611139,-22.641480327685176,575034.2709027018,-1591900.750205587,1.0269754926497148,2.9336993568198193,0.035470986572614015,BUY,AAPL,2023-01-03 16:45:00
147.7669971269986,146.14707400419613,117.61823702892988,178.3712926993826,183.71733643193076,39.95576956015177,-0.2732213069352028,-2.2382279359699675,1.5004280297346428,201.24564098813624,166.75476154104368,147.37733058390313,0.6777614280093193,4.079027471942738,5.040806807139846,52.21617750650772,-1.2729582843820462,-54.921489723293845,779338.5349044523,729173.3166713192,1.0595121275140542,1.5888079748893804,0.00513639674083161,BUY,AMZN,2023-01-03 16:50:00
168.62016292652035,162.3832455425819,65.58240467009999,146.74721879290323,143.8551319883528,58.40462759961815,-2.1468418845578356,0.41704420136840303,-0.1694919708072041,139.67935697034713,110.07690336534567,133.67866681210612,0.29576218777261304,5.533634907492504,35.313155718171444,29.592065794093124,35.29808466374068,-69.89315547170565,419801.0863844971,370866.3549234752,0.9723452693764754,2.8307240362052704,0.0029400683059292126,HOLD,MSFT,2023-01-03 16:55:00
155.33103002799763,174.2355122239757,151.97709645862963,190.46181342526538,126.95986718969422,78.584254361739,-2.3472081993323584,-0.11394956859695986,1.284803699871247,190.4109176031005,99.7163269986972,127.89804338269184,0.49855626402485365,3.782730444999969,16.837016623385225,76.6708575337448,-12.062074101969603,-55.273912818405755,299129.7788401379,-1512221.719201512,0.9187804945986521,2.494451961636837,0.03627754891180481,SELL,AAPL,2023-01-03 17:00:00
109.93966923869696,128.50704319455198,152.28909191704932,152.2812301642263,177.67807466992286,36.82957891631363,0.18823082699846128,0.9900614348562424,-0.5724848065451609,158.48720642089435,145.1916392578098,135.39447648940313,0.6410131251248495,1.0168830866509628,40.477909232983414,38.19496609110732,-57.20426828027916,-70.94607824787265,1499833.734790866,1760940.4582974806,1.0890250535113042,0.22427156838672707,0.005578647254484957,HOLD,SPY,2023-01-03 17:05:00
161.4059355301789,111.90397433832567,102.7332093098387,153.8516495176562,184.50647307744813,42.629856809244885,0.9688217624044244,-0.8311264803359164,0.9545186119264573,172.03122497404638,128.91879677474378,134.03007636958236,0.805847005496954,9.197137156501181,25.889315787543953,51.50730416263244,78.98614701719637,-19.62520542126012,1401335.2031786947,-53071.7574920356,1.0194643463643092,0.3011403823840011,0.0006553427989423384,HOLD,SPY,2023-01-03 17:10:00
168.3175723585147,116.7386676327069,120.53751135333484,143.50103573560284,114.06009954462816,58.48016546478705,-2.3696801209500378,-1.3027700809565819,-1.3789187098739666,125.66992351053065,158.08859401683424,135.9276799413737,0.3046334533105555,2.656325012504315,26.687982600390026,25.90432566806579,-6.3755381259283554,-50.29115262213488,1782597.2940559466,2306358.0181879005,1.022386292429837,0.30190821157839737,0.009787260774932508,HOLD,MSFT,2023-01-03 17:15:00
166.7937134379312,133.3839123641522,213.88044359299755,173.9024152843657,112.88259053100859,79.47797275382467,0.9474300530778523,2.51057965122397,0.3564902917835151,113.77607571344561,152.1126176100808,193.02608771258986,0.3520757436065111,0.878898991828489,79.40964703999722,29.770447547004313,-27.756554240184023,-49.194541407469636,1193016.3649422447,1155626.3083936193,0.8696636206086329,0.09904413522229767,0.03419012693766106,SELL,AAPL,2023-01-03 17:20:00
182.42342176663865,137.44236046550472,137.35973464615492,138.5216378683868,155.757700459508,85.81454283281533,1.8935390920138688,-2.4175343768332054,1.0194699250294874,185.6321986832086,182.6942455953961,163.000820727285,0.48807195252397134,0.1967539619079606,65.19859196738831,10.320853763476908,-55.262060002523526,-51.920543591154356,373570.15472831693,1611861.4683216007,1.0136477588307862,0.5069795825382724,0.01130810518135849,BUY,MSFT,2023-01-03 17:25:00
175.01766463646712,124.90011801407628,163.2739744094054,183.24580407033818,167.88081900286676,40.87960427849409,-4.661545564051437,0.5408983488944632,-0.3266334019375888,161.14960339480297,150.11371972065365,147.35805636476456,0.6173211499124631,2.1995043745017955,17.796449084022342,3.2473112180813652,4.78356640090044,-55.58846759384696,396013.31671493594,54162.456320231315,0.9010689966363636,0.45039212127213485,0.012700788625819968,SELL,AMZN,2023-01-03 17:30:00
163.7754023768531,109.11650007250317,128.7335043157904,115.77122749708778,140.02792744309835,53.13985436832348,3.151363794450586,1.035454392137902,0.6134157022483732,178.29090035721774,166.49570891709513,172.94991581783756,0.3986392151541201,2.608083167689571,46.29876847010541,77.51650657391536,-10.656953444772387,-20.10071772825473,750340.3264312334,212085.01406413427,0.9850076983156661,0.42153604134186956,0.0009669485885080416,HOLD,QQQ,2023-01-03 17:35:00
147.89502865624058,134.31637517577437,92.74242752867109,116.83467984869779,169.37881459947047,51.55622271887596,1.404408627845225,1.2325531837722292,-0.5615575147736843,215.78116579154104,118.71605749112828,147.13979873320096,0.6312710665357681,0.26126350503937135,59.7364719748233,35.83126559536149,-14.488183100081342,-34.87874363523015,1805425.1644699646,663157.3591384763,1.0348388805660207,0.4291613113081542,0.024830042572281514,HOLD,MSFT,2023-01-03 17:40:00
100.17117199452028,153.44279860341913,140.74354383010237,173.99765616404812,127.69590179487854,51.297143014512045,1.912258082586515,-0.4550719022058808,0.30354364700293107,151.64199875854848,157.78983845061282,126.17694043648822,0.8531467285834127,1.5958439657682308,13.42986280943973,87.31776397084874,82.55663317442863,-51.5149861852163,425096.29095780774,322868.79694557126,1.0160423358822688,0.06408065364376207,0.008422978536879247,HOLD,QQQ,2023-01-03 17:45:00
162.88854657397758,165.85088397506695,138.35988599284738,149.1665851333436,85.55919202778793,49.7468562232718,-2.0417634039830195,-1.8723328346856267,-0.48154425786104943,151.9627611399126,133.08504801006427,101.82900658589016,0.2270809761017345,8.699193864932356,92.29477233225593,63.42186624173581,81.64864598063227,-17.192732162116144,1452173.519498447,677925.2349888936,1.0353284073193725,0.2057644762831453,0.02608457595063477,HOLD,AAPL,2023-01-03 17:50:00
156.23063061489333,131.27730840675036,135.0030440332907,137.4754746830999,136.28296783002213,25.860615043799797,1.5742980997930738,2.249271044089167,0.819137814070018,221.90314338527176,127.650484258637,179.6647431516746,0.7566476056392992,0.7897688702389664,34.41941393060987,81.45867930753005,12.507650439039436,-65.37184163506281,364840.46353293076,-70729.27059834836,0.972920969043495,0.35084731124807494,0.010585590455261737,SELL,AMZN,2023-01-03 17:55:00
158.1473651158612,135.610065335697,142.1339791123402,180.4818474392147,150.89696439539304,56.56063296430383,1.8041524888635287,-0.6683163800505678,-1.2643676561550858,160.59462481344121,117.43697902465144,83.22904578390092,0.18871658130502683,0.7187715797354107,35.1658899962497,57.244891802421705,34.37439720051793,-21.38476621452514,413283.6678695027,-1715720.055934972,0.9542543531095118,2.1980240294578386,0.014968667945324457,HOLD,MSFT,2023-01-03 18:00:00
111.6975427253907,120.19905073458068,151.6067067911409,132.5676347492453,140.7248012031063,73.72416954453469,-1.303093153952431,2.2949969716218983,-1.0152174391128763,131.8842462934313,178.55927431097209,104.74102567451541,0.696530642880817,4.672328553815685,80.43937748572473,53.80728456670273,-74.45872362591089,-28.59246542401242,1395802.969676283,-436356.76476513565,0.9826973357234731,2.6108688959157242,0.01780689318186284,HOLD,AAPL,2023-01-03 18:05:00
117.56830378775213,147.0568248887567,141.24707621865483,145.59355986238816,114.24190209021545,27.52405633172424,1.5597490568615868,0.5521109198566168,1.3057089032153253,185.74887557524048,139.8279899974493,165.1382487876913,0.36730450075827303,0.24980272235115128,67.81678675077326,65.76278170147552,4.563779732157978,-10.336630188675581,1134992.115735075,464344.0239132013,0.9987038220817535,0.3357657593283586,0.004385288457736127,HOLD,MSFT,2023-01-03 18:10:00
181.5945855999871,122.54714097427556,113.3998458013159,196.7752944022771,94.53053072363548,15.16660590958107,-0.2763192457279463,-0.725886017658868,-2.4594747312114733,151.68133495040274,120.28960917014763,149.481997611332,0.6594904221953846,5.421934002920009,57.48656575847028,70.77104910774518,13.402892675239789,-23.292408909696075,233482.28872444844,383345.2174372365,0.9711412546019879,1.1846894488420736,0.006963208772811165,SELL,SPY,2023-01-03 18:15:00
148.81334538430036,165.193834397236,157.15461978904847,201.2525550659408,133.57733586896308,64.58215700843095,-1.235015589806277,0.5901645709250974,-0.6410085435384932,131.2076623790586,156.95200018406626,193.77529043028247,0.30987774743677854,3.0235978045002154,86.56668910647919,71.76856608824494,-10.852617852769185,-55.30876952665713,1754586.418317284,2000300.0990391336,0.9948833893472486,1.901276270740768,0.017616967575439693,BUY,AAPL,2023-01-03 18:20:00
170.44502092117872,94.42400524197666,96.26570611693941,202.31674272865047,175.92967314949232,74.58481887582477,-0.3928949820914214,1.7262029355868798,-0.1420802522891213,163.1390309984043,129.0011501944747,130.675268453373,0.41668341399405046,0.9913499826102595,65.83302683579049,33.02357500843034,-21.82993695544772,-51.85230096275538,1535306.833151486,-350209.1743060868,1.0007076063797957,0.7055744306174455,0.03462539707266537,SELL,AMZN,2023-01-03 18:25:00
150.84955128391377,137.21110982642614,93.741063567895,142.97197513811483,186.68592318241048,67.47806039507321,0.3365459626383845,0.12313237573581529,0.3530078126329337,188.93401073877695,120.03881936245877,173.08276917499032,0.5427131204394242,0.17449034394888044,54.198921727104796,60.90313059996154,-39.46399457637205,-13.102167635143868,1596610.9821620688,396816.24334914243,1.0130877960149678,1.4087181738403511,0.06511254352091642,HOLD,AAPL,2023-01-03 18:30:00
150.8926841848723,157.03322017575226,163.4795123675392,191.38249295950305,184.63140152415366,38.091797549542775,-0.6052060468578434,-1.1063736638361767,-0.47780647420021344,119.42862628892486,212.55426587009103,144.70669104827516,0.2663481541079615,0.03872151402818743,44.10590724653001,65.80318376815454,1.7663483030451277,-69.72079535982738,635541.0937045784,700693.717798163,1.107803912342965,3.724166711253162,0.014853891759747377,BUY,AMZN,2023-01-03 18:35:00
178.14851417927994,153.51503548967514,157.6755068033839,121.63350951140231,124.52271394554342,56.475508721916526,-1.583572271931558,-2.681329491216487,-1.1257607399200642,118.61474770807479,109.78068852740877,166.476492910499,0.26102239811301803,0.9426688573341037,61.62258894061955,67.99597937027916,57.250210392659106,-43.66463126589666,398449.2118100389,485723.8803866663,0.9515277304068785,0.17699272790006565,0.0015357311964337176,HOLD,SPY,2023-01-03 18:40:00
134.51865815347878,228.7910099194149,143.5651158731491,122.97910800889406,114.38881029108909,20.95811536921527,0.7859081263468826,-0.6363853093459175,1.2262804134177054,157.19793290418215,186.62767898435385,155.0982562475278,0.6905745725513541,2.443958465948933,30.928354550686727,36.26211838459499,65.55031915021074,-96.29312098036287,1895666.4113795431,-787207.2629921502,1.0351196714808162,0.07302134916887393,0.06247740933653072,HOLD,SPY,2023-01-03 18:45:00
152.88362330822952,158.49400073703723,110.1137873811232,76.78541271602045,163.89903844939687,70.93970604173349,1.11955698957325,1.2114608713282362,1.0532577946635924,121.49885627079139,119.74034399566668,165.12081741484823,0.6425872520900551,1.337023142969568,66.45159236079061,11.997887883391636,-0.0010215630046332385,-47.88635706207999,887248.9710791227,442680.772829102,1.0015445974883046,1.021716244640659,0.0109210765025004,HOLD,QQQ,2023-01-03 18:50:00
136.1317413388487,117.8783620947397,127.30222648314812,205.53178246075296,168.05300034793777,21.444949240537067,0.2920422340888779,-1.5155007753546577,-0.37928981358613467,115.33745613103001,155.6500887929693,156.44918228003948,0.31519876122157886,2.683804032570417,34.2665241377105,14.198735350844395,53.306514213682455,-79.50925300773241,2673350.2406885335,-981996.7184834355,1.0913040247068668,0.7102561884906806,0.0021623932522554083,BUY,QQQ,2023-01-03 18:55:00
136.96511317703053,145.13607258732782,138.4313313078374,124.35264482956549,161.00508815601492,10.552077095994125,-3.235109061860656,1.0217430968942451,-1.7906710121105207,160.21406234529553,137.45992543680907,158.8049892215072,0.3491692096061306,2.220787934110161,68.01024367742137,34.02148471048208,-46.64354377970575,-38.20620625177478,292797.8465154794,-434707.18596902996,0.9567997211220122,0.3518347514563695,0.07165582504678915,SELL,SPY,2023-01-03 19:00:00
140.72483629594083,94.71260999600644,105.10265078564716,147.95095744809407,88.5781017728671,16.63047624697319,-1.1691828913100422,0.042298613580353125,0.3061680987644578,198.71246657587224,158.41034487641443,117.34352535085802,0.568030114853588,1.7015078685249994,20.211756894551378,18.328903261773018,28.18407563477124,-35.51176908299288,3714263.577834477,-163145.26986921876,0.9886762248308907,2.483949697413064,0.006584358688847767,HOLD,SPY,2023-01-03 19:05:00
156.6640131490114,145.58200752109718,126.52428354941918,122.86962105829491,122.993462453496,80.93337284369733,-1.6881801219902492,1.1182430063652364,0.18175054075859615,187.58060751462236,105.4504775321702,152.26990069537013,0.627613348764576,6.852973809314752,37.04719446949127,6.107263011428677,-5.629730472627629,-19.99472033402482,476775.3740987592,-177392.50324622224,0.9818258171480774,1.869687286759337,0.02139105174656952,HOLD,QQQ,2023-01-03 19:10:00
135.6375413500957,123.00831828997724,161.308258454417,174.2452879465645,148.10933629142065,87.78404330865195,3.4621967202120434,-3.5088478506103096,-0.6670587240056953,156.25706401855226,102.39836020316066,168.0795227770576,0.39595330680936325,2.606735148034763,51.79352440846434,65.33314379055054,-34.09721180950683,-84.16577168781623,485274.53007749544,-1534582.1667200914,0.8973577961121437,0.307070618348375,0.0031124862812164566,SELL,QQQ,2023-01-03 19:15:00
187.67268376720563,175.46170826680486,180.6826341072304,139.97972285704512,163.61654583891283,83.13034985784368,0.23578814552668484,-2.1305026991482103,-1.955063042721507,204.89001962303513,159.173573530055,148.4504280447033,0.43977315739661116,4.921133350299642,92.92442161281461,69.34428827786175,107.79962098155565,-57.83292983489983,272881.01632269315,-37344.25773396016,1.00012917164239,1.4880762697793508,0.02542811961026995,HOLD,QQQ,2023-01-03 19:20:00
123.16178093341489,131.51379176213396,134.51413118353622,110.24585950614562,172.0192208780746,86.98394092402944,-0.5604563641975135,-0.6938974992593911,-0.27155421277052066,220.72358518690945,95.49565220664907,146.94847734493874,0.7002505344059532,0.5545674841156828,49.31273380480696,80.10843509693215,-23.650754005845187,-32.98210049809786,3353132.007193161,131681.13065412757,1.0060694791863172,1.7626154025773708,0.07485727276812136,HOLD,AAPL,2023-01-03 19:25:00
144.39385067515923,144.49702252614262,163.91220885790247,166.13320205395394,153.32760566846122,13.37064337476946,-1.1174365077079724,2.799409614402251,0.7665557959581434,177.19275219772575,110.7842829285745,93.51162435917885,0.33193292146272096,2.5010084302414834,75.95558091237375,38.63018241240064,-18.253605160446643,-22.360756710079208,40524.36950321822,233467.96965736945,0.9683620696338742,0.3935308423979885,0.08406982858072022,SELL,SPY,2023-01-03 19:30:00
136.80806825177476,128.9332647578679,97.14849823531331,106.1206392060727,158.9235141961471,74.9642306186295,-0.2497118142150116,-1.1314022419371952,0.917167335738365,147.18329264729778,137.75699527248878,196.02274865801903,0.3353208842820602,1.8216258421004587,62.83200109071646,57.497161647912684,-22.98485282663657,-79.78854864732337,641233.5778634364,-253626.6995754298,0.8955691920951578,0.10441568062836254,0.0026982857455374295,HOLD,MSFT,2023-01-03 19:35:00
193.409336530612,200.16554055559993,161.48628102784028,125.20301678990428,151.54596375083312,50.41345764502495,1.5030668423066542,-0.19017495995800476,-0.04418459717668677,214.69155386347725,107.64619968830988,108.97085027130451,0.40092335152384656,5.161851117909039,69.5397038907555,45.65847022934822,17.29556065156362,-44.24313388687921,454888.9821705959,1974895.992918912,1.0445827172143691,1.8999135258779114,0.02928137915075822,BUY,AMZN,2023-01-03 19:40:00
155.89664329534725,138.36271701646265,124.90128963181297,84.57954833196541,169.5685812265545,41.18043631001223,-3.6598077223267906,3.226096032744075,-0.6234734170904759,213.14919947556112,110.83266152025008,131.4554319515451,0.7337982661696906,1.4285496825580617,52.557878399683574,89.78744566019743,67.42747022757486,-62.82137657112092,173476.75268241845,183617.63807013357,1.0857668115335666,0.10179827590427847,0.021830160985179852,HOLD,AMZN,2023-01-03 19:45:00
180.95533618405904,202.97671130437607,152.68364041769925,106.43334040967659,158.38596954472732,55.49166686728773,0.46033064401439916,0.6429556541418894,0.7344634653250866,168.86886537212285,129.72353488104187,126.34967621279036,0.5080114755225066,0.656012212586606,74.4024290003707,56.218920813759645,-57.552905053986656,-55.22434100870066,1249121.6527526667,-427342.558146267,1.0625463689072192,0.6512530557604869,0.032336373028198515,BUY,AMZN,2023-01-03 19:50:00
105.43318880889085,172.424552863548,138.80618954400728,157.7129334310553,150.97212980141862,76.00548921647203,-1.0091911174980899,1.2894451415444053,-1.1370103706331787,202.79959215220413,85.38682656029745,158.902554051058,0.3348774101599068,0.9717423848202443,48.53238303167559,41.799092918526554,23.840528360539736,-62.66273561615747,2285935.440989449,314219.95731507486,1.0017150096454728,0.21612436881313865,0.0081055642743224,HOLD,AMZN,2023-01-03 19:55:00
158.01150797607775,162.46200182006157,178.01035024459586,89.13484678070641,140.94893602587857,24.063131333672658,0.8613402387014034,-0.963487076249142,-1.3547885173372158,132.65503711277097,104.97762602058066,160.25884540175707,0.08165245577266869,0.49392446818980656,61.84612786020626,31.551695444345295,17.391021530149192,-50.12798431787861,279144.29327944794,-636092.9240506098,0.9931038762271135,2.6236400765373644,0.010274820406005764,HOLD,QQQ,2023-01-03 20:00:00
176.6889238687031,159.0619944195256,123.13910879150204,104.6033368121051,151.43874275127445,93.08658148715426,1.5982029280437766,1.7684801109519506,-0.08846044585236078,87.64659017693491,173.50333430349022,169.78022894873368,0.5491305067693975,0.496853487457268,14.207711713177273,55.447763303473266,-80.5235906618113,-32.67024167542055,688468.4597902674,964344.1463717613,1.0616427384889975,0.11330266884464635,0.008365300218521905,SELL,QQQ,2023-01-03 20:05:00
152.46851967826274,159.81391894648755,160.69015743904578,151.92419468375013,163.53774136517825,32.84997105069484,-1.3910403004068097,1.997092403272588,1.5464470157149268,126.00838126880933,163.92278927352413,171.1141536409135,0.7206036433375592,1.2713480686075993,17.437541196544867,45.19877202888502,67.53613817822722,-46.86869841445428,863257.1178156473,512233.42104850244,1.06097029225426,0.12431760379881925,0.02909289231117186,HOLD,SPY,2023-01-03 20:10:00
181.96441125196054,90.1698226196317,138.01231341758665,134.6045793250223,157.02426166694184,71.6973266254645,-2.7384040001689827,0.752397371583848,1.583952166671473,167.22993880505993,196.6287134065419,201.7039164633232,0.3402798974980226,4.461809929637714,35.27088804630908,35.26648813317996,13.454880479249331,-53.313771482643325,495098.18148200226,1615930.9265358096,1.0096418878771527,1.2097548950408343,0.03312061243004108,HOLD,QQQ,2023-01-03 20:15:00
134.48134649698883,139.6334981754773,141.0423630497584,215.74517235069789,160.4247925503576,38.97896694347609,-0.6088018802370021,-0.12896541243663417,-1.317777837929614,157.4037126054815,154.86847176482772,140.8373744104935,0.3988021635679075,0.42606305830830393,55.701354195139906,42.38357922543767,36.14545250037684,-53.23789503765135,2545142.508266986,998869.1420948339,1.003806537675544,0.23011252090675227,0.005735017332597426,HOLD,AMZN,2023-01-03 20:20:00
192.2804232055674,173.35473913552966,140.40365267101976,210.68468947278,189.28165584053556,88.04163674828241,2.574136356762345,0.8391408818483738,-0.4372578832197198,193.66519907278814,172.54042159481216,125.06236733204729,0.7259757974281961,0.6789896339842426,82.025797609798,14.392131356041693,-103.6768419879352,-31.877336006746145,618997.8572961441,1501127.095771077,1.0326343328083296,0.14197965912638516,0.017009524582452938,HOLD,AAPL,2023-01-03 20:25:00
218.9669437085775,146.53308449577685,123.85817238764717,124.22648119196309,156.95491768239762,47.39897407264936,1.6713145023645422,-2.4385287818979737,2.433895780053542,108.00205751777656,129.4616846493758,142.9553911662725,0.32548793884542976,3.83448386782056,65.57231159299648,21.683337502377046,73.21756570041958,-64.01641639765128,4061697.710795638,-2165448.607223196,1.0096348638761052,0.18415448582385074,0.002692750876981398,BUY,AAPL,2023-01-03 20:30:00
139.11484318681022,105.84430459589275,144.64752585233322,169.82840378891143,129.53004438580527,26.483744574114272,-0.7552456431946092,1.6329508514873319,-0.6884183219332114,108.68609470440813,135.32204023403332,116.84297410042613,0.7292138016037629,0.8287784524039855,51.448420105419245,38.68171483207581,102.99248143649898,-63.424365801992224,349848.5080788474,-1022144.1196675682,1.0671803508017663,0.9060838539281246,0.00026500876823448325,HOLD,MSFT,2023-01-03 20:35:00
136.63492435797684,146.4278664826759,143.43379444695447,175.97704182014243,175.50820357982508,41.6997263465608,-1.2696782485778477,-1.2736825548008652,1.6197390823843134,186.68065629531068,150.32265226176068,139.64255200436074,0.18210453213561997,6.562215456042628,86.39129640755182,27.517127737890455,-7.5156492110801985,-41.07575055903327,76068.52326645848,704611.0517266421,1.0283785281860496,0.2518335582024174,0.018835963955153183,BUY,SPY,2023-01-03 20:40:00
193.60153431353103,199.12316548766475,151.03100621016824,132.8806765432191,108.01404986993246,27.630356163266967,-1.1186989596086343,-0.4178972902703528,0.9760105643937562,109.74256700231537,92.65484369161236,103.46807879944942,0.10269573589952254,0.6264655285073614,46.569440355672796,75.7039536474417,-36.168944354737306,-23.885686670072566,855589.0895959573,-578817.6005755854,1.0355839512485052,0.4735916244718447,0.036676973432404926,SELL,AAPL,2023-01-03 20:45:00
197.38716437192136,185.40675146604158,147.11262864232157,104.14267083205748,116.55759857782138,48.47882565768769,-2.5952510743616513,1.9763323058488114,1.1908581096712736,150.52362779555057,153.64431067675525,124.92836531911536,0.42450152501711064,1.16730675554374,96.8331671189837,61.47393302774417,-122.44743421672526,-20.580850635056954,1733528.6280135985,1534417.015966441,1.0334023158929315,1.8953513977189766,0.0474072573358944,BUY,AAPL,2023-01-03 20:50:00
134.31419918540195,146.13987971901904,164.94986374030591,151.60644962214215,159.07541794160207,70.12223130026865,1.5695480610538168,1.646343375640006,-0.4458557988331545,160.8597026583625,124.4046056599435,99.37592816360883,0.6788630523087252,0.20098905691638852,12.27200992011639,10.986542617893035,-64.86351049960702,-53.23393481913341,491662.79829293705,-239283.73115396424,0.9956091367919871,0.19318729227424855,0.01937070663055931,SELL,AAPL,2023-01-03 20:55:00
137.39439548712429,176.5434783117426,168.08771540118423,146.46893840594845,164.49190003359737,40.14212323702816,1.9348327023893819,-2.4316915767693725,-0.4162602635496504,137.23287818961472,128.5966268347283,186.2554658174201,0.8642177961516637,9.701066366650432,26.172741427464572,64.00705451574156,41.83799526766501,-92.572281985264,204688.47737491826,1126539.2046835984,1.0902569620522315,1.7502954021827337,0.033077350478158636,BUY,AMZN,2023-01-03 21:00:00
141.5464617341848,137.00478938895844,118.73441695430498,138.0555360969402,111.64846329488014,14.623028648530376,-0.7742751533011639,-1.4209927834706029,-0.9106161977045666,180.22514249337013,164.93150657550768,153.3327957918513,0.09976452186327865,4.417134129418245,21.38582210735218,63.60645028619246,-1.6277316257962864,-26.896165667827738,1340327.2296497745,486484.76840741764,0.9958492365131802,1.4934401528456658,0.010358299861363537,HOLD,AMZN,2023-01-03 21:05:00
109.66648466897169,96.88385239519843,166.71931251476929,166.15413978126352,137.5154755703975,52.457121788565054,-1.0013627996177432,0.9601700261877186,0.7988314342734841,87.83464121155156,101.19745502172844,206.40951320532523,0.2282629739293582,3.4026925516028035,47.237172736909486,48.28706628378915,-75.85796106514952,-31.15610898662442,315923.9493289128,-86604.25623545019,0.9911934804837188,1.778899226863895,0.04164286658826848,HOLD,MSFT,2023-01-03 21:10:00
122.44044160547405,120.26602035611337,115.34158932225364,127.97665257582084,130.81748503341024,44.48448053967701,-1.396547592462744,-2.6091111986191717,-1.6365086746051831,224.11748314766803,141.37909654361715,183.31686825993802,0.32911952781350834,0.3423893113425026,59.17091513729681,44.42630743850324,76.26664728283859,-44.49873470297767,1468536.1554214722,-696762.9195491872,0.9874887884195203,0.4262046603186004,0.029808009404318183,BUY,QQQ,2023-01-03 21:15:00
119.87577699743797,194.88666305524595,159.69639720344338,115.13607847746742,134.3997103135521,15.736982700068975,-0.9007308288208709,2.12901934834127,-0.16340045074789664,148.44523876494262,151.19621831622644,186.27607644229147,0.5795880089295831,6.970771099907731,91.2157924090432,28.79541523390996,-33.455876211079165,-35.52194205448068,304247.18971470644,326013.09235950647,1.0896929913052626,0.6393451969439137,0.0073786496470741635,HOLD,QQQ,2023-01-03 21:20:00
126.96607304687615,139.78020754512087,160.49346961757172,155.4906550511946,177.30793328818837,52.6603665885775,-1.4703471237467582,0.17688761520497753,1.6344718983073303,154.04048480015658,126.74127954918735,145.8095916831437,0.9540392939094271,5.294416919031468,30.212573624521692,59.38883615277173,-73.96655675813597,-47.93440662107528,814836.3724168036,-170725.85710939215,0.9163788056763515,1.2276030768249941,0.018187130765934763,HOLD,QQQ,2023-01-03 21:25:00
148.95945337839657,140.69848061874947,97.2170777084374,164.35104296220402,170.19516390641758,86.02789251061593,-0.31040782573351616,2.119376360687779,0.5945400074189489,254.27520208493016,140.93317377464913,164.7009472898773,0.5177003061998834,1.1442372949009336,7.195282762663038,13.07927241770271,2.2449246205078297,-23.256332955415964,2186377.8873977554,-798259.5074765024,0.9695563181313877,0.03814562264941884,0.0010523817032408315,SELL,AAPL,2023-01-03 21:30:00
157.0264419760956,139.0048541117536,147.32448116323525,114.34736179519831,148.42633460438879,52.640085931490574,1.5727927060982687,-1.1173302881221496,1.0026385322962081,112.40348406697164,142.1358086645199,123.1076978378023,0.596317214284954,2.289126262177324,69.55705244909687,64.95569079015686,25.510304515588718,-20.73886217760856,228931.60960231497,-1417099.1468523701,1.0358981054164416,1.0899369108751926,0.003170236545585149,BUY,QQQ,2023-01-03 21:35:00
196.5150147844223,205.12409768719021,133.2875971659921,181.6988995517146,132.62114218655216,49.18053358163599,1.3667176469940712,-0.9842574713888053,-1.6440456361548499,123.42157161587208,162.43588572360179,134.02894931320145,0.705008086663637,9.774649179590325,51.55535783989764,37.49984714997062,-66.97767709873763,-78.15990525699065,1718664.0491728222,95516.08993850187,1.0178164837106138,0.12794139310865568,0.05861864327985366,HOLD,QQQ,2023-01-03 21:40:00
120.04937877783627,196.7787674608619,126.03086855161563,95.34460359116551,108.51050989339578,67.46547398907799,-1.6773814890870262,1.5512294965828075,-0.9940829944985712,209.15740473331104,135.4396190671206,150.42030623909648,0.7365684971518753,1.0544020078761152,6.936501445050232,70.6956271975918,-15.008615282471323,-91.75984858214593,308469.53844161006,991621.2623488223,1.0125337268418821,0.33978153768386676,0.00019604194252356794,HOLD,AMZN,2023-01-03 21:45:00
179.52967195429753,214.563407003444,178.77130826747515,133.5003693210994,191.60554816345845,66.69381313840572,0.30361942763102423,-0.4445590135464104,1.184156479322327,105.52377778579731,108.69254664594442,97.8251941616681,0.6457592492239204,0.23992361528612263,11.704531997135131,15.251085394168701,76.92580253526535,-55.144024487573475,1080767.108892872,292202.8063302993,1.0221832173390928,1.6595962419292511,0.004543898898285066,HOLD,AMZN,2023-01-03 21:50:00
143.58033467323474,143.22864368799847,128.65802148406453,143.7437268416765,166.76341700854755,39.413615536104516,1.2923021787122495,-1.8613822272257285,0.12578246803964552,177.33131542970168,125.55226270870396,134.80513552636017,0.6997020633315542,4.046561554584805,81.54726546228753,78.20858604651775,-67.73843594714987,-61.563619355465704,279334.0768806105,722844.6491003175,1.0577081945032456,1.0089104320487485,0.002988767865246198,BUY,QQQ,2023-01-03 21:55:00
148.516088710427,156.86873466241286,124.84057677204875,131.64084119513825,127.79992687780579,54.00535706077905,-1.879576616669809,0.8422079668076352,-1.0396417387001684,138.7801562902735,131.28053376777805,173.78852111539032,0.6375099551310577,1.29437964406329,77.55111484034778,29.893913968815035,17.540627238087232,-35.537120813055296,121681.09805102921,-122730.64948459112,1.0118041535677555,0.9724822054010593,0.023997534829599376,HOLD,AMZN,2023-01-03 22:00:00
170.2445847649981,102.50072351737627,146.89237350012735,133.91806484636183,170.58798492874675,29.35202065234332,0.2828339451420049,-2.3885591682924083,0.6263860331002923,103.43508033550712,119.97573746137573,135.29441143310305,0.039826792113890654,8.680918133428836,37.571197094595114,49.327845732587875,-15.850579815196921,-67.35683415338741,1090713.4060090622,-791956.1023908091,1.009693190070443,0.25736380711524154,0.0022341537962997935,SELL,AMZN,2023-01-03 22:05:00
116.31833935313104,192.30803278354824,162.1397436574604,211.87438343385963,146.89329138276122,73.28895989710821,2.4272917083929557,2.1632013940631905,-0.5335589477510904,178.43972744975562,144.73547163795337,127.91253852581282,0.4882645941951414,1.6009876029051817,39.60551552135511,75.3203784377526,26.824133399199994,-27.56295899405895,903592.1885809371,756453.0148341382,1.0669212744959737,1.102251354278225,0.00040668694307359395,HOLD,AAPL,2023-01-03 22:10:00
161.4722923855215,112.96661346196196,141.45878534974682,124.77170915075524,140.3867148541297,56.154920389249256,-0.4897801300988775,0.2763126639767137,2.537559110656036,179.46900869233278,143.54027289219306,138.4664472661135,0.6435290917446194,0.05984159890301487,50.26550278841866,74.44747496515203,-52.383444175376816,-76.87459876917758,513301.2693088016,-233700.42109806163,1.01188855103931,0.14121942590188463,0.05332548776912271,HOLD,MSFT,2023-01-03 22:15:00
154.99356624639168,154.50326691287887,174.15926364173131,230.11909511910125,162.05634584868807,12.827214031891254,-4.035804552924086,-1.3344847253192116,0.5990312802550951,160.04850491950504,142.24639388106405,172.4412241580962,0.7268822528573015,1.3534730051418566,78.59680161292532,36.04174285470446,11.687500454924871,-30.964940578592,37372.11349412341,51038.20206290411,1.036850451103035,3.3465557099649095,0.041233511934618286,HOLD,AMZN,2023-01-03 22:20:00
164.77353792024445,115.08092417101467,158.27439154910226,165.98805695139367,126.75505250261826,79.7855691054793,-5.034460753260671,1.7177820854723471,-0.9226118354668165,232.41811307585292,117.56206976375486,160.82921462823083,0.6777990018753292,2.5321370981733833,39.65979988077813,83.18791535240028,-47.67463389560117,-72.63314281825559,644889.0967601341,737611.8374290988,0.8706972643138312,0.29128403980413536,0.008877324867996524,SELL,MSFT,2023-01-03 22:25:00
158.67505931723454,130.33399519783913,90.54471700671424,154.94576439398375,138.6873044146967,83.10342126068817,0.6216254720999101,1.744178087728306,0.8810201840556517,132.99759364167184,143.24478548481474,143.241387770042,0.31351326806074603,0.052749611184276936,77.63341231380649,83.86705630946862,-100.0511352690479,-75.76839825605155,160998.32781565658,754990.1495932537,0.978481899706683,1.7530071942148897,0.0021188558152584382,HOLD,SPY,2023-01-03 22:30:00
223.65900419732682,122.88212706850899,131.7633259123248,167.2396913084053,152.64383192598638,52.82440155288091,0.21303315264781592,0.005598613937058889,1.6147683168437459,190.3300768338162,172.20751511490178,150.5288904521741,0.4460933451968586,1.066990342338499,35.71641174353671,71.29122646489273,-70.52604861656707,-84.75965461857321,445461.88234740373,103226.12020027796,0.9654226601108705,2.527621846612734,0.02267663510039847,BUY,QQQ,2023-01-03 22:35:00
130.86780047246052,129.76374217972545,130.95394751620753,232.95768797606246,134.01646421344358,63.93705688526641,0.3754696305410665,3.413113085539334,-0.005954377574845044,171.45695297694675,147.363822007725,175.71086210457688,0.15366997149995812,0.3381636611876467,49.422457052927236,57.353408676454684,-10.897103416923368,-62.07499311408924,882367.6232965214,879494.4654980527,0.9636593200280378,0.18849078369173225,0.042931474863817924,SELL,MSFT,2023-01-03 22:40:00
134.07009134994547,131.82631890553066,156.98402383573554,120.20502387419367,169.07255630802572,43.14063378709928,0.9785749476996186,3.3785171939721375,-0.7679331465970476,194.00326177858054,166.80819751860287,189.2216646151268,0.14498022515094625,2.060581482657202,55.90989203426901,20.28102592051735,11.69340792157758,-60.63127739278203,2802674.733625258,538706.2413561753,0.9827296738240345,0.009797255631282828,0.07350099315143922,SELL,MSFT,2023-01-03 22:45:00
131.30578420725706,131.5519361522477,79.3795735906472,116.14662659403554,205.0719951103478,20.85146086621407,-2.958906666179485,0.4850229844550221,0.04432151866678664,142.3569609804439,142.72295583111682,135.75672876457602,0.6547747254691832,6.309261354991695,60.3351592132338,48.4597582726784,60.53582043096218,-70.20163069785863,716030.9534009574,559253.3139418953,0.9812943711924926,2.0738164749035497,0.0027880905742765773,HOLD,SPY,2023-01-03 22:50:00
133.33568642519236,173.00001735340922,208.72524271794308,127.84428170969852,126.37105602178572,76.1788166564507,-1.6136239073632717,1.5981091526911357,-0.6127970364611621,111.5365712437479,124.0685626349352,147.52659884198863,0.4260551397843105,1.959445888022755,24.292894895352923,39.61419787221558,17.90852139431407,-74.95847880914656,216643.50659068258,1352385.5151752078,1.044464056658413,1.443865430924842,0.018336351526798553,HOLD,QQQ,2023-01-03 22:55:00
130.87838618080445,114.8541162081244,158.27565237235524,153.02858070286595,99.04624111087867,76.28474630474102,0.8461268822493003,1.9632078366752475,-0.2583149365735837,136.12959913029823,161.50848332351603,187.3451294793973,0.9036828656591022,2.3740852401391184,11.680431201937944,84.05435577591452,77.93307714894681,-73.03206772116727,2922970.8780646985,590438.0374218121,0.9625147517336557,0.1675544083773325,0.011261722015939417,SELL,QQQ,2023-01-03 23:00:00
185.67049593322656,154.616242810416,148.72192009794227,96.77532400599765,88.94779497571216,32.283745243267184,1.4717274875238704,-1.7023851782606059,-1.3888433682294679,157.76775027301656,104.8182535140364,165.68622059564092,0.2769485842404046,1.0102269398676236,24.973937506572145,21.763177831574833,-10.055335981013677,-56.66603752156531,26251.532798915043,1832492.0284953015,1.0476565650661616,1.774180392655924,0.0034098444778199472,BUY,QQQ,2023-01-03 23:05:00
192.61512743969564,184.53877456916675,174.53919291047865,152.71485565819546,144.48595575515054,40.33701201594805,-0.5137704582075311,0.43007439683402826,0.8752149751633859,183.83134386362846,126.04247709910298,107.91253432515106,0.15651021926490427,1.656288980869995,55.052444218144146,44.511945483587326,27.590108084912046,-45.6128481223115,1029515.7945058813,-1346022.4633226434,1.0386724708774862,1.6632065210409346,0.03299434646112227,BUY,AMZN,2023-01-03 23:10:00
132.87761118751573,132.6041090645981,203.59135132031562,206.1935082692375,129.10506229621453,71.9090890093264,-2.8645549714640306,-1.0227538163346837,-1.149279060702824,160.6050367318175,136.46781719775151,123.20476197349454,0.8115539631955865,1.569900955959138,11.298531744617826,70.81368402617207,-49.0738979604388,-57.25234354730726,304342.91632221575,-906782.304362201,0.947414129330158,0.6185484478457004,0.030482722746985016,SELL,AAPL,2023-01-03 23:15:00
125.02933280687314,126.46243327757195,166.76866611471007,156.8450364999929,155.2358150320124,47.842537452213534,0.6799275815138259,-1.2343523355364927,0.6081619294322382,167.52769574606103,156.31919154258776,124.13690448448617,0.4399468341140396,2.85095494258964,27.743426502015673,40.39035986077919,15.721462132067213,-88.35164780661044,1416795.4165307176,-479944.6409912316,0.9278528992877947,2.934136767085838,0.06684824874056339,BUY,AAPL,2023-01-03 23:20:00
164.14246669159212,141.08426124459248,168.7203274117905,142.63406531279114,152.97793016078302,49.38678895259725,0.10226833324576742,0.18241022185419548,-0.30410011381914887,220.3946765138534,171.86424242338103,137.52947009138666,0.4344680295730493,3.8885859730197705,50.29806558449381,62.09886273420852,-18.66829381016623,-70.36482055767736,402304.8737653425,-1065279.681290636,0.9853947388062112,0.872535363990791,0.001788295898617042,HOLD,AMZN,2023-01-03 23:25:00
133.43330867157084,183.39175625082132,148.26725061160957,132.21886564212392,100.90349460157712,62.62753948870532,-2.1164972530558415,0.29511189067890375,0.2229014537554047,159.15222831278706,161.16179084818546,161.09503323923968,0.045893450842183575,2.1746679232506345,58.756730543743295,16.82066237741246,-24.135079517387098,-74.50701996563708,559922.1052487482,1813460.6485632688,1.0578870588800373,0.5849747620378438,0.00545915426995627,HOLD,QQQ,2023-01-03 23:30:00
168.98795453266533,153.82322892860074,141.4618561658263,180.75237454565007,94.55348511555782,69.04590332699027,-3.967268185372747,-2.4180144053874004,-0.4747045090048151,141.36692341653628,158.65318574488046,206.55671780394505,0.6546293225780492,7.805017016701767,13.512495765524083,76.07182715338028,3.5449936113401157,-52.95580915846446,1471489.409846322,1593016.5704327216,1.015462257391991,0.0133237613497109,0.03515592161860694,HOLD,SPY,2023-01-03 23:35:00
156.08769062553898,132.06357116177205,133.10511389987747,125.57335125638248,157.87799721038286,60.40244021697099,1.1425033972932366,0.5155729113805745,0.19621711133618072,175.41136329497556,161.6150146597171,147.51081283045158,0.38625278789963957,3.523877820256813,10.300740347268194,32.770486592131405,-70.90180981294736,-79.08582899888741,2281005.4029908464,744486.633312496,1.0909917367510065,3.0528876896165102,0.010064642400781861,BUY,AMZN,2023-01-03 23:40:00
104.52767655008304,162.5162995356412,124.34720020713645,211.08466945917593,153.0628650415987,88.68196822117697,-1.2349048220112098,-0.37642169151202787,0.4326480346289848,99.94645228401392,165.09970845855557,169.78550784131394,0.22227214615048077,0.26625551714438733,11.200271360827559,61.607478277481434,16.55559146797713,-40.627131098110794,201569.7499347563,359894.9978947206,0.9291863928665449,0.13738864203338072,0.012922771141318852,SELL,AMZN,2023-01-03 23:45:00
196.42515603990185,114.9312355049073,127.82464750751257,213.86751192685944,136.22546004900346,77.79927272537272,0.37339592918845266,2.096878371887648,-0.3508639727654561,99.87149837698452,111.55930021648886,184.0144017029124,0.4986592906840046,1.4164217342043808,47.187629505215035,47.53685776132989,35.23008784129398,-39.15261870811466,351392.3685727492,-1030035.8240972182,0.9366656066637482,0.35124469523896723,0.018910540635625344,HOLD,MSFT,2023-01-03 23:50:00
203.87633019286565,168.44078531328844,111.23610089142542,160.2160255571772,99.28569244603086,62.23416146227216,0.2991191952743447,1.7440658904089497,-1.729543797366763,155.30816787909396,195.12012566793493,194.60452388910625,0.7396069112334203,4.6709621359065325,18.0266376989614,43.16454326041637,-35.19611574983525,-46.48617945894721,4334.155416899917,475243.1852064529,0.9437263632538191,1.3072504398945528,0.010500330670876626,HOLD,AMZN,2023-01-03 23:55:00
131.61633928546843,160.25821923105303,143.10321373287442,151.63151718154737,163.1417378829497,44.5459763234395,-2.2938570246708636,-1.2840127289192866,0.33701537860137293,127.34847927312916,167.74298954264952,184.04471717981247,0.4498874212063611,5.76248241140845,41.74336709129445,35.00253012149891,9.144880490286528,-52.40403416328709,1941919.3431860004,142401.60685927462,1.035518006684914,0.005360285440741798,0.0007207761181894383,BUY,QQQ,2023-01-04 00:00:00
138.36895320192048,138.76574586583348,102.88331056934032,184.9811138637299,187.1569863627183,90.29592425591503,0.8357280523988816,1.9690925567078206,0.39082921819937216,138.71165483668085,135.47543805141518,127.59162477221693,0.6162554274151064,0.9567360297637447,62.43817954093475,36.25391586506267,62.50761303778073,-44.743521391237614,2939886.118958932,858986.7945519494,1.0341885934975752,0.782172693288729,0.01852605985321097,HOLD,AMZN,2023-01-04 00:05:00
158.57596172174715,122.84242604658307,149.77291310359277,187.0335520712744,157.33947320656767,62.94201032636347,-1.7195752839429912,0.8039330136652136,-1.432740007430867,192.71707053687268,149.28267296419327,106.47928340694449,0.6529230930432472,2.5870953759786826,44.10262736578701,46.2014172347122,37.72525655131324,-88.46770454976732,327734.4709261948,-439918.3683448175,1.0251709668142501,0.1730534361731225,0.0051980298482328735,HOLD,AAPL,2023-01-04 00:10:00
160.03370369961075,121.39957233149627,144.09173479894145,126.20826460609871,123.57578328304807,74.25209120464655,-2.990764364897451,-0.3274214792222979,-0.9810787823929151,178.41857316707916,107.16364952361164,131.14131550311134,0.08802775919298218,1.0571154365747952,14.733358478435704,63.233496927663765,-6.665126594888193,-59.744404444176624,485409.8103297046,577205.3245731321,1.014458735204544,0.022796229601277425,0.0693923377856341,HOLD,AAPL,2023-01-04 00:15:00
169.7563281801849,164.04452009037732,148.67338245966718,135.15023573962554,150.33656496713454,33.82155961882574,-3.2469569495123802,-0.7682684782594926,-0.34779736035438075,157.3058732982645,133.50406949997318,155.05453714995772,0.1712075685025298,0.2640016369406492,83.11402602493504,18.040488963647043,19.807656199590763,-21.969752443646463,560289.8990934421,1015787.5350841796,1.0742930465108746,1.0262893811268947,0.023444680064620763,HOLD,AMZN,2023-01-04 00:20:00
210.3061361629905,184.86941507467185,131.9467107495002,109.68488209013455,108.01657757198946,70.40881009006031,-0.006473741467298669,-1.7214695982981536,-2.2948626955305667,162.90381240211426,131.4469207588509,127.70908121964715,0.2905911627575594,4.318897785278772,23.87677847321509,64.17343916849647,74.63215180243945,-57.95246393764083,527212.2638293172,920232.4289937429,0.9986339750318923,0.9237641597664026,0.03673356702635413,HOLD,SPY,2023-01-04 00:25:00
144.69158317517852,128.88076758913616,221.92150925451259,165.09007802668984,180.73882141516378,67.86811231335605,3.1882046400186255,-1.8269967608345272,0.7079061176601448,145.14198394210612,129.38986692672836,101.24669211926103,0.21582016155454356,5.375116878871697,36.69876312430067,68.43992088237728,12.679724808905057,-17.385359465400484,499021.15137795283,156787.3153205822,1.0573272015271327,1.3253675230222537,0.061757574484519843,BUY,MSFT,2023-01-04 00:30:00
126.05108266384639,161.75160110654454,179.0028975045078,173.3320922706205,151.45533003588616,55.88130387610454,0.08204351248692665,-2.7406934093611994,-0.48880533660708564,189.72693164206672,160.36060388106756,113.53905665905437,0.49121959853335256,1.4053873322530577,73.84754445874626,38.609453705985494,47.34962708005097,-43.43870070558722,646024.3514274001,1366531.0160193946,1.113950708640959,0.962914832637229,0.0013084049614459983,BUY,AMZN,2023-01-04 00:35:00
108.62042315956418,85.38918944193794,113.88643749788193,108.80237958843927,95.95529264740304,11.900788998257761,3.5663169031672566,0.03132259428219854,0.2885704752219924,187.7389625191116,142.60672392857666,240.1974054224017,0.7166176597388376,0.03695417130271452,54.156167165104286,51.46464886457349,39.78740373440075,-39.28593817516744,166980.14870388157,-868809.0219766735,0.9671868073537526,0.5833727332607638,0.0032196377195628494,HOLD,QQQ,2023-01-04 00:40:00
128.07209880174244,130.46146808028402,150.82170218567245,137.4336350458829,139.9797691866895,57.39460534509288,2.8976436355745077,-3.090082425459796,-1.062271269345014,194.6826497186731,110.14032786580499,143.42111020438668,0.558552302278555,3.3860331108733464,84.77384550062112,86.49453840757339,4.746719213058541,-41.630416619502945,59410.36120567153,279419.74817979726,0.9770487409093733,0.6512771272728601,0.033007628760483895,HOLD,SPY,2023-01-04 00:45:00
149.00619081378608,147.06823201387294,129.79984642656692,108.8878746373968,162.89904530702694,60.60894222489145,1.0325717948147484,-1.299773866513331,2.0174885185972875,193.07244486184658,110.61229217373504,204.0039912120836,0.6249439720118024,1.296196072406015,75.84745448392344,43.52051942559264,64.5083548440739,-50.43868771220773,1285640.3294394407,578319.3879274771,0.9045178688775602,0.2486189386145863,0.04322028002984123,BUY,QQQ,2023-01-04 00:50:00
203.83673590553363,120.70949749054499,119.63800683231466,123.2384060721972,139.00857137073433,21.861522109343916,3.14898260093039,0.9852742864944792,-1.42058944098977,161.89168489369422,90.87926168720614,142.95802644830923,0.5973070945445376,0.1559843974826739,76.60565855500927,53.83064094362092,-50.585550000696855,-68.93959758886243,1874484.838301295,-513.043186397211,1.0346808560712526,0.08743606296364714,9.781354605205039e-05,HOLD,QQQ,2023-01-04 00:55:00
134.47166102891487,119.90480875631212,111.49819822190163,169.63254592724158,140.72312835679477,64.72272946180378,2.9227439750152264,2.2398972328312756,-0.498473556984149,135.56263333152125,161.99282949504828,173.77868679898364,0.5187052570772199,0.41994011530553976,69.24442208873816,31.81101935448229,21.39290546441156,-51.40189664299207,1661746.349089234,762564.228704829,0.9840246192893973,1.9722105474326264,0.05809032381978625,BUY,MSFT,2023-01-04 01:00:00
156.71363854916694,127.96661330593342,155.80541726898136,128.52857386629506,112.26793378858184,82.83562458444858,2.3573919694385252,-1.7226220119547926,1.1990837397052172,154.1443452358107,134.38462905158548,145.70437319921837,0.3564865405565457,0.33003076899526845,48.269010613153895,48.28849546500481,-27.64401086488382,-66.59121212699722,985175.9837095342,1036172.1463418665,0.9962172905843489,1.1754286360988664,0.012116589555830969,SELL,MSFT,2023-01-04 01:05:00
149.50731311781743,156.76578184979118,127.96549412326065,142.37356940696645,165.9962296124497,30.124547599471253,-3.76866003790569,0.9144115907270811,-1.1494154736946978,164.08185890039414,158.8669784951784,150.21938337427093,0.20315410326970293,2.318501593950101,78.72564527433875,3.0324383281053304,44.61294464579714,-73.41383964889184,3467697.4168415936,-1788414.397385328,1.100931059790071,0.131154633648657,0.012421245098050355,BUY,AAPL,2023-01-04 01:10:00
185.65179820344252,142.38012944780877,169.1956506006301,99.9260247056859,129.54592399942587,77.47960828882732,-0.4734876953038484,-0.4645273744144254,0.09101846347162929,136.40907084555235,218.5017779373447,173.35199613541306,0.364659988245387,0.711663435871675,34.652413151201486,20.689829407243778,-0.8814843430771468,-67.91223809461796,1544.303776683897,1549288.5892076385,1.0314221762996452,0.3068469698333426,0.04219679479542638,HOLD,QQQ,2023-01-04 01:15:00
225.80797277620866,80.85306300025084,169.84455536326098,157.98368671118925,84.30663868984902,68.03196947448642,-1.3873934341774017,-0.774309197034696,0.6268430611820571,217.0454204162876,117.52871337513797,137.92677501469709,0.7810112393316933,0.2732220133984024,45.55919219572089,63.23821558824555,47.74357943114718,-6.92029412307668,384989.636857606,-516785.7562763044,0.9579338901800067,1.989443781115962,0.006836649755732778,HOLD,AMZN,2023-01-04 01:20:00
134.07393681239037,84.37899542094802,179.34785963028622,150.58325376497123,137.86227887988818,79.05906314924677,2.3422608928294455,0.23200060511167525,-1.5064701596322434,217.22014083157478,148.17435212380857,114.17547575081397,0.32267624244760174,4.993525138201092,38.07870519866397,80.8036267402304,38.27609287680281,-64.6246280249938,371087.03114160005,1179560.5096285949,0.9811091855616053,3.214672426526436,0.017516948918846406,HOLD,QQQ,2023-01-04 01:25:00
135.31681672445333,129.79404466428474,123.69033084814741,128.67330399893882,178.4344914671106,15.013103744521624,-0.6145009769347621,-0.9822695294321604,-0.6686553611433486,155.7976248906668,176.07992467200586,125.84393697512266,0.08636546787929524,6.271417192540891,80.78222863781068,30.983510207778746,-21.018106889450102,-75.45505865981296,430279.8845453499,-662569.616777074,0.9642229502395162,1.566105024185313,0.008135000327346547,HOLD,AAPL,2023-01-04 01:30:00
181.32482631207216,161.73059758160656,156.88414026730027,145.95154247416082,137.39211660200158,56.70151792357696,3.504619939421798,-0.12626302320980215,0.19016319447550922,196.08079991875704,127.77519041105926,125.68201291439269,0.6382778242269117,0.29833659485766373,89.7428025038581,67.15219033863453,26.86855045044393,-62.283463007706594,1609385.9335062644,498919.91690800874,1.0196453426400531,0.8438676606311311,0.0024107132570257437,BUY,QQQ,2023-01-04 01:35:00
170.45674468878934,65.57485471824296,160.81135541605752,157.76943617611022,201.13954955370562,57.68996460088667,0.20312466438280807,0.10640405711667843,0.4533204997515322,179.60075303688936,131.51949271636434,152.51318996800185,0.09490979868061926,0.5233422281091801,25.119770822879328,44.98110152643931,22.873661914343494,-22.50639209445028,433087.9931058609,527531.0411413757,1.0095963296095405,2.0336830350771775,0.008881371874760033,HOLD,MSFT,2023-01-04 01:40:00
205.40121977208102,133.00809471545108,133.14554562240087,125.92421923490099,161.8690384564555,75.54938542874073,-0.055904260497166146,1.7408717653570072,-0.8222981122393547,142.61826970159683,153.25807203592223,93.1198233367634,0.3761538742038919,1.7935680594955676,65.9790408460927,63.004020515037816,-10.219325541245752,-75.17757149980167,748836.6126596461,-149807.1483184966,1.0660690470718748,0.9856675140122662,0.003799797218505338,HOLD,AAPL,2023-01-04 01:45:00
167.51784555977892,132.21256430447735,125.70570106517812,104.75959859194306,159.16274486841098,84.37244980277917,-0.7572953338000697,2.0662438567032417,1.8405673751381095,174.42036689017846,203.5724111435909,159.15635409238132,0.3921461419000389,0.32623315610460796,52.761370723301724,35.13215264139085,43.33675584046713,-46.835883981916595,951762.101417774,-443274.25732244935,1.0179580180944054,1.2020181076603436,0.01472023579576097,BUY,SPY,2023-01-04 01:50:00
139.22123727638822,189.65013334625343,185.23801664439932,209.7783818459781,145.14805202247175,37.38587236760987,-0.36922960301148977,-0.8978192278374755,0.4809436382755358,132.90103632280312,155.9092213694962,187.98894791020365,0.41458038931688534,0.3453564698578019,48.31757305067627,50.38509606828959,-5.487831181193544,-24.3780508691481,1866805.747862374,2902231.8849210725,0.9881749696809424,1.7541714585968227,0.01509169541462997,BUY,QQQ,2023-01-04 01:55:00
167.71964492076927,136.4493456486141,150.68739689330135,131.7352734492713,146.95141376707127,38.80907662018309,0.5374894388640175,-0.4049103414315466,0.7766522431924405,129.19989870970602,118.93005980478574,134.75864238562883,0.24891377955406124,0.8206820775340838,87.46376548918329,18.2992722885494,-38.962397871176,-80.42924688032643,956752.3151498028,-497451.0077219702,1.0147651670653424,0.4369266113273048,0.011500431009861709,HOLD,QQQ,2023-01-04 02:00:00
183.26110741748724,159.48966954222786,160.89919376779343,148.90367669801955,141.0972909464149,70.98265883655309,-0.1321568661806186,1.2063165475044673,0.7179891413082952,176.69161989547095,121.95303662856043,130.36103861675252,0.4044525715259837,5.95855019239448,27.150535210579214,21.89237143315059,14.321375429988233,-37.65394927909468,480145.27109056374,1511951.8002874008,0.947725828517327,1.5349732481472351,0.0038186917598989276,HOLD,MSFT,2023-01-04 02:05:00
174.61446543592092,152.2377142026239,124.44809970430181,184.34687152065004,139.9319182375242,62.37390018677744,-0.9297399391470363,-0.2714452858663564,-1.5633074041774064,177.10828260411722,127.78983917132149,209.0197536494695,0.46921857144211426,6.5637482045816995,30.498317894581294,35.6093798714992,22.762757693896106,-55.35222592818335,1186598.4674061441,2881747.4138442567,0.9791465594021415,0.23186947456174906,0.002527874363333089,SELL,SPY,2023-01-04 02:10:00
165.21822093321893,84.08300560578398,114.51788833694515,264.9297660022555,164.92601486201445,50.457148915333875,-0.8112519292124102,1.071494853728458,-0.1147700671445124,254.29306373682795,94.51044651355728,194.15936999286487,0.08040188457050088,3.6876419044617146,67.75557522874473,51.710957241204014,-148.87063257832713,-79.94402797926789,724711.2841430926,-331669.3864213571,1.0052962046636995,0.21598387211718192,0.0022100966362807338,SELL,QQQ,2023-01-04 02:15:00
182.00024068767462,171.0462164989521,130.76375563769724,112.17643360355629,120.92506310628303,45.49314772528299,3.6420395465103756,1.3532995587061105,-0.016237301962710206,154.55855332487297,136.0166147211516,162.82727840760901,0.19026773895857674,2.3795673485504687,80.79099953927984,59.47991063651258,119.88250123397135,-68.84287030759624,751628.8478998657,-1572918.5181340904,1.078223240185715,1.6678024297158023,0.0023793817279987952,BUY,QQQ,2023-01-04 02:20:00
185.0788677133702,154.46189516368864,141.89946531525007,166.39447083924833,116.72318513827221,69.45331592304338,3.995023406984409,1.52877728079247,-0.2543592541723125,141.4862604498063,140.18665801484298,127.57431893134451,0.6530516078915984,2.5507469004729852,95.54295009850561,76.9393403511331,141.5280986594403,-21.51902564456929,408197.64320845687,17377.479505478856,1.0441887668316565,0.8296517864506574,0.006987696139390959,HOLD,SPY,2023-01-04 02:25:00
191.4647697311258,163.24805919023768,118.39449982956629,129.3583268705886,115.30414847373868,48.58424571208241,-0.9415949794157418,0.1316651272817986,0.207458013598411,192.29639764241887,141.1514010705951,167.51588230406293,0.4641233357595402,1.2681452812111842,26.151197875392647,37.10533324442677,-41.737496721000404,-19.73223141271745,1608.8116515375434,-450182.89537396317,1.0130587146445762,0.5342588514771269,3.732305507847798e-05,HOLD,MSFT,2023-01-04 02:30:00
169.46129662768928,265.7871311930898,144.75387978374042,134.75871025354525,210.3696364303146,39.802978934999665,1.697940592270566,-1.7452183932406484,-2.1072982947370593,159.123026003068,103.75308719972625,119.7445874608726,0.5943270895909898,1.5107032689695012,86.53127131575698,35.514566669018684,30.783978482275238,-48.806947485112666,439818.9222168007,693519.6053549928,1.0256338902090676,0.7411861498102348,0.0012855724279192222,BUY,AMZN,2023-01-04 02:35:00
144.98645759049438,85.47661181504235,102.7873702982875,128.95321532778271,164.9102870501174,40.48600343210077,-1.6556177589162002,-0.2518740895016523,0.12808588820996464,137.33328830958237,148.6325824338351,110.3113517315857,0.3798877980112095,2.0127189739840032,73.12901997388653,56.582134541278116,-53.41234058306612,-64.54279747658877,360565.25756741693,-440242.0503795055,1.0587919362756493,3.8130880956311564,0.012714341808724848,HOLD,SPY,2023-01-04 02:40:00
154.4014105929997,199.74089949283325,116.99881443825319,115.97904103038128,158.13476605040435,29.808247406917005,-0.6536586910332335,-0.7609262469995075,-0.3033154743251318,139.49653431651237,115.40119656514743,163.56535894860937,0.896871643845506,2.6282200687894006,33.928789422591066,90.82467307717214,-83.10049146013388,-63.57793688102552,105737.29128513132,-180918.4937040365,0.9974091445768668,2.2459437729251333,0.004034752899386898,SELL,MSFT,2023-01-04 02:45:00
186.1952689952507,139.37657441798933,161.77278120692188,150.67867642289085,117.27455989119706,47.04162658751567,-2.1750280272353595,1.1657084219804084,-2.1160411163320956,153.71638881228,134.02659813817286,135.65180073303978,0.27063867066629066,0.2037247769585258,34.336488282402215,50.45407603965075,-22.93946528336183,-11.07097938074795,221440.2501491165,-35163.570835731,1.0474202350772293,0.7084163007450796,0.006113633866362968,HOLD,QQQ,2023-01-04 02:50:00
125.49192987038292,156.6198671320903,160.09476300694735,104.81591401445647,167.70026902024486,42.036065407011456,2.0396676247695105,2.288205632539867,0.4224228221776362,196.9057876137624,121.43511896025966,89.3020307103448,0.9352334714828644,0.5094929325876649,48.641823798168744,91.14314576571418,-69.30855092227316,-67.38522342063914,3957547.609111713,-1184088.0404164654,0.9804972454074691,0.7922819485691275,0.008718153088697068,HOLD,SPY,2023-01-04 02:55:00
161.06019926618703,146.63463264096274,135.20308086532833,182.29784212837984,145.50285960640014,51.66316661554947,0.9690460458912592,2.330450592948097,-1.1811962745063782,175.10690951204634,168.86639763472468,167.60290146290941,0.21751083235466753,6.590606347231562,47.93215866049304,57.2673313703929,26.70657223580995,-38.58586622840397,328249.86711842695,-183806.2031798899,1.0165903709397652,0.9525183647685078,0.0008091790173714686,HOLD,MSFT,2023-01-04 03:00:00
138.19983563017917,135.2729099980587,119.55589227307617,153.76009395306798,155.42506823395252,26.233595552782457,1.3508945928691793,1.3282878064514596,-0.3805212455874885,130.831266772026,122.87003941347965,193.80520409896457,0.6429058313193118,0.8163643884732866,53.336583188590126,49.86691098521834,43.96150449350713,-75.63464204564929,730139.0912036637,-64171.29989134841,1.0550512580985014,1.5645875581197506,0.00496978369218568,BUY,QQQ,2023-01-04 03:05:00
150.86234468804452,130.90501215283723,119.31491121184973,165.5179191328461,119.70139052409331,77.6565725139074,1.7765147980749232,-1.4021725600308002,-0.254399569511165,224.21513785736656,173.64014210627099,169.788887619413,0.7176082458794897,0.6252456078512818,46.89136528579143,40.23414865574821,88.02876530601786,-66.79315410154106,797025.7199323099,-684388.2578008242,1.0511443373652778,2.0699159547243826,0.029983665112414095,HOLD,AAPL,2023-01-04 03:10:00
188.35355587821897,157.88526206719027,135.66829385146715,137.08196441772085,153.8080657225273,24.487195998796846,-1.7392206734879723,2.104732273551702,-1.8461893744570723,128.2417050544284,143.4077256405377,135.03583632608618,0.6207959046500877,1.0960559656981592,27.834498963058852,46.96293961451591,2.368535079557721,-92.8169169581935,821048.8643866137,357432.5446712307,0.9128709756310657,0.15844369711515707,0.008337508001982663,HOLD,MSFT,2023-01-04 03:15:00
155.7329720405971,102.48478909984962,161.11296229113228,140.24947410522407,136.2849938538055,56.72026941096444,-0.6488358043119905,0.639784347483647,-1.7343493339888194,134.19351821430752,150.49641395396955,85.78905509030852,0.601704737315897,0.6875759643134273,28.52730961813178,84.45488120399001,43.158824973295054,-26.80848663271372,48484.75268845294,1155449.7568596269,1.0125486498725085,0.9893681041592293,0.004119819877966181,HOLD,MSFT,2023-01-04 03:20:00
151.39309644468446,170.51737502565297,168.2061422836081,161.2020449653545,126.03166528909436,75.34052246607033,0.8904647257970024,-1.237167039560992,0.54537558677868,200.84593417218227,142.08194667500675,154.39056740128729,0.14582894780088082,0.19121687217069694,40.43629040600409,62.19251154123005,19.497029551005298,-77.9799456613158,1476053.5801202047,-228620.25880971795,1.0373040118586012,0.25772095068147416,0.0044065630607751415,SELL,MSFT,2023-01-04 03:25:00
109.20431577060242,135.5141678534424,132.58670661295076,114.75037976301358,171.02319007421747,51.97915647312763,-0.6911342387212942,1.2928913303951042,-0.6038181582207843,212.41462826414653,118.69334522549153,130.293123105091,0.5629700632942815,0.46628962498672305,51.927987854434654,74.93662519521762,14.39790019614511,-40.583475844681026,1310612.0048338873,-9753.95922309501,0.9775868739088016,0.9722788707863079,0.08364112190030522,SELL,QQQ,2023-01-04 03:30:00
172.38760698081663,114.09791982878927,116.1626893503804,140.54430609877326,102.86876574409993,35.86272440844836,0.13885026817937726,-0.3315730240022662,-0.3929066177061567,172.37448735799975,150.15048349199492,122.96241899493843,0.24466355936897763,2.044190456499967,51.65974957194188,13.91029349652555,-49.92990800378452,-86.32443807603136,3780649.9151752484,-248627.99126878288,1.049047820430074,0.1879065907262928,0.003214066114478279,BUY,AMZN,2023-01-04 03:35:00
169.36452543423226,134.49961426012558,151.69609094665833,124.49236755588947,165.9432879294245,43.12478452675844,-1.599444510821927,-2.9243015267060324,0.07284160463566662,114.82857167829529,129.25169964548343,91.59720493620412,0.44851383795459615,0.505099814763312,40.36984138942537,49.20687888322829,-11.979890877961582,-61.022793508134086,204188.41856187163,1802362.0721785347,0.9492114969110529,1.6500803866058964,0.04716580805993001,BUY,AMZN,2023-01-04 03:40:00
214.8976416991638,185.71447650587717,124.41162573435376,123.50179806108754,169.53458400658988,25.29941633964817,2.659461582840838,-1.470431326106803,-1.7582160032045422,163.39143414847413,147.9402408636268,206.31006730186328,0.46800331929917893,2.0863581722368436,37.51742097556468,46.35385580631588,-18.364616866920294,-54.32294843695134,806968.5106811989,-616237.5384131493,0.9567965192662569,1.081559270430256,0.0016794795238948427,SELL,AAPL,2023-01-04 03:45:00
140.76665295140998,131.9399473895133,132.04368402846993,84.48517629997947,122.61068973346278,46.079833977254594,1.8770614703757296,-0.09798528341911733,-0.40770543623022304,112.1527741749895,155.09803017103516,117.0841490508591,0.7474152358591915,0.21090080584728674,39.44522686110523,34.73444974504352,29.526906945672987,-71.76493421322667,1628774.8055142236,-656581.278622412,0.860206825070365,2.0098846132939228,0.041497908202389445,HOLD,SPY,2023-01-04 03:50:00
156.57450982991816,158.7536085462886,178.13190226092593,194.85845086336,124.39014616602599,43.261819493083244,2.474155892997659,-0.1571393234339249,-0.1106190785488152,246.96607659935756,187.67758533362215,95.35222162929392,0.22746171698258885,0.08555687586734467,16.911114707981284,34.48189316468166,-105.36001148816645,-29.805210077787354,132784.2665614169,-526672.2864464816,0.9820192316917103,2.890253071842134,0.014141526940277361,HOLD,AAPL,2023-01-04 03:55:00
157.48151051132265,126.0713117285358,165.6778857141442,130.03075989907938,142.30922956200794,41.8278380180107,1.3182409483376938,-1.5974303512980181,1.7645351240781617,170.0508780449243,151.77193570915392,200.83925280696033,0.0936466823994811,3.9547475125185847,50.615694618738274,64.57201229287152,52.59743885711151,-3.327311269256069,1558605.872218169,1286021.7589587332,0.8928373448088891,2.7169993593710187,0.018765889571046183,HOLD,SPY,2023-01-04 04:00:00
197.32359839290424,170.73765549770857,148.9493578062863,189.2280337652336,157.46108631386662,45.80919319169419,-2.1877517705604737,1.126609079312185,-0.9202916506641354,188.05229656703372,163.91563249266954,150.93187025298292,0.7407667010516804,2.8544510193752393,45.325685480223235,18.11900542318183,-13.310812663272653,-29.26310970695789,314660.4501328826,1371995.9422727171,1.059960673999536,0.15684499397109433,0.005645446389398017,BUY,SPY,2023-01-04 04:05:00
147.14113402839143,168.56523216370613,113.20202497218193,186.20135428461737,144.41435024557325,61.690332790057354,-0.9590540799666525,0.7796498429838417,0.7888795811242115,147.04035496661476,156.51322217773946,146.27872423477868,0.8078007799015328,2.1933943444279524,15.089467881845827,77.75017547021001,-33.318742602159865,-76.10644262111559,329679.8634683297,-822940.4096102134,1.097628223906528,0.47292028747942066,0.04577535486581045,SELL,AAPL,2023-01-04 04:10:00
158.37064577311017,203.45826499889233,150.28491418676649,110.8480093914722,162.00687380575638,23.000497447904916,-1.4034649676350903,-2.1536439298409635,-0.001794597683584102,223.19835111125545,134.37535028680085,159.28193994448074,0.7231577952651967,0.06277336344161559,81.15123812728596,59.78840921608174,17.248243157342106,-62.44325742185253,2911309.4201591434,818704.1895803014,0.9537254799581563,0.6598966479872554,0.017693197823759582,HOLD,AAPL,2023-01-04 04:15:00
168.23689529149618,142.73308163502352,171.56643226968816,117.17084045846894,201.88938957612197,65.49359646700708,-0.5145497802859057,3.950084948592465,-1.1355900797216238,142.41324932571908,156.97762906868957,163.07065396588504,0.6068810434301268,0.5471742429912451,55.32302690687931,18.708739824834883,-1.1666022170684298,-63.96543040700882,376692.6692260667,-378425.2970094927,0.9906272583911417,1.5556533329634328,0.02252172878780653,BUY,MSFT,2023-01-04 04:20:00
155.59827369469073,168.0596441427372,135.6091583558616,233.9360946993819,133.76849692550857,10.310867619892738,2.115527391341166,-1.8218819750826019,-0.6329411967488909,129.94120561177186,136.89303351760228,156.39684069013452,0.6968870374711625,3.3459733367259075,60.80100163839324,15.460395677066478,7.936328686333568,-50.5617204456729,877640.8832577806,-1354711.6056372228,1.0053674184313848,0.014925405111706966,0.01627292336763846,HOLD,QQQ,2023-01-04 04:25:00
136.60699156348414,150.94202618616833,178.7778522496679,208.02963014166858,97.54460087889738,73.62324016011743,-2.945521665795291,-0.6866192954834591,0.8662643616277227,170.67097175845305,129.6771068424118,104.79731103118104,0.6248387129256879,0.3125303794601498,63.68501748551175,40.848636258907,65.42254109693665,-44.885188632571236,579984.4970384025,-1356111.8900829772,0.9574884714612593,2.5962252286419916,0.0026759921626502707,HOLD,AMZN,2023-01-04 04:30:00
155.82269978694922,186.87615345589043,177.31863223795517,150.99140757350068,173.7777074909196,33.24440095205007,-1.1672788528503448,0.5631061469641756,0.7769954865977537,190.8022535032997,112.75382535954435,102.47199942580382,0.8137388000738394,3.3517264504215856,83.4910250958591,79.75188339712041,-89.52185658356207,-30.45854055242646,81382.87648979167,-136621.63520562035,1.020485110681576,0.5229500255066859,0.03618519612336216,HOLD,SPY,2023-01-04 04:35:00
182.20895249579317,126.43502837173808,186.59332080358683,160.23593940535517,199.49943727782588,91.14544632863696,-0.7889720191648583,-0.681827777120521,-0.5202796602568759,234.5043177568422,156.31807763989562,128.13078546423642,0.6949282612150753,1.7552631878897433,57.077899559469316,53.836113812183854,-69.53236735506731,-69.22315971819857,3005430.3721753866,863265.993866847,0.9915443818380654,0.9972465751404578,0.004056652925659231,HOLD,SPY,2023-01-04 04:40:00
119.20454101766819,170.35015938631844,152.63107816328383,131.81291510568997,160.78305089153372,58.6801950582439,-2.6280333271604204,2.181414647153201,0.34372471388774534,216.5004250366435,125.7960351249072,134.69690340458496,0.2680516917644051,2.6969829035895443,29.331183302459596,60.18937431157835,-27.687410674743717,-13.376525406363445,240448.9801682734,43403.050446481626,0.9321927275961498,3.943200314173336,0.006904755591555678,HOLD,MSFT,2023-01-04 04:45:00
153.98909022440628,142.15908111649955,159.6847924951503,165.83528685441087,116.36753973938995,52.82372479359493,0.4095165096467003,-0.2629339366914804,-1.0370146967833602,201.8279711371894,155.711229490705,139.19909951139533,0.499560755483094,2.0684998823842617,60.78716172121735,31.200086459854283,69.90344648056058,-75.13339851825792,311557.53895656375,156360.30834513786,1.0204117462765199,2.142659296381819,0.02214409956309273,BUY,AMZN,2023-01-04 04:50:00
128.9963755518248,146.07435468674507,180.35468220827724,129.0501791768809,145.28322910294398,51.24625516145576,-0.6839586386349165,-1.3825776540738308,-0.17655805321626544,136.01799193989993,140.1171811842925,156.85690248342127,0.9068689996689341,1.0791004397293977,11.131478892693696,89.49410551481712,39.53169357046335,-20.510866858037048,473604.5942814095,-1757702.4231584421,1.0260785305306699,0.44970015444232064,0.00195951897713008,HOLD,QQQ,2023-01-04 04:55:00
185.85139886774527,150.7525745334512,156.1848484267244,86.96467954245169,115.44429547365104,62.47307018891578,2.223633651130106,0.9217800685128685,-0.4295931247583048,135.27808677819007,132.89531557882074,141.61296961847177,0.4079576483858094,0.6905583854334899,52.90395372136506,31.057760165284886,-6.176395681731534,-49.621507496951125,690223.4472576064,-326156.17431720416,0.8974239812490985,0.662640706551608,0.0541822799157438,BUY,MSFT,2023-01-04 05:00:00
104.30439285648676,155.56721189280032,132.4691473052447,109.71021483164637,168.28566481888842,43.47190644294381,-0.5502468006770334,-4.3491153009898325,0.9317772655251275,129.27537676930856,118.41062662484569,129.57911848186,0.6261161417959152,2.2339345016505914,27.36718373930666,58.79325030076128,30.264527931258346,-16.30975393968515,155818.73900865662,-233262.31308327953,0.9992837682247635,1.4694335696820089,0.002650696873782271,BUY,QQQ,2023-01-04 05:05:00
133.23234458185235,144.51312870634126,133.78642908680348,152.6749679312188,108.46128791904697,22.71174488046154,0.9178843166050906,0.8007285168942001,0.46284257906977055,154.72711354929586,172.5197013157275,161.841359274119,0.39427158919400035,3.289227604621898,39.1677303654585,48.50733009311897,41.993997386046914,-29.867073806920548,994080.9069933867,-363012.95928775024,0.9787131266925352,1.3608440048857111,0.022001624066393815,HOLD,SPY,2023-01-04 05:10:00
161.31635625193562,154.44139549511578,150.96387384434348,115.80584846391719,139.996136395154,53.70686792707311,0.22997073675455296,1.9348872764004503,-0.6760672333696209,93.03539188411935,130.18398346039922,171.41481378989707,0.8025465921558803,0.09152803109863214,60.86501430976556,24.347625223096188,25.90268893551023,-82.80737846738812,722993.1605945132,-975808.4988957539,1.0138449890922552,1.2201016457612048,0.02016384885989974,BUY,AMZN,2023-01-04 05:15:00
196.9657208770302,195.34354172686554,112.73596445134453,149.8471211227669,118.86986521118281,61.03543448020863,-4.963025075970835,-3.460008320605154,-0.5764933369284905,207.79102630746493,179.66456486873605,125.73638805252166,0.32501345807580817,0.9557778612767505,64.30360273908357,46.7421671901745,54.20733156587744,-63.25858540762373,360984.685446792,1948789.8961583162,1.0666019022504645,0.010750299094065417,0.023948582307059596,BUY,SPY,2023-01-04 05:20:00
148.02749216781038,177.56349056845656,141.4185271158952,117.6108467381484,152.80474055404886,21.661331512483557,-2.8702911857400424,-0.6060039908898798,-0.029049952514663413,124.13946573990802,119.54470757599115,108.96176660384734,0.48261111964288006,0.8638125834695123,26.10948744027216,21.839561890742935,8.771977084874981,-28.95382010460232,1179773.9803365485,613034.6456340168,1.0582969050035838,0.2219145055098478,0.011360156223588467,HOLD,MSFT,2023-01-04 05:25:00
133.34401419920405,174.0746377749069,172.41367795575636,126.9646744799362,138.00974968586726,48.06459567241052,0.7670809379153766,-2.469267065575747,-0.16128683367420105,119.8165513074276,177.69185836531932,155.40573684683707,0.0628485373695204,1.6395572786694184,38.171711084318304,14.256909576959515,24.507378196378507,-66.40393394701792,721711.5701044225,878903.6693476383,1.0514725037691206,0.2506148967481481,0.009634568679365896,BUY,QQQ,2023-01-04 05:30:00
206.4347120832177,134.33381421928388,90.21865372086798,179.30128980522213,154.30286309750792,65.1715472398712,0.6759236332267569,0.019692927266553764,-0.27952349670394916,145.79588779377428,142.0985303508427,137.38042298356436,0.1568321059169268,0.24190749096907557,74.90748984224429,77.55420644227263,24.7962279327068,-91.14214167684005,1836875.897124529,135265.53066993834,1.007316033201936,0.2885038453198952,0.07602572642135705,SELL,QQQ,2023-01-04 05:35:00
106.55958298751268,121.32277515315026,183.36205254486288,159.91937752448334,149.67051664899097,36.08459107471004,-0.13733970900188194,3.3652805594947774,-0.3519547292557266,113.01659389884341,161.51824666776886,175.08253493066417,0.9528324587598991,5.418684374892872,58.587177924741084,71.02923035752093,-20.51240140957814,-88.14726874618563,1933817.1351136162,1374300.4051725504,0.9868317667375445,0.10113067314588335,0.033982710655375885,SELL,SPY,2023-01-04 05:40:00
84.03582130139755,176.6590167471326,173.059355467579,151.6907385179729,119.40022916827668,27.88783047677732,2.6602666158756865,0.34390943119012807,1.3791869793847908,182.55017075858612,107.48631678357465,120.44359387812791,0.6869486236433039,1.5904052986315516,43.08828817568791,85.31931395817821,-6.69913632024152,-29.700524311164845,3917372.149178922,-904246.899352776,0.897409794417636,1.643022546813611,0.013289003824082064,HOLD,MSFT,2023-01-04 05:45:00
163.20043350159997,174.28140377589384,133.5058846042381,180.12684713826084,167.80631190587064,31.54659615155282,1.0199494814167933,-0.3278948194763048,-0.45192028309850685,126.18921960175132,107.36606455748296,113.8262621568108,0.3496972025181932,5.147549283326215,45.06430845131512,20.451763462745184,25.42646529718486,-49.18219371324678,69710.01195878176,897593.57597268,1.0402699868726784,0.4174819218245099,0.004024402414889657,BUY,AMZN,2023-01-04 05:50:00
134.93837326942167,192.18012027252945,158.58477069679523,167.37947498711512,147.53703044470655,46.25419925935372,3.140591026643282,-4.236559933244462,0.29998120276257684,177.55142459711405,146.4500810751794,130.99998388977954,0.3557850236308582,3.395892711245587,75.88026091720033,50.62769909704643,-48.7971944259061,-75.46393018775196,519494.15454247885,-1144801.9265581784,1.048070873512353,1.4942714145652545,0.044246404380323824,BUY,AAPL,2023-01-04 05:55:00
119.36301548607861,129.88058122092312,145.07869317265818,198.29002532004375,119.34412976402298,67.29160202735358,-4.919334294143315,-1.6591836503902544,2.4226688755390207,192.3708312501788,114.65319213845085,165.5934943949742,0.5505671535324,0.4254927354687459,60.58227913254702,39.37388148251928,-36.23049871979748,-20.710088923645017,696189.7527939944,96774.50483340543,0.9164989856613739,2.681280859937736,0.020925109075352166,HOLD,MSFT,2023-01-04 06:00:00
171.2506934189806,141.1135403391896,175.74975921096708,137.28450360591552,216.22779668617378,66.15850102546861,3.468296048368874,-0.1995283736615369,-0.8464889300248778,140.7724898913383,173.22470962703858,139.45126649809293,0.7319548497226258,0.2839084155415785,67.16539845678824,76.04953317048377,-13.074906125549635,-10.940597645405033,266324.9231375935,50240.032378866774,1.0228885335391968,0.3754562465358043,0.002918405506461841,BUY,AMZN,2023-01-04 06:05:00
157.31402141313598,98.81547512423697,169.56707856924854,138.25168068711972,163.29290500151373,40.1818292602161,-1.2143059326047558,0.13973739352088688,0.19271734348973327,134.88914246453427,149.10012206347136,147.34207713619728,0.08482944084617615,3.950166512187017,57.81543013175057,12.3799238795588,2.710936723349278,-26.61542900554441,2551497.714889898,142162.17196573978,1.0513525597138231,0.6047182901501131,0.00404487910400326,HOLD,AMZN,2023-01-04 06:10:00
133.07764107789814,136.2258668181738,109.99823192042477,110.36450347547695,144.40218339802084,87.0126221762696,0.04972726550648803,0.5146729195591406,0.2444647433512436,131.9241600763349,123.8955786108014,135.14357433297533,0.5407637636574751,1.5361734940706608,7.551353446391151,19.639642726986892,-0.9824390828679339,-66.30763354239177,92256.07147395369,55378.085741757466,0.956195973716521,0.09158098667822406,0.015566253677863998,HOLD,QQQ,2023-01-04 06:15:00
111.59086803987317,177.89711531738342,159.6815603366044,138.27261704408258,191.4561358010547,53.54349100058733,2.3735438079706794,1.1521420442746817,-0.011097052106183421,122.12230911129373,116.9989875943559,180.46500801769952,0.32139654029285286,0.0398804792403553,84.72428528189369,66.20589442545241,-0.8673685228509108,-12.390502280469597,559501.4601796482,-2135533.097089898,1.0397618551828458,0.34933172367108184,0.01401083456066765,BUY,AAPL,2023-01-04 06:20:00
176.17371984840435,134.00513862315407,139.8593036589188,182.87263661767827,204.2544682815982,40.0561279299131,-4.229529792904375,-1.3585025034885254,0.041106484080118855,145.2874882551588,132.7866472703881,164.49157302311417,0.825051971390797,5.443084069070854,74.93798493668473,35.20792924911635,6.732506300728513,-43.876889884301654,204801.20702478744,-362247.1177353275,0.9421419604428635,0.7901925797729176,0.010528336998061258,SELL,AAPL,2023-01-04 06:25:00
169.50603533875983,167.2143938560247,147.0708142629525,193.59959591238828,144.63951733058346,43.8546800513715,-0.5066674829734885,0.060134793165332615,-0.8789845307272849,162.35832108473744,125.80428096453113,104.3219124260537,0.18449232812939245,1.2812172413684428,43.802811669543026,27.66337959002401,-11.704923178695115,-3.4069738426141227,1146140.5035565852,-32158.816011453164,0.9769025964985835,0.19868031875397066,0.01113299365828309,HOLD,AAPL,2023-01-04 06:30:00
147.0247240866185,142.28490682006566,126.79570247575461,182.72976537877338,159.42192459304286,20.039852334012647,2.017630710087791,-0.7444612158184866,0.35884438259380075,111.59443981129104,152.3822638846849,177.03539596534264,0.3774344303943196,0.7160268264424509,13.423507961066313,72.69228590818058,-34.13175697120071,-86.96046265589143,1220753.9268460332,-459609.88907148637,0.9414789586158488,0.7700337796346524,0.003779731411964421,SELL,SPY,2023-01-04 06:35:00
205.39910988142998,157.72171084664683,188.70342672802087,94.58586027041804,119.35991545991178,70.04922978058681,-1.2340995763204994,-1.4075154598987742,-1.8372352147897113,137.53025704170994,138.08145672968172,167.71207074655157,0.24780121545852965,1.453812813710717,45.85069145604084,47.27789696551907,1.8036804359155914,-90.84807178011405,2059748.845705629,-1523037.103053528,1.0406499986828552,0.37524819522052,0.0058999335540003885,HOLD,QQQ,2023-01-04 06:40:00
117.89745701021542,113.56925830552998,171.0015454975644,186.6606468051435,144.58421747695965,70.41767645365857,1.8274814816736675,-1.3077888305221101,1.7978372678210017,165.52218111713137,169.2094058484305,182.543310659463,0.5808040666154498,3.4622891633508073,68.44856578399016,66.55084343914572,31.938874477602152,-85.21614942895684,525889.457685097,-312910.8138235559,1.0404293979044739,4.6099928479291075,0.013573386987290824,BUY,MSFT,2023-01-04 06:45:00
104.23424487225783,150.55628348901703,126.50572090067581,93.16740405529373,143.0281233872039,58.428513136235885,1.3527634394075894,0.8113026678178735,1.7130392830837224,161.21365736816696,155.80551096759007,134.13842996806943,0.11712967618962486,0.2337255722623177,95.7170931382498,29.862911342601894,43.028438303979314,-82.1076571046185,1492145.5659986148,659427.7861527576,0.9734039754492968,0.47114367276926095,0.0013164859431085319,HOLD,SPY,2023-01-04 06:50:00
129.24275790356268,58.2659208729783,111.63473482724419,180.73975437191513,154.54481100864962,48.95176920105735,0.3383337496570619,-3.8463403847472373,-0.3292318331569714,66.64836442331861,118.32550920383635,121.82982339782309,0.49544464211300926,0.8892423048061441,48.32882005611149,85.08605570125482,-99.52832252168123,-65.70671364274791,797576.0590773145,1539500.3656083765,0.9375913834169779,0.03983938072700006,0.008698361195629644,HOLD,SPY,2023-01-04 06:55:00
148.63241950933508,142.39311525514046,135.3581842255538,140.23089514972622,158.9828143591103,60.34361724543642,1.1977992194415323,-2.7826051240845855,1.0517516999593768,182.17711398434503,129.36112320479108,147.5196458758889,0.3568948970633147,0.7679944223033328,9.858867069895606,63.12726674822826,-49.57599713379635,-42.63987212863752,1672755.3659994737,-107394.96295422575,1.132012744061736,0.6404681458324049,0.004723913143532284,BUY,AAPL,2023-01-04 07:00:00
157.30018347968075,99.0858026885458,155.86256615228265,174.48106604588338,165.7948534648418,86.63979913960661,2.5892666074802584,4.75078521602,-0.2933691152969921,203.34573626536536,118.38722437104452,154.89136419605668,0.48345591858578246,3.660786719142335,32.016201335864395,69.90316556850587,47.18495422774641,-44.49686798881248,89245.49757450196,-199271.7078018012,1.003786836837474,0.4064987178116373,0.003838911058037093,HOLD,AAPL,2023-01-04 07:05:00
142.76291826431012,184.17983549640448,151.0051460986556,109.36165286737389,156.12927968899876,72.66937069278086,1.2050019396177358,-0.996759205154296,0.009810028271456755,139.95754974921599,118.40961089720626,185.5604864122679,0.3728130166594941,3.014369924314608,54.74665271496247,27.418417699297354,-13.978856727936462,-85.17629173922218,622591.1511062653,-742475.116484761,0.9973770344606794,0.46208066025761363,0.0031703745251028263,HOLD,AMZN,2023-01-04 07:10:00
160.5616618954289,171.32222058293533,176.3283206192061,189.4773642465967,112.67772120112507,10.002919259744324,1.858257725063114,2.203296510894309,-0.6809353889494114,99.2782383172022,95.1180144328276,169.09573389651032,0.30703710028981057,1.0219980595229896,78.16457090209508,55.61977071878103,-91.75246954540087,-92.19141332051659,163178.66740676918,1583394.4262081725,0.9604475343036825,0.46288276429764297,0.0030208636887429684,SELL,AMZN,2023-01-04 07:15:00
112.45381727428668,162.00012945898243,164.74799305452132,105.12080812464356,120.84598682776745,18.59951906836288,-1.762587467380016,-0.09698856608877374,0.8197720347515387,133.24643057505804,163.53124085629491,154.472618801655,0.3200312349413489,2.1841969573209927,59.11646650599093,11.824476434809771,61.084456932349966,-24.269713920895754,1562341.9661724262,-695081.2399088449,0.9512087563168445,2.1300626243087115,0.0034975212812783088,HOLD,QQQ,2023-01-04 07:20:00
193.31293812219778,193.63018681478138,169.23922564382266,130.60944285269832,132.6077714160898,46.312876534045444,1.1639876088343475,-0.8423597340644304,-0.5812889565244118,132.21414591805876,172.30800337763142,146.17423936385487,0.40011101716377173,1.003221365087653,70.65887169383316,54.11634522793425,50.29853807225897,-58.792906373160456,165666.68480182035,-306505.637836449,1.0267585265056178,0.6896823269100961,0.009372345723365323,BUY,QQQ,2023-01-04 07:25:00
147.53546464822293,119.53250437525489,153.17138501526094,120.06097191139088,140.53278224230314,67.85347020810431,0.9787299705508755,0.9857974242595839,0.7851548579497323,201.99493674326715,115.31108507269377,150.45771012231947,0.37674694345469967,1.6940603712396725,21.400023030374385,39.837795501820494,-59.142437724683404,-69.4959598195561,8093.030917378629,475991.7532883588,1.0176542060462086,0.2914772874486172,0.0021395711531105137,HOLD,MSFT,2023-01-04 07:30:00
183.51887494764384,200.42089593746675,110.26753174472523,95.86288470968003,180.52322871416342,58.12458484553136,2.2477865803424977,0.12088932897094774,-0.04204376796431034,121.7223188323821,112.79379741159734,138.17046057557152,0.1447760268135769,9.469486190396985,59.550864442463144,59.75971085193442,-58.620982831080326,-70.38236834972233,2652479.3627764955,976930.9525396005,0.9740792235841104,1.5726411134673073,0.04546857287358952,HOLD,SPY,2023-01-04 07:35:00
160.28176039133112,175.96574692781155,140.10753672132748,155.02488216283098,114.1118303944126,52.6557655432632,-2.3159912733884487,-0.2686109884908815,-0.01724628831099586,147.46879100351325,154.02319414359295,170.3681147810274,0.30986782808311053,1.5339081011137266,75.91188151783712,22.66101746373531,149.1101027997686,-31.954335411327676,662808.7137720347,-492129.0724663099,1.041692967775738,0.5859919234992463,0.013779761846703644,HOLD,AAPL,2023-01-04 07:40:00
163.70259657461352,140.9033413834316,171.50224349771665,209.79485177078277,138.277548554879,33.10747662174079,2.1472205904913153,-0.06599051145379882,-1.4913222845284002,218.73827961341485,119.51562298437032,106.4343972438422,0.15226227881627682,8.94385591567386,60.834521084333126,64.05555758577798,-45.85253355338877,-36.577345139005686,4212512.606988247,-178314.03929811288,0.9893231451373417,0.15706974831927478,0.014054881153495954,SELL,AAPL,2023-01-04 07:45:00
167.0930184069661,182.06860441548832,143.71192678688385,237.3409671142403,177.5902849464215,44.36596508120182,-1.758327890873013,0.5910502574512068,0.059852030594329295,165.63431961320626,171.85187891219257,150.2608386120238,0.18349950582341218,2.7503061627410483,22.7566873197995,52.67575314378104,60.837634945241646,-58.13502462107698,603301.4205600856,-215383.99673225218,1.031865433531598,6.50117184176796,0.0047421186350313635,HOLD,QQQ,2023-01-04 07:50:00
163.43125680051944,114.81119462765098,157.57725921559367,155.10898518675992,140.00367576510163,51.576285143653,4.68128658236616,-1.0323111897468897,-1.1458411396778154,166.84591000453844,122.08138975475791,181.3242002072862,0.8139070738539221,0.2573089858555092,57.96487175571651,17.113514640838474,77.22391621336665,-90.44784226320292,893533.2506399973,-1339306.2472472375,1.0196727317674152,0.02773898960731932,0.040371475709369664,BUY,AMZN,2023-01-04 07:55:00
169.28168279602633,123.26457515416979,137.03129211884666,187.73380080216072,162.81246949528472,37.65954699207983,-1.7769439333398496,-0.7227907724807181,0.061594441583688736,156.45810599324355,86.53955191483719,115.92892261086277,0.344350909609642,3.1789389173870135,90.60327234242972,88.7009486175257,-72.60353145780407,-85.23965695495099,1363262.8185716327,450604.80354371865,0.9922590916461088,1.2352360747225637,0.03522046269225457,HOLD,MSFT,2023-01-04 08:00:00
189.87457590397295,129.742308302809,119.25470378645387,159.4270284137132,144.8137387121629,4.431073550888706,-2.3335475858073016,-1.466303540246221,1.9397682632366897,194.2190328768159,136.7434505922775,208.340013652575,0.5473703379764302,0.3517701703095772,52.79398684970812,51.46394655396686,-45.56893089805324,-63.19354653750522,329613.48530927295,-595054.8965809825,1.0374697697505972,1.8809611329138582,0.0006969237497486952,BUY,SPY,2023-01-04 08:05:00
155.8956350910441,132.13066875807954,141.91639839884724,167.9642622325828,156.70349771974168,20.875728109104326,-0.5810103210775417,-1.811183522155207,-1.3895535791170603,174.14178994008572,125.19213654708788,117.68133971204612,0.4019440582430615,1.5199787687255693,11.063897604536542,88.99479225124158,51.57521185892969,-52.78904773690353,142550.68599951424,-428801.35507432977,1.055004754259066,0.43666682229589154,0.026365564043241654,HOLD,QQQ,2023-01-04 08:10:00
171.27011272765537,116.30327071719242,152.72618607581634,141.05124316392835,142.1458236857138,32.02780307707793,2.096729771270846,2.775125017315854,-0.1469054250386752,224.87400541971482,143.68215710065007,134.8592335396985,0.059929487227164055,1.8999289352051976,23.737445853826102,6.242179701254959,-68.13227783540658,-80.60928480926968,1082137.2889975428,340835.1876220431,1.0508865808289856,0.1711957470197706,0.004073416470045057,HOLD,AMZN,2023-01-04 08:15:00
147.3079291713832,184.69249201285976,128.6078070134639,158.24246161352326,169.01196418185063,67.38403299949722,0.7100953429101868,-1.359378512224959,-0.6354977408001427,228.6932434268199,131.27719733425977,180.77802621751695,0.20794300123938997,4.455520352743854,58.22301672798588,26.19206392270546,-53.56296168303862,-2.0997584428820737,714752.5239489299,95685.45842482762,0.9271149146014452,0.5736908592835543,0.016221362511741458,BUY,AMZN,2023-01-04 08:20:00
193.2035164634842,140.23436798890506,139.1072188785833,169.1993185474057,102.64830777780695,56.988462851464604,3.3590036850983833,1.4978926641605117,-1.0403182977453251,170.98008989088655,154.4135429094895,193.56099687691557,0.49482293156913837,0.4725189055055754,48.14128593616761,27.964506601673346,-9.792995318102466,-44.07479306799515,1753315.010510362,1773677.7303533615,1.054725099830414,0.6587016321089382,0.04088430966882122,BUY,SPY,2023-01-04 08:25:00
129.7082309382219,158.5751490507064,121.51341895035043,133.4892886759574,138.10063974834364,20.960999202250985,-0.6009931312502813,-0.5337436183395717,-0.7912414773973764,158.697093482006,150.57816612788758,160.72438772424164,0.21322526583563373,4.174013328211294,34.51680866553656,63.97467119397533,-6.257690983262994,-68.34473943825469,46115.97516544189,1770818.1264487223,1.0249281532533263,8.123519508386378,0.054378015313345046,HOLD,SPY,2023-01-04 08:30:00
204.02821298732448,130.88945900758958,172.9811229391024,149.5201824034244,157.89718030082923,69.8743032566147,-0.9799339049450734,0.810714294028703,1.4708228726979409,165.72672792212447,148.1433960532679,159.93406310031514,0.3891513845684726,5.451220234635986,46.4598182238086,42.08412897961337,54.532882617551415,-55.2586770298919,786952.7285160397,1457737.3642095448,1.0307937473446451,0.019657623212110828,0.004077908257926856,BUY,QQQ,2023-01-04 08:35:00
148.7952614806697,93.38190098354448,137.63860606029914,150.1302361920804,165.0108574401858,85.0853429839213,-1.468910981609659,-0.0028754311949538334,1.7364860038419647,140.17494480945746,144.76929826481333,203.6361214501097,0.5663866800663869,0.18749497565844064,53.32424742554378,4.220181216460473,28.14928852620983,-60.162315846829884,205495.07420507827,2013815.1067171323,0.8944793569197235,1.0667763060198572,0.05612738616158136,SELL,SPY,2023-01-04 08:40:00
107.07674693645856,156.10172075174268,181.31888862815458,178.44490615457678,193.78857868261483,53.87887860390524,-1.0526144713498162,-2.6869189603896815,-1.046344934756216,164.68107267791356,139.98442057750322,108.95680596210346,0.8656429376087862,4.3306110324030564,84.62315927249823,36.42420151713616,10.328849639158225,-77.24744138059272,960549.4708105458,1610240.646285853,0.9268507127420023,1.6319324142301512,0.001442442412846176,HOLD,AAPL,2023-01-04 08:45:00
153.84313244732368,90.6323507374067,183.2186962635227,117.88697050791421,137.2692599940327,63.767305952503236,-2.7944284918491813,0.04342128146891831,0.40090921462191054,109.52673423152478,105.06716757027512,98.2549652301965,0.484040389556128,0.5999953275757395,82.4883670835785,81.26911546731816,-7.363236330507082,-45.0101993336806,1428950.413422419,-1641568.6975026475,0.9877959484280328,0.9620836775240288,0.04800981245402484,HOLD,AMZN,2023-01-04 08:50:00
129.56845027575358,145.94097861743595,142.9738508819564,150.35064932455515,193.3844528558262,91.46524221105278,-1.2976427271035909,0.9085874412625832,-0.9189933135562479,135.07741818816686,149.73196828804345,92.26932211805433,0.5857296763996784,0.16894037937396184,26.61075002299877,60.06998303622977,-52.53100680038417,-55.804552700700505,305181.2158241172,553280.4941639664,0.9097054707007814,0.99406696837599,0.029596809871251323,SELL,AMZN,2023-01-04 08:55:00
175.21930646966172,106.95054883501568,119.78878168631626,213.18417500968633,129.2292852002099,34.50887382973652,-2.420965179883817,-1.4324727996658233,-0.6783237193907298,187.52704335950463,158.29890693725105,124.46222059476486,0.5048006685867693,6.367710335301912,33.5574556805827,62.35754929483976,60.81278187091866,-87.03181810533648,657372.1662289613,319834.35239458753,1.0859225255488134,2.081931536062701,0.04902745721453569,HOLD,AAPL,2023-01-04 09:00:00
130.42128062092826,207.61827997692424,92.85255305666657,189.24992488275,188.85939234633932,67.03236496584634,1.4379400786442083,3.482572128468656,-2.0492317195345278,178.8319031752198,148.72462583235014,128.51726788209942,0.5283647807455024,0.9958302720222351,40.54205035544413,53.5181874061761,6.956235027008882,-77.12461973647024,545079.2482039166,275480.03817521624,0.9572175324408985,0.8328011501551664,0.009118739841098646,SELL,MSFT,2023-01-04 09:05:00
136.6144970035566,175.34088166524165,108.19907317433021,195.17372956443856,173.52401380095117,27.06343296808714,2.960389038478408,1.2182861215032954,2.131828467799029,155.54484265906186,134.96227756578784,161.41714541628878,0.3632105358602001,1.9509326790778474,14.303596126237103,45.58693745624218,32.7799673756358,-50.10299039258798,1405969.8956259293,-479775.87464987463,0.9409455648404657,2.133562842471725,0.05652967997208164,HOLD,MSFT,2023-01-04 09:10:00
93.31377807163408,151.1726137381444,110.6541293775335,152.7818188856971,121.59624261103332,37.359002436126175,0.44327930977864116,1.2314541658646416,1.0983185669536935,174.6612623202765,154.7585977969282,180.23254298240516,0.8872536684103016,1.6098257526265127,42.94979665451342,76.80687883602297,11.061571911279962,-45.58586301346405,915960.2519968564,-1747689.0918897535,0.979735828917061,0.23595763801537964,0.0341318440734956,SELL,SPY,2023-01-04 09:15:00
136.43081042252768,185.91120032964005,179.4617406865376,162.27192203795275,158.21117711755466,25.55782579064584,-1.347799096818479,1.3907575458018862,-0.6516849238248302,212.71548149535388,145.9155880453524,177.25831316681953,0.32056318126745326,0.479516438995101,45.81673742997803,45.82131557917664,5.625627204813363,-47.648837116230986,128637.55757165485,-549274.6390073145,0.9889516308601543,0.7259237898483151,0.007959539911627454,SELL,QQQ,2023-01-04 09:20:00
77.2836202011313,122.61052067602793,147.89561468067365,184.0715573344936,147.46292493403425,86.04230103639432,1.48855165322546,-3.5010582259334515,0.2848393011864898,146.5035003093489,157.75269365116768,176.38134922028038,0.41772751220952625,2.2146950288136176,55.90957014833711,27.94025646584573,5.199314019016914,-34.15347095194872,3761368.922231223,-674045.4724981562,1.0128695358699287,0.03417335212828886,0.008278036925780616,BUY,MSFT,2023-01-04 09:25:00
102.4829152954283,164.30438136010278,154.7401131022997,201.9281769449898,167.76753781025002,11.075167005079846,-0.07851936775049807,1.0572964152216044,-0.3999816600082776,109.7679343347008,137.81056037940232,121.25841870556957,0.7544735357574891,0.09442429669838981,44.566212470435836,66.57010200713314,0.20523147438279415,-28.387791223909563,2434261.1704209954,695813.5702549202,0.886535145835487,1.627008831182484,0.008838914067761475,SELL,QQQ,2023-01-04 09:30:00
172.81243968432892,153.99431301156142,89.48947477662185,89.54870678774762,142.3018523470007,30.450853046888525,2.0296954562941623,3.4141185267414995,0.9459521410358805,181.95220640076857,104.31603907220122,161.54391340510963,0.36640836751243083,0.4540394236348333,84.09242683582623,44.11958903072477,-7.0717703715906435,-19.754380247693234,864457.614103837,-283901.4824408951,0.9337054852269769,1.5018603613664228,0.017772866430902902,BUY,QQQ,2023-01-04 09:35:00
173.57400475952497,155.9206024400101,115.05083926956846,109.90587817440493,139.78261323014806,14.119796771732949,-1.8908557282886818,1.1391206613327232,-0.34125602032129265,178.76893014731286,135.53081449629482,127.98629204487492,0.6381676757703175,5.788654173434247,45.08933863642564,30.398336498494434,-29.950027681769285,-33.31566530166498,1502724.4102272831,1241922.2180399252,0.9711434636854012,0.7744437991854721,0.004015396100804158,HOLD,MSFT,2023-01-04 09:40:00
162.76372685354895,186.17060500320304,167.17699441115718,193.90221124488474,190.07283748288555,8.405303577414214,-1.7520057804074054,-0.39419321542065366,-0.19477464119991555,186.58936435538658,116.283344403915,168.02684064873293,0.8487986055619382,6.136929597278459,55.1186319393185,14.181865479871766,26.58269582239014,-75.51385333771434,20172.59578040179,1781492.6506440805,1.0280291215833532,0.5038882841401209,0.011365559918419704,HOLD,QQQ,2023-01-04 09:45:00
120.99071570612361,169.97476308339407,152.16935280956466,143.1395406153983,146.03837316632982,40.28578706628254,1.4523182431511255,-1.6729780961189258,-0.6620532221907273,118.09730942453466,128.40930400060523,151.2800398753521,0.626051280989471,1.3180913727602177,56.530886429759384,16.055954512766764,56.21759867323929,-34.339899905900005,225010.07237274313,-821447.9990445863,0.9875437602210353,0.4622134067049644,0.001401165720391385,BUY,SPY,2023-01-04 09:50:00
148.5686593157406,156.6617098847507,141.31986803286006,130.50493474374153,173.792669725753,66.22825149955683,-0.040533766275261625,-1.817781373077752,0.6038930123616105,107.49155129110693,142.16331102700386,176.54815443581285,0.26198519869621717,0.37042363253860083,63.87938995148193,72.49816527182222,12.027761613064966,-41.12563361082735,1460427.6863650521,-1056751.1723235815,1.0085054499522355,0.22453097143295997,0.008873169852330793,HOLD,AAPL,2023-01-04 09:55:00
149.89192382728294,98.35337691315111,159.12105896500307,111.86684841614067,142.239455448674,56.41791633306361,1.8537533989218093,-1.9979023761380565,2.2093283544640654,169.27287882157847,164.75142776969398,221.28767409779374,0.6723742678819974,1.0950485848189282,67.95755176689471,33.19994825480548,80.23924429334579,-37.967102031525506,112259.83199192164,490113.921913819,1.0556424461615852,0.5584227712418427,0.02197622904353813,BUY,AAPL,2023-01-04 10:00:00
115.24905932422374,119.19861114161608,185.89494515339538,134.2394655505885,198.9998977768257,42.86993294794465,-1.71704818684893,-0.6006468024755964,-0.2842590545704682,166.82311788764204,156.65016035264833,149.0149424805069,0.23374959854957517,4.192293939828968,63.77285078651468,58.46345322068597,-23.00479309213945,-65.62714913458463,43666.32441249604,606607.4012748017,0.9959883116631157,0.36227526083399997,0.017806092055050068,HOLD,SPY,2023-01-04 10:05:00
195.10194905301452,144.31873199212828,139.47393841157373,107.1241829304376,128.6499611199352,68.22912068621586,0.8673053283184854,-1.602201348006292,-0.2957298708708032,147.49878630831523,145.2204339151357,116.89973634660029,0.28648420546778386,0.14573083690291064,74.43303329590675,36.15818497754261,107.3434363845978,-46.43040973527137,956373.1955080203,110971.38729401748,1.0238557566053303,0.8619721055224712,0.007611617717888427,HOLD,SPY,2023-01-04 10:10:00
176.32086871727014,150.80117122829952,146.73424506645173,218.91501672743925,130.57569406258446,79.95646349132892,1.0929745581554664,-0.2279607507814334,-0.02514059754586416,210.63596079562487,171.203112244308,101.06383418424997,0.4722282210616294,0.27363030433477026,41.871410211857594,35.263598026491024,22.15409066292423,-31.781771200664494,34841.78074195322,-1159506.4879571104,0.9955166948633085,1.5440402828206548,0.0059466779283119,HOLD,AMZN,2023-01-04 10:15:00
143.37107478511007,114.09388825978229,149.81492296828262,151.28204633662165,194.7355154334771,80.30855006907447,-3.0742424453885375,0.3059080341398341,0.26020899395879427,159.6538419777118,141.18436085038277,123.09576668822888,0.03172043964427353,4.520063836099798,71.17600365098266,52.37215949935934,-138.60248165493743,-84.16508406171029,202255.53346945206,337940.22435510746,1.066114401182449,1.1846168895867908,0.007923067316407607,SELL,AAPL,2023-01-04 10:20:00
150.80657516983592,220.35030026735262,204.80274088184981,150.14558266359305,135.65160827314241,66.79676917002551,-0.006842302269965699,-2.579764205771551,-0.2989771050759749,203.08577177416956,145.0595875496981,182.00510866925754,0.9008140387635515,1.0735980648180001,73.46927761907914,55.72267909914896,95.60857337177626,-56.20799205999347,83361.95634701074,-214967.22595381373,1.0337562191584553,0.7214545999179549,0.0014416859994634491,BUY,SPY,2023-01-04 10:25:00
156.25148423842657,193.4918216576072,92.51609338952436,170.81845360537062,197.03222918493177,47.68996356836136,-4.032383646045062,-1.1476346825894417,-0.39226135702429976,190.7376512322314,130.52158262213547,164.53496574518107,0.44945463130383584,0.17429609296759835,75.79306930325437,64.33060732454724,-47.57698650974448,-74.04744245608471,764152.607789633,698679.2235475612,0.8616097098319663,2.9681890001723206,0.00595673507025536,BUY,MSFT,2023-01-04 10:30:00
88.74795394727128,166.0635496117745,162.0805753697202,182.79504541653023,175.7552173878444,18.778766420211703,2.9397067771351537,-0.8685745897217056,0.08252414132912496,121.85340098860966,113.26412061621082,156.909125092691,0.6160507319547169,0.29980726934868,53.98218030482531,24.231220161691684,10.455770299022053,-31.43775496412381,1129899.3968113856,-225621.44255033083,1.0194216946363786,0.21980403857190142,0.024623523699171944,BUY,QQQ,2023-01-04 10:35:00
142.5846785243821,150.16110583851236,142.1299437810234,182.26842100974847,144.360508803175,89.87772838926193,-2.635202876974856,-0.9108933530601541,-1.7510685855622767,128.9573797002267,153.92307541270918,161.4434610289111,0.5589038825160871,4.2817520079906615,74.87528969928523,88.79026533229406,25.554205110948274,-75.44238301222425,202494.70655473243,829973.8932202187,1.0969449086361682,1.0215764535713785,0.003938522152624314,HOLD,SPY,2023-01-04 10:40:00
129.54047256006604,141.63373090296543,159.1692931546045,186.3559022050423,94.60119583948524,69.14998515510969,-0.3777847525388282,0.026872616740691937,-0.5474009427622819,115.12258339398615,100.7975820465291,171.58107711210624,0.7918599099693551,1.3470945265357541,14.120502016923597,44.45913623619527,3.462079286710271,-71.09452655969378,632536.905499433,834415.788614466,1.0611730035665499,0.09216147587257163,0.0029753500016572545,HOLD,MSFT,2023-01-04 10:45:00
119.95139970315253,119.44244619933293,128.56568615013188,131.8129423746926,148.42045087184493,73.13155263330366,-0.009802953860950859,0.18717339508896752,-2.000993165165428,175.09414798990122,116.71868647399069,103.28863404369436,0.7312369870229246,0.35584881574422306,32.29173722593638,66.18569014660885,-5.646119295924958,-74.87284840697276,20377.287204141187,-583198.271781671,0.9758585549313378,1.1178351747525614,0.0374234831992614,HOLD,AMZN,2023-01-04 10:50:00
141.56699121342135,150.32441555556588,143.77587422853875,142.46826224138044,152.04890160600274,52.252827082520604,-1.9242701115657355,-0.6364369194486873,-0.4926718386386752,163.43377212294325,144.4379155060932,179.5877441457718,0.26751441292408934,4.489760139120202,55.66830396370206,74.96018801013315,-32.06277273213805,-78.48906797238645,307422.79519504757,741600.2179458386,1.038971682073994,1.2922061264346425,0.005398217831396255,HOLD,AAPL,2023-01-04 10:55:00
203.93059580548567,155.7325762042825,162.78526448663737,176.60901297415282,184.0165319991312,77.74826311078999,3.6984093649382466,-1.0086892967763177,-0.9482601586080459,207.25328731708328,118.77522880204467,161.68181780280108,0.788990506418933,3.732262135489477,20.756196260996006,14.547807191456869,-25.643469369477916,-45.24213903332466,197968.5572104671,525346.8137033989,0.9558522218611579,1.5260942711821934,0.005783108585356577,HOLD,MSFT,2023-01-04 11:00:00
169.2252858380103,110.74718273555126,222.82275502609605,135.12355002753216,196.65341528720336,15.620876811505779,-1.3833896465526094,-0.03092028888585064,0.6269816647968336,180.82789424181686,140.44471850889786,106.77799785100915,0.8702408469759265,0.046585055449550335,27.485912925147627,82.50360349087119,59.425081922172026,-67.12597298345824,181479.14242350816,-166838.27693914456,0.9902113230131497,1.0899296069978355,0.012436586187570502,SELL,QQQ,2023-01-04 11:05:00
132.8646303065161,158.0252925173469,165.20090473505178,151.8365877751288,128.45038462568758,74.59892276656163,-0.5395863604145549,2.163444972254961,-0.7352143784025338,114.57134202371093,143.6843592319967,160.06316019176305,0.38984893233660817,1.7397215002977746,59.818045608574124,45.11723614071558,-50.84283786903073,-74.49773262005067,254918.0319708657,1196458.8605782979,0.96428620900695,0.13081717567144763,0.01276984644622189,SELL,MSFT,2023-01-04 11:10:00
167.17748344068477,143.34222853525753,123.79836004923729,164.76044046159404,173.03545291964548,62.18651465263451,-1.3789966204139117,-2.183183905277029,-0.3655126362807712,143.82791852275926,125.99291584569549,110.92745403587594,0.8212198732744397,0.560318613433176,28.416985781071304,91.65128357051577,2.6807198457858785,-69.49001767680166,1636521.7163003767,-1275314.7621396668,1.00676476499416,0.04530335623494717,0.004120870969597255,SELL,AMZN,2023-01-04 11:15:00
191.98066309758008,90.76577326367827,134.40600794943242,177.12592263393205,171.9620646804005,63.01265115096305,-1.3959832410765363,1.6975287453760854,-2.1478501563257333,86.13472297666172,141.37911296163918,165.30539231025494,0.4163211973549369,1.5234337631090258,38.77944082589874,81.78220606524211,35.49407497288464,-12.57156141840445,2990756.553971716,-431730.9509654967,1.1038166505139195,1.252678605652414,0.016244901794280363,BUY,QQQ,2023-01-04 11:20:00
177.73901048738307,122.18844967661494,133.66464729040365,95.11420920415355,181.20238107231336,68.26519272724966,-0.21796246273178646,-2.450496442080493,1.022395503475179,170.2680495599231,141.04478421565005,153.59777164629696,0.5861109192173037,0.654976755377403,47.801432634047224,79.766819055965,-52.724940851647695,-42.89401736976768,1224353.4012914123,1165557.8998517753,0.9166183470865662,1.6006398568164972,0.023797539417748783,HOLD,AAPL,2023-01-04 11:25:00
151.78891109760522,135.59183399735068,100.10892068424963,174.87186079644624,163.96069736406633,52.84797922089726,1.4061104031801168,0.5427508652666587,-1.086399886601619,257.67619200145555,111.48540167636075,119.72439234983786,0.17213963026424584,0.7592330036534535,68.03101560768847,68.04139658505123,23.358231408456742,-35.82084517406416,74998.90990468307,181763.91398777676,1.0360302146502012,0.033185682912856916,0.013252072838451874,HOLD,QQQ,2023-01-04 11:30:00
130.5918966688328,204.6306297202057,136.74774520746408,144.52083014874478,90.72506927114691,74.63120567820454,0.320262305521206,1.5744191924552655,-0.482670871941979,164.57863956392868,153.66403713511068,162.40514576750505,0.9044774434061371,1.841865641595338,36.52324975927185,40.1003658304552,52.406223029054686,-43.290657699137036,989301.8771616499,-136307.99067021866,0.9644445178003503,0.16243933436677005,0.04515889060327617,SELL,MSFT,2023-01-04 11:35:00
170.9466994084077,164.69659373601274,163.32072704554363,174.6386467476602,144.33732702416722,31.512685017493375,-1.5170573974291857,-1.9852565289513766,0.7780969651481896,167.0414879289104,89.22854637063024,174.27093570461074,0.11190762777388422,1.5481036228252836,15.601464218222768,62.02814502851898,17.64836803340711,-34.41537656104895,1324692.657543083,-270786.9015366583,0.9560845797462054,1.5620129929863316,0.09557204884594715,HOLD,SPY,2023-01-04 11:40:00
161.80456156265248,107.93555292700327,113.14419702308012,176.86181415535452,114.32877275249254,41.271167273562945,-0.012583590100128885,0.5261405371652085,0.7818433132435716,159.39388812025211,186.9607674665209,132.79507249676277,0.1981423417474228,1.0056897687778938,68.50480037771017,56.567035346198026,56.277174138326814,-38.52369706293994,117799.02500335313,-795604.1018332704,1.0218055869497522,3.436665765185702,0.015041411319862537,BUY,SPY,2023-01-04 11:45:00
176.85579660083198,162.5810886825291,171.2120662762648,203.45328195581305,142.9218268124578,11.933628918549179,-2.7340105567897646,-1.5693742948215261,-1.1108086237555441,172.45480632028313,153.35201026455792,173.4679861226492,0.4899767859165082,0.22760985428128472,59.99163102872651,42.20944185531567,-2.0666609634832875,-78.60885821516668,348597.332159233,1382552.2258534878,1.0014853999635334,0.7350876856634805,0.07201409858109466,SELL,QQQ,2023-01-04 11:50:00
169.0551540504591,101.58088033184903,157.19437052710845,195.3105167238785,178.40012708401682,38.45826393162544,2.3665226388478415,1.7554735884022739,0.5269462190343199,154.5317962151436,165.5290138634098,141.64422019469836,0.3463250090029435,6.975073148993031,42.88142657344673,42.87229643355119,-42.36580673388943,-49.275781417932485,559283.1564545463,184065.2202313922,1.0170876651895426,0.16642276849228083,0.020796798229224787,BUY,QQQ,2023-01-04 11:55:00
181.48658145958007,180.4807316166122,126.64416695072406,195.09029320352948,158.15452507624917,47.18987609433572,-1.0119281819575958,-2.400122206521967,-1.1487286282093003,181.62493948147937,156.54249342622157,176.22910677991308,0.48635063648736715,0.3837877725366972,51.75363942269453,27.68874584243339,-7.650892944278566,-32.291875456164114,372113.4930686757,34747.0946990491,0.9975580897399452,0.38752207926588533,0.015049703213223723,BUY,AMZN,2023-01-04 12:00:00
133.94294365318297,133.86626044546364,141.4617590665538,198.19745021331963,183.44272599192297,86.05901614267835,-0.9049236228700097,-1.3387096277457478,0.2323100448623203,132.96539616834113,138.92990105028593,147.12166481365222,0.22177761024950715,2.0054259010290703,36.89911741221108,59.21070864195098,-68.23407848124829,-23.8793066877669,730471.9447317485,1101694.7100698582,0.9922847188425646,1.5206177031566765,0.040808175445573164,HOLD,MSFT,2023-01-04 12:05:00
189.52182196902976,145.19091433782486,184.95804519102583,161.32412751411027,159.2526176214062,27.560160971653435,-3.8922977218290633,0.19706975237754715,-0.7842571859706045,134.41585947868867,120.70141340702618,185.19456353047138,0.7897328172115723,0.17273901196559013,19.385017533611997,15.02321635053506,118.7943846038662,-85.97577603331231,140320.32766335018,1115959.9642311872,1.0048315385412718,0.7835656267077935,0.06792125900540598,SELL,QQQ,2023-01-04 12:10:00
155.927988140772,187.77389942626573,163.33869533764664,153.02992278517888,110.05022180993292,23.588539170886495,-1.0133941936787514,1.0672106810744704,-1.0151125362813045,114.7632070843154,139.3856760819867,122.59181378457103,0.3401022975336536,2.3315105251926727,54.139296642017044,25.107215079855607,-0.40265649205731774,-23.63930634371104,588335.7413867352,231492.11564334095,0.995252416165278,0.05953260354149708,0.13834633630326595,HOLD,SPY,2023-01-04 12:15:00
212.25782617875797,109.3850929424725,145.2195913724537,179.9301466617067,73.37458980281797,45.61276457560277,3.3646444259040047,0.13907535365830373,0.035248757398451916,158.86158475314758,160.9029288297369,123.46054139603211,0.6475896289970263,0.19928663203226335,80.38077009140457,55.7732806148319,-94.09426680080632,-62.06586496520367,1321556.768358499,2469609.6344135078,0.9882326278021448,0.3687754167548318,0.02847380272164695,HOLD,AAPL,2023-01-04 12:20:00
129.32436545731295,106.08645444661026,139.05791707597538,175.42659044585673,153.4642628503877,15.487172552987133,1.2230421874082513,0.7427109727014753,-0.7235146976817955,121.29618219004759,119.4335123452818,126.3600626922012,0.5841590887950657,0.5214529007505784,11.714938446951662,52.969960778671286,-32.58480527302283,-71.8835129191746,617915.8622441398,-1378392.2084869612,1.0029134113462317,1.3975215091454931,0.01328343580232326,HOLD,MSFT,2023-01-04 12:25:00
202.07891409495747,130.49202020961985,146.91522676129148,142.10988042437566,142.58220600946504,17.682821768072955,2.217994238247343,-0.8238249611669344,2.018580324611521,210.8387736263336,143.92562043086974,153.79977094671108,0.8844821061338266,2.082490589640515,21.047683317865424,37.14467458414722,-10.033389793311418,-90.1603304416882,236273.0036869473,1657353.0182444153,0.9749604009404729,0.3942006004144177,0.007020574587179577,SELL,AMZN,2023-01-04 12:30:00
155.93732350387944,179.1513655305795,132.20591105144243,164.95434908186456,119.69162781854354,74.19463069842782,0.23322159126454475,-1.6366598491452802,-0.6177766161137611,144.91707872721668,94.74519611590082,145.4315665667188,0.7177204755207428,0.6651781093259983,71.04842484397093,70.87972968684116,-63.91959217558277,-36.91352988461715,1620056.78887747,486325.1097948969,1.0739522597866356,0.5662111429647282,0.016328033820836335,HOLD,MSFT,2023-01-04 12:35:00
130.45745989156654,102.41961773569471,92.38126235702464,150.87691306289298,97.98118251045867,51.98011352882846,-5.240314375695024,2.1969190254696302,-1.1919564866450747,91.08445530125412,119.79049633170607,158.59680208880854,0.3393749321769429,1.522213237365975,44.548452020908854,39.36184943084907,-64.52318254671854,-78.22788287058016,501528.2857387964,762222.7826506731,0.9193613311082739,2.3543971883546972,0.03005921153692294,BUY,SPY,2023-01-04 12:40:00
135.48342497837035,63.03533205668291,196.05444776336827,124.67414692927821,126.95770359581873,79.92441480434604,0.13920414727641675,0.7481472802348169,-0.8988581721076221,120.26010607986363,118.53331766378338,115.07619394651931,0.422758477641918,0.2659325751384385,37.843697647855784,13.179578740692927,-17.206758213951414,-79.48878263124448,553545.9477600518,-1227079.4615026156,0.9285390720654599,4.176182820076738,0.0005438184489025673,HOLD,MSFT,2023-01-04 12:45:00
140.3895807541704,134.46523424773002,148.88312497998504,193.2947437240432,143.1652554540567,24.4625601085775,0.40242594171962437,-0.7316024933593468,-0.01738073292164037,164.72651735372983,182.00874884670606,128.4752889936711,0.37918329382136384,0.45229747289164796,55.092871178150325,18.425209972676708,27.035772801331092,-57.78197015761312,442580.72892633,-993772.8916982603,1.0792227809765975,1.4155275070419513,0.0062299551268848,BUY,AMZN,2023-01-04 12:50:00
162.7249783920575,164.55222399732762,154.95368162806344,153.76637576096286,168.9763347111917,48.3159396260607,1.7912782823261255,-2.4806285026242225,0.11198432318812204,182.83242251740057,106.56399170435496,188.1192753896675,0.40716710669633105,2.6468337493835845,72.94098196991214,68.67975734191101,47.493306965357554,-61.42954257964068,342112.40021126537,-102509.22843917311,1.0357100811224627,0.27460236693016715,0.008757808325209778,BUY,AMZN,2023-01-04 12:55:00
165.685064641065,184.0078524921649,143.5523062530773,217.5586642463632,154.6589324470394,57.10515561834184,-0.07348061113182838,1.834759676578119,0.3095217495653957,172.3874574504382,149.96383378728925,161.14765650206363,0.59292059687261,0.0715421693255916,51.4558545963829,52.908585231833904,55.784079652776974,-54.164815525855595,921172.4608599454,334794.59237252,0.9374396153240102,0.27858505900896496,0.03027780508128106,SELL,AAPL,2023-01-04 13:00:00
132.78899988184264,134.10515913743802,126.62207998188529,99.98424735360535,197.24201741518186,52.005308906862844,-1.54358201800487,1.8965315482546994,0.9115089868851967,131.21811280483948,179.86181536843762,168.70769112576707,0.3207649610621642,0.23711714479291437,81.07392999870913,76.3921636789013,-29.460784858184162,-77.1998460406337,208017.65064125904,325744.9030074248,1.0357676615483977,0.3627877956202962,0.019015163742777196,BUY,MSFT,2023-01-04 13:05:00
149.26936223217052,135.65720178651992,140.35188797628072,134.18307926901227,117.93187831863817,69.35432399660385,-0.19840099833892652,-0.326196679554548,-1.6709044341843815,140.006966102266,165.13533250578718,142.3409689792132,0.8808154541495076,0.4840310710432068,52.4154263189314,46.172261700217675,-133.73929749664657,-54.23135149114346,1466332.408497196,-158234.60879380428,0.9634512259197909,0.17501458830133484,0.01109229566873476,HOLD,AAPL,2023-01-04 13:10:00
214.2681107583559,182.61702202767242,105.01513094514222,153.0444427741079,175.431766761723,37.93656812188389,-0.6845205298128423,-0.9909191870511584,0.9571624402224015,135.90808987629882,178.03625392923192,158.84513437511004,0.021510820535479327,0.04079434858117698,15.331346343120691,53.32624129785889,88.92186424110383,-1.7937938946015832,657200.0817464994,-631069.1815993608,1.0207372669011416,0.19702820699189447,0.0503320931339935,HOLD,QQQ,2023-01-04 13:15:00
201.82629510302135,91.90774900913738,201.9271624513326,188.39619512412526,150.41896229386182,91.31716372464875,1.0472891400717568,-0.3889445530889939,-0.9139034639960295,179.83222979552818,181.7487820744674,135.7536628851656,0.1932316139108709,0.20047774849094913,93.20061546434101,67.6041010783218,-10.877254933171582,-57.207984055462,2150615.331990038,135657.69211023365,0.9986601453196169,0.29570029075960064,0.015450139672217934,SELL,AAPL,2023-01-04 13:20:00
163.08971009022096,136.34437674450973,114.1372000394401,164.78301992326993,169.84007372355754,65.92647579975585,-0.19394103533728427,-0.3161812868678564,0.4016529237196372,164.0703297289995,141.40453791951853,94.49190914708225,0.4634634519388231,0.660877089392428,33.46351518735977,55.970562796201285,-21.846894278250932,-64.78491856356912,2795093.5813117684,-1811255.5532035027,1.0239337107575903,1.0784752449928297,0.025740721629259233,HOLD,QQQ,2023-01-04 13:25:00
151.140104345046,153.71271669775174,119.20084290382052,161.93512813378405,135.9045541020337,57.5055314438026,-1.9802777834884626,1.1543053717420482,1.721104096603201,144.34088954654374,151.8776394604952,181.06312439048472,0.6838753423854461,0.19504364084180012,32.714320731337956,59.626484605398986,61.999132572219864,-53.32512811900497,482842.46268283157,2148059.397696247,1.0079152682477683,0.9479601102045421,0.021311613830133583,HOLD,QQQ,2023-01-04 13:30:00
153.60093980154784,161.47656163855103,133.99351989034,115.9275586382673,181.15041121671769,26.628701323861964,1.1337996370775891,-1.7067894526509373,-0.7982622082391274,136.9189077401489,144.8731597817282,155.46536216232332,0.23951915683131114,4.021614290654174,40.20149286685566,91.8863861526414,-15.59809585214323,-27.828840698286818,172953.4291479451,-153852.5262991521,0.9577865618931275,0.41688265001730296,0.0391102742661435,SELL,QQQ,2023-01-04 13:35:00
168.4055391819125,132.70579920427352,177.20189312130944,114.97787528865692,157.85674275035728,6.590529103829525,-1.4777150026183876,-0.8754068446552765,-0.8396772461761868,141.69709907269964,152.01921324579257,128.03880205327172,0.8925233145170568,0.13671569740854142,64.49816074133172,18.050801625041345,24.53661071738555,-69.37647586803902,703723.0371981501,-791552.498236226,0.9744573598631294,0.21898661087460458,0.03346658581859588,SELL,SPY,2023-01-04 13:40:00
119.31622304404783,149.03323035117523,145.36272498156634,162.32014912927696,128.61665045246752,63.312603234679635,-0.6319932897666231,-0.2755026062328273,-1.024282616095902,160.29702192490558,150.54492601455235,150.03786154052474,0.5314918339714632,3.9463281612565675,16.963304203745437,65.489931655711,12.30257952398792,-58.255250514610246,315329.8077202255,-718204.6905980731,1.004263583387032,0.9782243830202423,0.09025433940869665,HOLD,AMZN,2023-01-04 13:45:00
142.27870387729965,73.35017939761032,114.09660509923845,108.34860819781252,148.63927913260434,61.38854555349439,-0.9278360806437203,0.3875859165007012,-0.3379879252858817,206.92875653438432,182.93486378129302,136.01534396639303,0.6278322860114933,3.461630768865475,71.05723942306793,76.03489322476837,-61.864488062568235,-3.019794988065441,556037.3676891743,-1120525.3258708238,0.9295033620288315,0.14026663181590496,0.009534642597815689,SELL,QQQ,2023-01-04 13:50:00
99.9424777836723,128.25254762998455,176.3584590189335,134.97991199074147,141.81332423188704,26.177844323423916,0.47444592806824876,1.2995686852130337,1.2653786409860053,166.530885960443,147.29450552581707,194.95409534634297,0.40920322140392307,0.21241418016479105,66.85324944292091,34.0140529951073,-54.36061219221908,-84.85414970501252,473919.8833581271,1040420.3182942646,0.9695587012575104,0.1581126002341656,0.0036034087470135363,HOLD,MSFT,2023-01-04 13:55:00
161.97669367815837,161.60526137663402,163.27501566963704,168.02935453074744,163.67535051913381,54.48997036513678,-2.7425657805165446,0.4664708519901015,-1.1143035846315326,148.21880504884138,116.15570419593186,170.14676912264764,0.06379164618784512,0.05102809400793975,54.1898100773932,63.842228344747674,-11.097306821467013,-8.479878841925958,598695.8213256558,516826.5510105774,0.9890393436412859,0.4834808822058718,0.02852713270533983,SELL,SPY,2023-01-04 14:00:00
169.41587819108224,118.53117897235961,158.4608739304113,120.56562328714317,113.60669751876475,67.8089691065067,0.06421649166255233,2.628156669278067,-0.49375339186156536,145.49131207544562,154.895932351023,115.56484673497901,0.17325698989489147,0.10256977809904341,41.949089427605216,70.59791302340157,-0.8296595069359803,-75.91352545227407,690282.472807157,-121182.10247472534,1.0010639315373797,0.8378727430628493,0.04154312956666239,SELL,QQQ,2023-01-04 14:05:00
135.50440613101878,149.7695266476879,162.89335602927102,203.3713907955778,148.11944893652915,13.547834220861482,2.160878129670897,-1.4873198787139033,0.9757389447754404,219.56630530953512,158.2701206956487,111.49918431990672,0.4691303280014939,1.785041306808078,69.20162728649117,49.11661546310213,-31.08423314562866,-47.94178782776722,987327.368608396,-143795.3741203577,0.9687066061998323,1.3030154789228034,0.0011181198277927873,BUY,QQQ,2023-01-04 14:10:00
197.21960289870097,161.40617502408094,204.85904751456127,191.16596301561248,160.85921757947995,48.661892988748704,0.1915428313108869,2.1924535323211165,0.623951317876599,188.86542329672477,119.45114735846005,157.51620238468584,0.3099317930782339,2.219469576886611,9.249580552399154,22.701522602772954,-31.531437375013677,-49.61502187680575,3821.2613349076923,-399025.10546248645,1.0376046646396517,1.1614891508117766,0.008095606552818152,HOLD,AMZN,2023-01-04 14:15:00
113.22703010992977,137.72352397426704,199.6273723759028,101.71456005317438,149.990699215791,54.33578321695376,-1.3348592413468439,-1.4308123083483726,-0.4997156716657063,194.25488889109022,118.42861196246294,154.03090519363536,0.5169347870632213,1.9386099137233215,49.34190272114062,30.569157141915948,-3.597261261053588,-49.56531366301336,296279.42382165673,-2025336.6311883875,0.9230153178229189,0.47554191534645246,0.032921421974468776,BUY,SPY,2023-01-04 14:20:00
106.0687535937054,153.11391312989713,127.83211642491761,122.16412021817641,189.40823733166988,29.5724428733097,-0.7313029376976291,-0.592955123338979,-0.21091941029747835,186.1586625507581,163.7710899835059,165.53911532295942,0.5917409752755379,1.5594890043474965,16.375743238653996,69.99566001604546,-35.188279277361104,-24.942681427703498,186635.90409488135,781295.1072267471,1.000962947918212,1.0632036648440972,0.023004622812959594,HOLD,SPY,2023-01-04 14:25:00
156.73355455679916,119.11802304146163,185.5971248202788,78.8551281761616,172.22068322213158,61.955961937456706,0.5914955729402355,0.5808346018773164,0.9158530583140834,158.2520785001386,126.67409283630094,145.70019633010043,0.506932441444133,0.3839780909873537,70.01871311594596,90.76917509483756,44.623543190308695,-31.993932092536813,1239415.7490831297,5727.0165403845895,1.029815052426853,0.2374286501743787,0.028154562288233893,BUY,AAPL,2023-01-04 14:30:00
181.41294907836465,141.8016616091186,154.5792047439725,126.95707639845973,148.7755760977776,60.899707639222235,1.1205950030636842,1.7668051242631035,1.5817637029614795,201.92250782815347,129.66044190858116,130.57980030340488,0.24163599288754725,3.677122295895954,37.93746326917583,25.211880039242914,15.106309465816834,-70.90343344813735,1785740.6860701665,598421.8344421671,1.1517874687687941,0.6807147454434095,0.01567017750429396,BUY,MSFT,2023-01-04 14:35:00
200.51783074373606,166.30648508767666,157.47739540344372,176.52443125031678,155.5006729249302,9.011699558157988,3.0078734923325228,-0.5904817176174929,1.7010124105367244,108.62653476253774,128.46323120573615,165.28943007416663,0.4542477121821652,0.7936697211958982,48.15352595878433,24.590418357228824,-26.374737331436187,-58.58628920821886,1293738.7261696963,907019.8212819642,0.9332411069565382,0.9552341488400767,0.009620129958312757,HOLD,AMZN,2023-01-04 14:40:00
136.2334721139318,152.70918882905303,102.69322920891679,138.75536184720457,157.86996654446,25.78797480102893,-3.251485164649351,0.5887723771200385,1.3798015531879129,214.28294547714356,146.12825533825145,167.82293811914795,0.41471285849087985,8.563015883745917,74.32419236470042,78.65927671557736,29.432660425161146,-88.18843074610292,3675521.5665753735,1049643.9431755815,0.9007885325429659,1.364164486103359,0.03336160078191274,HOLD,AAPL,2023-01-04 14:45:00
182.36042500293888,130.40406191308193,140.7403558652951,166.74551179571097,161.09898812500472,60.984793448341655,0.5268755373014403,-0.47343567450998975,-0.6700596858653397,185.9748623183221,167.58080965303873,187.72423456482596,0.2520366490134508,0.9718036299344934,73.55178479406207,42.22331747528096,66.50383123290061,-55.856551541438115,80394.25989476821,151993.2480232218,1.0489527412587283,0.08293515048119897,0.016172959897503367,BUY,AAPL,2023-01-04 14:50:00
148.84474591497877,154.72649212872378,124.67941024158587,103.2853018149842,94.23026013006177,43.074077641441065,0.370785281033106,-3.443347566227528,1.818627772035568,177.00650021654653,156.71589587968975,172.03363324264478,0.5879238335828676,0.6103479187424099,60.86715845643936,86.71952722873509,8.878743665543695,-55.562097362648856,625029.2677512805,139955.4750460641,1.0219441629815675,0.1066294002714474,0.014472797443955038,HOLD,MSFT,2023-01-04 14:55:00
144.82118100177541,169.43829371909854,165.70147037233272,177.53520814662096,139.9542111269196,28.933853870158416,-0.13351835635465864,-0.05765372602008727,-0.7388764963556125,133.50547865341684,128.44340542345483,124.89502059862934,0.47752108539362487,4.493370312841877,32.50894009835743,60.333857969486395,-72.2697517533124,-58.84447912859487,2296307.5501565845,1119311.1003050373,1.017549018072478,0.07672177140274616,0.0265487577808245,HOLD,AMZN,2023-01-04 15:00:00
176.50979812460017,86.50176164267566,171.77701251007014,134.2365047062928,104.46682795419723,45.09305794629629,0.7108791447209222,-1.862294061553227,-1.6511304736310881,192.5835698585209,173.45164817447568,157.69355201509254,0.5941554918848866,1.675949011383535,65.5070553190684,63.83315156339562,78.63311338239653,-41.37424396955828,384322.7386188237,-103860.82025485356,0.9014109375922076,0.7906917142803381,0.004235841526962628,BUY,MSFT,2023-01-04 15:05:00
169.56968635240258,182.77222194867693,93.13784122459222,152.38942983305296,187.34842842378458,66.80329267957858,-0.4590718736204632,1.9072335973261922,0.11236153574385471,200.07665182263295,161.73565945423917,141.42588225071302,0.38463502240049524,2.5591926499411777,32.699366502840256,14.822115254525858,83.46815008663853,-62.11528999424755,1621091.0856912716,1317471.4256782292,0.9882678989154062,0.8440972583686558,0.017637992212959343,HOLD,AMZN,2023-01-04 15:10:00
102.70823529047252,137.91235783956785,144.44912839989323,149.02801595542232,147.17451439991217,21.988748237213525,-1.9976274219692554,1.9176094408860251,1.476216518029734,135.34568797869784,164.81160487695027,121.6497951248491,0.2556136032979107,1.0498449831351222,71.9876904341338,11.051984943807232,61.99120264464184,-22.688324462486246,824944.4663779179,1086556.3555993037,1.0125129216948285,0.011076507404020414,0.007260034731706655,HOLD,QQQ,2023-01-04 15:15:00
194.29621049177686,160.7646979972069,173.0465376198563,111.31044733144691,143.1997715096113,51.94379638696053,0.42705185185694605,-1.2539965326623441,0.6636247183212306,136.4107817480976,163.99819675239115,96.33351463377177,0.6845739390971524,4.359240009343735,86.26092725017507,88.07792958605167,31.51186225021853,-45.38830033294779,3842341.764030901,-532970.4261883162,0.9316432647949361,1.0691531646865569,0.00043365608241546755,HOLD,SPY,2023-01-04 15:20:00
191.40274062442356,183.91740770935684,140.33302594216389,115.10130138432697,175.90391996099706,51.55594482672991,1.298508999542521,-1.4845428592764778,-0.07371051413012551,123.82369000697936,127.13527547358895,217.43228722549298,0.6170806569165332,4.995381145688706,36.01975748317048,32.76181717192571,25.367747800828077,-31.554759304635247,463658.92312573956,-683228.1626068637,0.9266784628671485,1.4410653264792648,0.027635522461929535,HOLD,QQQ,2023-01-04 15:25:00
131.23311895471412,106.84978908308602,163.22659112505912,182.96942300810963,161.66974392349624,56.00558718377129,-0.0946277839986287,-0.9434706138072222,0.2913631159837713,179.17963212639532,117.00366127770997,133.2328319773566,0.5984850144283604,1.1481306214791636,67.35761959404545,61.88164258415798,7.12820985471435,-57.865765310565756,539855.0258912368,-1114924.3308624472,0.9668238521752128,0.12398847083835215,0.012875163565169656,HOLD,QQQ,2023-01-04 15:30:00
161.87410600312228,126.7167699271736,153.7791366906771,164.76774904005427,115.14096456862379,50.923539669357055,2.118685086721499,0.7985920835403679,0.5321320078359945,156.5644994765136,131.53942604666804,146.2143163225285,0.5381305995347904,0.5507794289919304,63.51511393075544,67.85787319994124,4.833833342529252,-44.39947497797168,178895.23249793937,892755.7780859363,0.9578799499647761,0.4114738008313377,0.04671196746725038,HOLD,QQQ,2023-01-04 15:35:00
164.82090558848216,139.34353912372885,153.54150579881565,185.60156932970966,146.87283912417894,85.40057726814632,-0.47479425353128657,0.8045418039530321,0.14756729455489434,234.2869193740481,164.76511574659688,156.5942745203686,0.7200101127020736,2.086381943872642,76.02578110143476,39.4339261211315,-58.099842403126665,-84.36058939328939,173925.06445361362,-2680428.3553194012,1.0319935220262177,1.8969341929587318,0.01386959484914168,BUY,MSFT,2023-01-04 15:40:00
157.8202129747172,124.48739436626715,138.21712554829256,162.38906353608058,138.94499080320844,48.90411987269865,0.9211317572030876,5.112076058768991,-0.2953573526881948,106.30684405171728,110.50312896404348,153.3505478940511,0.7679621417330567,6.1837963268502225,9.533358801476204,15.22734759926672,-57.06700899347682,-50.871812514634286,1973297.871516091,-2660476.167099525,0.9743257743304027,1.162191505041384,0.00020483009817549147,SELL,AMZN,2023-01-04 15:45:00
133.4908453846374,200.04809727510425,114.58547989660727,156.5757003138949,96.66401334181838,52.66030529373563,-3.163486425669087,-0.4630193578507785,-0.7407446188890449,129.52833018569328,107.12234662945075,74.35284684507786,0.34618121357712306,1.9480857828079619,19.551723324110963,12.168761452833277,-43.97923386748058,-19.259138424581465,523058.68642470945,376044.31801718345,0.9489552682529584,0.3633309540076509,0.010510235327973865,SELL,QQQ,2023-01-04 15:50:00
129.85129896185845,122.29683718519621,116.96174631437431,96.76766020266348,128.29171300288385,68.68278650715409,4.484862314921877,0.1370544965950736,0.11232186863611118,160.420895467718,94.65547938704077,145.02785145631552,0.7987624808911671,6.167922458958157,57.17956951854457,85.80793446795957,-100.43173872537167,-36.496709509114105,968809.8646004376,-1504104.1140204277,1.1062108632766923,1.355737485594759,0.003752481330990716,HOLD,SPY,2023-01-04 15:55:00
149.23337787025665,131.33359661539401,162.73381286138294,143.34826570364257,143.49379033950603,39.518839494613935,-0.45515863870368706,2.8975995070046423,-0.1225504309189624,183.27539768514265,108.59772321187708,203.1346591668135,0.7110590818313218,0.8426035931094623,70.36784861085877,81.923302153826,-62.37490360029081,-70.18782930035805,1395344.1702880715,-1050240.5851645037,1.0292227410349222,2.1827378397113235,0.05078611746185125,BUY,QQQ,2023-01-04 16:00:00
185.18187057778093,154.1316709480893,145.48645638797208,151.1237017470802,145.55147205524472,73.86094300918276,-0.9763727561391596,0.4295117815699787,0.0036073537076300433,181.6910816276487,120.27278311220283,143.64493180974387,0.609706342252998,4.932069400284712,32.190927754984884,57.78113583228757,-0.28651197032470965,-83.9326836637288,576686.3271915904,180490.82992226974,1.0209622575537967,0.370078741139154,0.011804557507406346,SELL,AAPL,2023-01-04 16:05:00
166.30800463783297,111.93551421771734,141.53719388481937,214.49943034472238,104.53305728968074,51.17761658254071,-0.5315024817756887,-1.6321135090715506,1.0459944569590156,162.95738079898294,143.1123773857659,199.05347363037833,0.4737756770395435,0.23884412919887643,40.7932532355515,58.018035665998156,-111.71814115934431,-41.50980101656715,3074429.1021736027,-1516064.9313628252,0.9514944005527128,1.1529112442573843,0.014295341036381345,HOLD,AAPL,2023-01-04 16:10:00
138.88157003741682,136.1295786473121,134.40274894194118,173.9826122271577,183.54996749142427,39.67326569441716,-1.8975681711539054,0.5129489698849178,-0.24763775482431943,172.33373267274425,111.21313303746034,150.94248638496575,0.9618625514794531,0.8889350772592343,28.935855640089326,59.525335650056775,-47.6082928895922,-78.9725911431522,2783426.094499425,-1343315.9364097721,0.9462651658953366,0.09807538038482731,0.009098249805053964,SELL,MSFT,2023-01-04 16:15:00
173.15096131945035,157.52359783750524,137.3702788629812,201.1539578147049,145.93690823325684,27.566790738194886,-2.3370331055705726,1.057222969337749,-0.20813108254450416,164.14517761218045,156.54870431657702,139.46578704880173,0.8330246788424507,1.364300674154853,84.3217568323199,77.88763567211828,-11.576716800444753,-58.7811651603876,1139804.047506226,1583503.205333754,0.9840591189062902,0.06047521255405552,0.014772275672108166,SELL,SPY,2023-01-04 16:20:00
64.54372138109774,138.01418786852466,171.1727948622035,171.1212065886313,150.12659229981688,65.40208651211219,0.08208865620765429,-0.5125428182879341,0.18991089943914738,196.72779589561762,141.1267303713299,154.33254866018868,0.8250285569275451,2.117497054546417,74.86569042903854,54.17359081179737,-38.296276634722396,-37.68426510207824,5340768.4612244945,394324.8881343438,1.0656300581108769,0.8825110460879573,0.0017284237538269568,BUY,MSFT,2023-01-04 16:25:00
184.4629710111631,145.19839423300155,136.61889795329932,129.23829673761665,161.0192491501951,25.619703265241867,0.2282315002667001,1.192919485973563,2.6258583953179975,140.5310762549872,88.92822735197659,151.12710450986725,0.6060793804962129,0.6966745834940193,41.91472748671665,40.675311695465155,-16.746278527043305,-60.017473382794236,2652.0108195490234,932763.6308028455,0.9428195042385511,0.6781088963757129,0.0122768556793507,SELL,MSFT,2023-01-04 16:30:00
97.80858663665701,132.12003662654888,111.47338216746078,155.74797491679524,125.35771238288986,58.034963562634566,0.4477513569378036,1.0594350841503306,-1.0918963820421894,144.49531851958136,139.5369114924424,150.46000561352852,0.7394721766679441,5.160351192335307,13.553318509994709,20.266989525659433,14.275169561127624,-64.78457039208413,9295.775632480792,-594987.2780858555,0.9035218641004421,1.6611959601156785,0.021779774077426296,HOLD,MSFT,2023-01-04 16:35:00
139.12677175790603,102.56589072457699,163.59129438850434,159.55915668045546,162.69067919398088,59.75038869919474,-0.06788448578181744,-0.6876676032321303,1.0918760062474988,184.13015436177,143.53829280630225,132.5379341577402,0.7772471135334719,4.676345976893356,16.554357590583688,67.95103550225615,48.05128600990084,-82.3367137886605,69923.46370507403,1720286.2426645632,0.9176053341622039,1.5154161099879115,0.009312406380114619,BUY,QQQ,2023-01-04 16:40:00
116.40990316121568,157.64779634017717,139.87808340338208,121.94702176733819,137.98776061945452,28.26253073605779,-0.16617600629900764,2.3275544894966558,-0.2989933481727581,215.0318956731082,187.91258016795825,109.08379844317042,0.46450282645539587,3.212252932314379,38.60265792350061,65.77363637767155,-36.864007347883124,-95.5689759219262,2873865.650982702,-3078562.0186821823,0.9067527438224807,0.3378470413281861,0.009973574548167117,SELL,AMZN,2023-01-04 16:45:00
111.15955572837284,200.64799214941723,145.78489663831942,139.6996039490265,122.10243378058425,35.651892109428935,-2.406152021512922,-1.175368958042427,-0.060988186421360266,137.8013037459059,146.05080161515502,166.83754320330388,0.44292945737430367,0.242895165059352,39.95095519672825,42.38129819746385,-15.247688562520253,-13.145993250664725,928450.7258424228,-1611298.4435063046,0.9640835849390876,0.7179777365161033,0.03633165140490564,SELL,AMZN,2023-01-04 16:50:00
184.82480362135558,148.55204892350315,185.18945765998777,145.4154562023305,166.20342480066196,59.839716843440215,-0.9747378893600804,0.6559676674870812,-1.3121641298553959,168.44138943034645,95.76824794253058,152.8453367817161,0.18159369049632937,0.1630513409052636,31.05171059950686,52.598065021454445,-110.57796219965125,-66.93006645217999,2627240.908194316,-1724023.4465648453,1.060324141051544,1.4096717163357255,0.015384425897543297,HOLD,SPY,2023-01-04 16:55:00
135.96896396064326,154.7579235174265,144.48598606623733,203.37983464208378,193.75021576405422,70.36119927632468,0.3225491876062039,-0.9031708743429085,1.8804628501481804,146.75505518970868,145.73983423206448,199.93306666525064,0.3898094212764529,1.3788341127399752,37.92939698951354,55.67225902974711,29.644019471915062,-51.907749599536544,135932.18348367,-917676.2237616029,0.9024839736223483,0.31601671519715285,0.017717574102254777,SELL,QQQ,2023-01-04 17:00:00
160.39511645192147,168.78168265350578,152.22959182796814,85.4163031874887,170.74488120457497,74.52957067849802,-1.0774823157093645,-2.539361568667106,0.22253584113948924,179.4168026182315,144.36021871402718,148.99940751270978,0.6141665414867344,2.8992672519108615,57.221927368890825,76.50444443856166,-43.10384539869919,-55.104533179252805,32501.154329887988,1178245.2825792942,0.9953860382024918,0.4493564024458015,0.00704275166482211,SELL,AMZN,2023-01-04 17:05:00
148.59238263362448,109.92008510359902,115.52691271754186,190.58618946291338,176.68932695421293,59.574386876103446,0.584337303694448,0.537557967121294,0.658827244793202,102.55537943815094,155.1228456795892,104.58449932195627,0.45089223591148386,0.263034599769158,28.127556253677437,22.376059486293617,17.145888897981862,-52.81189856196232,783689.6992004777,1962698.4162272639,0.965957574902723,0.06173018076594497,0.01319346630195294,BUY,AAPL,2023-01-04 17:10:00
164.31122481669365,199.07543974388815,139.508263691226,122.02255248129975,133.38108180313102,86.01732275661767,-0.27041902626030623,2.893991979483447,-1.498824913895362,147.89967142784894,205.9236709144835,159.6723556622857,0.2957559600497188,2.0513044088148975,25.788170643061807,40.280021675680956,-15.755818587441297,-79.83568817222546,192637.84691641992,141825.2264612746,0.9905224170370278,0.13982382849786043,0.0011094224620168923,SELL,MSFT,2023-01-04 17:15:00
152.30465673180765,154.06986389268405,160.23815113021504,108.09346600737234,101.0714081249463,71.45550558779992,-0.2858404645147552,-0.08076160959292242,-0.6422684913108627,139.90268603523756,126.58573285263655,152.2776306968511,0.7438996302852887,1.5009399310730076,42.37098895912361,40.49374937185629,111.58764963314292,-90.35816377687219,1964926.9729463053,559468.1499829189,0.9686903958933861,0.942173706892552,0.011252799803995985,HOLD,AMZN,2023-01-04 17:20:00
111.51023327434291,196.95570697267325,106.11565665396894,189.75814816123085,193.70412566299524,39.87458488174801,0.4145375062604297,-2.2401375898209492,0.41247633914815524,148.01761091513598,123.68440591402846,137.07419517731165,0.6167831888780699,2.589177118462884,74.36788041250661,86.53031452569573,91.52723538743534,-67.74325823196456,545433.2699955159,-2410076.3903368698,0.8898920085473696,0.686670623421853,0.032460154997347376,HOLD,MSFT,2023-01-04 17:25:00
179.8880045834142,126.00901013428032,150.02112732789274,175.4207382155002,210.6354466821428,61.837042134452645,0.9702861912964761,0.3330870877901751,-0.1609777068647716,71.13913361731429,151.7268997968246,168.55273237431263,0.3845388739618223,1.143187771135174,18.132212293463493,27.478689551303738,31.431044659915063,-46.25751094234209,1471663.8634088254,510328.5015818164,0.9750046762226358,0.18463301579767621,0.003521798090439545,HOLD,QQQ,2023-01-04 17:30:00
135.18730250516063,202.54185767673474,147.51977681612016,192.14459847619807,195.28420321309045,43.630931698030196,1.4160423917354725,-1.2280243127420456,0.4466789364698936,230.8556669648114,185.6390921289524,164.9286635265706,0.35944814043878776,2.3637482262154537,39.27725659429378,55.04666763442875,21.344331667134778,-89.57436195776422,726577.4672298508,-664097.698301359,1.046792582449817,0.007307839984320838,0.028918992362087625,BUY,AMZN,2023-01-04 17:35:00
103.30254304020747,171.2546648210435,146.032186389686,177.62246232145844,138.92642183060752,77.42514981707788,3.966085116701045,1.5806882360052987,2.1028500211406884,72.70315686733848,156.776151164892,114.09261111756084,0.30210527092253453,0.3477752566927443,50.40020422139674,23.727877735705388,12.739506344590094,-27.17625580841218,752197.7579710227,-1082799.4990989964,1.008887620063674,0.1851653643707178,0.009374988519973579,HOLD,MSFT,2023-01-04 17:40:00
137.15654517102263,164.59120257557075,170.9289724664561,217.91504005559688,114.36096983813468,58.04278248143909,1.7275638063337164,-0.34295162469433316,0.5046132023196631,176.66723345006588,131.4339574520981,135.96464299704684,0.49153681678469996,0.4831096906678159,57.317878008101864,49.39641067107441,-23.00453873265946,-57.743080284837724,1145216.6194754029,-430058.45743796864,0.9858914014277184,1.384855215809256,0.0005486924650251511,HOLD,AMZN,2023-01-04 17:45:00
195.02279371902932,155.02073363059444,153.36096287121305,169.87916278222355,117.029519065413,20.67959912570986,-2.9608878500454328,-2.6588435130800794,-0.44874509686992803,114.71284279102439,164.62149096177174,182.8327459692695,0.8256123537404357,4.672988402789752,45.352810578498826,77.11256173590098,-38.62484484340406,-99.32171358112383,408647.90535919205,-171504.20727558722,1.036166456795621,0.09836538097073678,0.06124079612994366,SELL,AMZN,2023-01-04 17:50:00
175.5066522634048,140.54414145776653,181.9517974589111,146.99272396405894,98.48802297157854,71.9818415454149,-2.167724276112777,0.7627859773938827,-0.6513608316929584,116.43504022681245,184.84644721039024,120.6079821742745,0.4264596247070687,0.7990905557534106,39.48503630358388,48.79870695216487,-47.042368505269344,-38.967068352759135,2972940.0268857074,1286659.1091705968,0.9891713567407036,0.5149162597016891,0.004002161193102386,SELL,SPY,2023-01-04 17:55:00
139.5404359677642,184.01594975421617,120.16026211014909,162.97364407428296,145.77864144769865,67.7109139019305,-0.549293583065899,0.3133164636755112,-0.765345967986795,164.83079957811827,120.7802679489352,144.8291785101197,0.42845052390150645,8.468015466394633,22.893779897816728,51.58548490046899,-31.67352085049952,-27.49482435729617,511509.3680243015,-1585755.6834852365,0.9629281631673012,0.2728447309301392,0.008152401684906786,SELL,SPY,2023-01-04 18:00:00
139.52226887044714,152.2107960954414,148.3981141804587,191.79101210707083,197.17033874247363,30.539297950812394,-1.5258340479418138,-0.449817491424936,-0.4276402031835861,184.1936453103172,114.98283355578035,156.81534689164937,0.5233222269125227,0.09461218695981394,55.67659582480617,47.333191390386126,20.996058345765878,-45.506138401331235,507568.24051492923,-1037107.7999010994,0.958837733458793,0.7971678337109849,0.01310654195296042,HOLD,QQQ,2023-01-04 18:05:00
140.35094846347852,88.98790889238542,147.11166965974869,127.05998959167626,144.7501210438327,43.13309341142435,0.7809937209632888,-1.5582039694767893,-0.38548085983017455,122.35835008828245,141.3965783723381,115.38327496440547,0.36162454054933807,1.3698652847180606,71.57792205205142,42.16350638312779,-11.925180509415693,-6.5933254508231895,1229024.8047667288,1204776.5957026796,0.987077795897035,0.7165229469444907,0.05969316443996627,HOLD,MSFT,2023-01-04 18:10:00
212.30243950682524,114.48440614878992,118.268637656123,131.1395653589958,158.06968701044823,34.87932060831834,0.9931847023806023,2.68370609514177,0.11891506637456106,121.21809049464342,147.52871585117379,147.0475173421555,0.3798302199385244,0.786047145310738,59.48042915641886,70.89284563705031,-102.25909542992197,-75.58651330029488,1011293.5678833808,-1249347.436922806,1.0705268950671825,4.071812640202396,0.01740569170953524,HOLD,SPY,2023-01-04 18:15:00
161.4580635669466,142.4246274342176,168.90737505228364,142.11327953286695,190.26790892912626,67.39051111899359,-0.9670251770731703,-0.6778627978608032,0.5283234565210637,114.67850383214746,174.6014094331628,146.06264278967598,0.32858169200732806,11.02551631937425,30.29922683205113,78.54831210287092,128.2646507424319,-63.99473387369259,5468302.483125344,-1874339.5200465033,0.9471024207224866,1.4822770947031498,0.04714946957133001,HOLD,SPY,2023-01-04 18:20:00
162.90124941573208,157.29996949496663,203.11683264632046,84.65335043950937,136.87714064502802,58.089928223272246,2.379350396370046,1.345647257094594,0.4354539578027828,167.51474656638166,128.2807400676808,140.29560014233158,0.3865626715380384,9.217303753012741,12.133725898966475,56.7193179211973,-8.165177334713453,-54.192007465933656,1898659.9004173146,2354519.3645785577,0.9481018516526618,2.78595063828731,0.016623611607647335,BUY,QQQ,2023-01-04 18:25:00
180.90850362095526,146.30234533300313,144.5748481379042,156.4185090693615,210.06594370158786,49.67185068803932,2.9084000245516464,-0.694892839798522,0.132111733108125,123.34817528407082,150.04697466564912,104.08330241414781,0.4096852581610667,0.5363950486066691,89.15966795005127,37.07738622969338,107.48842180705509,-85.38055281530734,334900.5728402689,-1124868.3796395056,1.0456892607219404,0.8626510838848958,0.004598223488542765,HOLD,AAPL,2023-01-04 18:30:00
157.1636747707954,184.5691236938099,157.62552720684417,91.64388147356718,208.7628322249236,46.94012150697282,-3.6236558849111953,1.0212363137591307,0.20116558831151618,205.10492681811877,178.9224702496646,149.99064657726103,0.17934781980002007,0.6219201765766951,12.29253767225362,61.48898719381304,-20.11451977719499,-28.539606767480652,107087.13070268295,-166400.900598148,1.0089597294304353,1.3385766376699868,0.01661931739703364,HOLD,AAPL,2023-01-04 18:35:00
142.2287356253789,89.46694407884125,147.1129618953832,153.6978980138438,145.06665983958553,40.882432578962344,-2.8577559090576874,0.08017824864095463,2.535673641278469,119.61757837433098,145.59947255382554,131.4429777628132,0.5233323892728783,2.7699681895241515,55.602295150135504,67.43906962263549,-12.314021788588525,-19.076162341632973,112751.29379339748,-223031.48259103965,1.0740303520142727,2.2545244728331357,0.0021170885500331046,HOLD,AMZN,2023-01-04 18:40:00
144.10950452745064,152.3076380951548,127.16038325232061,179.689272196328,131.6739720794236,56.845491088840696,2.194480303118993,0.042022187935352215,-0.7224312999426785,178.96302895609503,130.1195531066654,181.97333088455585,0.9146665692395753,4.4086391398489475,5.988527865793544,46.25989636515259,46.376060499961106,-31.77391090415771,448803.97811454156,1383078.5832044522,1.0731975236949691,0.04193824293618542,0.0024899355762587525,HOLD,QQQ,2023-01-04 18:45:00
147.8519622175781,93.46062323838535,99.4809930549496,136.73995325939725,169.91714139170938,15.573468421433132,1.7396579708000672,-1.2397105769107493,-0.036853087497611015,214.06361380406832,154.25492638807972,162.47020290086832,0.6396237275733019,2.179485407111183,85.1530129098658,79.92647941548,-14.952477938700447,-84.04407501258042,648529.5093621812,79502.02342998379,1.041791674911539,2.47041429916474,0.0024583904640823264,BUY,MSFT,2023-01-04 18:50:00
148.88333290470476,170.79136886452505,127.35566292261588,205.66770784597986,138.57425172443425,15.98356756113779,1.005303635206643,0.7922166123405179,-1.78527576978264,162.4087302609136,131.74090741863475,126.68890544387492,0.44029009142196573,4.000653865404275,9.58206995557179,29.768298979231616,20.08904044627787,-32.79271483884082,1013694.3530519096,316410.6273472045,1.039647149546052,0.23796573881596314,0.00024656850026436754,HOLD,SPY,2023-01-04 18:55:00
171.8288863091094,145.1662385667399,110.20104047620671,105.26397121860839,114.30334348797992,46.613759119782955,0.021879485151847945,2.107685382112908,-0.3829135855689627,97.33728425954516,148.44054456866593,138.13578546974568,0.565882162550587,0.13076832869693514,59.11152726737735,65.17994727594345,-16.44961235229184,-70.43344576243102,1950000.7517123094,740888.9604252974,1.004070788052629,1.220834517894118,0.0032806773099373823,HOLD,AAPL,2023-01-04 19:00:00
151.55837657421898,160.58829916072355,187.60255195147795,190.12034181221864,187.4371596056894,16.071323326647864,-0.206233625310412,-1.5515690732443979,-0.8988008707232633,174.00240384690832,135.3397912027736,153.75379285976595,0.3564997782558794,2.0462406599695977,65.5080165931332,60.076719798297695,-23.89931473596242,-81.59769428007029,4560242.916562171,841813.1163388634,0.9091444801155826,1.484308132147097,0.008707526893840354,HOLD,SPY,2023-01-04 19:05:00
171.97920231646737,122.08351118230702,142.12225765191903,173.60438580502145,185.4934216183124,57.23633816259951,1.073198866854689,-1.24842513996541,-0.7298559819383715,151.37886721388563,136.39153183700472,138.08775955610392,0.17549210977060378,2.409085194392107,19.692406563118137,6.759941529421691,76.81986984041805,-28.04218257207492,525458.8330360444,934782.2297847366,0.956327976033878,0.1157767997877144,0.0014969772903486523,HOLD,AMZN,2023-01-04 19:10:00
147.57850259674254,186.38394794973254,136.35201677382074,97.08693605405796,153.66534811290683,91.37290938211916,0.35295328495898226,4.416869436080194,-1.1857643484894296,158.54251536295865,129.92878794162056,104.54503600184715,0.6139482994041968,0.4222300278695535,36.580194436801655,32.66522484128576,-60.32376086400676,-32.50897397119837,788734.2205765073,1368160.613990598,0.9614701610735809,3.0597356539876848,0.00012363882899617886,HOLD,SPY,2023-01-04 19:15:00
152.35905570948273,179.25173992176553,167.22884561969514,238.74541756929705,111.11405738815466,16.886439388450405,2.6154454139523744,-1.5024027610301873,-1.3521213205763554,215.51156998762877,125.6573328339642,158.7708456473509,0.5251418228799871,3.0098874277626457,58.92143243173006,25.089045994932967,-25.515117680453425,-39.690802689267755,918160.7801490661,-681732.220279817,1.0532829674028383,2.6112751813617456,0.0023817937445630047,HOLD,QQQ,2023-01-04 19:20:00
90.05397946403677,165.50632909035662,116.9562224286028,149.96015086387308,112.11421246347841,64.29561301582659,-1.362487896988246,-0.8318655267267931,0.122309190987926,161.80511068334326,164.84960226362,165.78505745116885,0.13021452626963606,5.774300015869841,54.74312267445921,34.70454112369812,91.2973311116194,-85.07786703673281,817717.1156193112,-956491.898727252,1.08801550223141,1.0629154126825235,0.054995587081557384,HOLD,MSFT,2023-01-04 19:25:00
177.48983024107443,144.11448259409678,125.82839904988619,123.92051129101978,152.2168786525746,75.17462430289473,0.03599092370972087,2.0755505808441512,0.7103330866754775,177.97013440247653,144.74941103187066,172.22699390028743,0.6372384974668479,4.564908025133431,18.76431417486537,81.74152507002373,-16.47193245690118,-41.6885069311239,94654.78837654043,-470914.0192181382,1.0003699910907613,0.16880824594594562,0.014915678696680737,HOLD,SPY,2023-01-04 19:30:00
160.39465427693978,165.39571855885396,146.70180673121553,106.97320976691145,134.00386896484903,62.773305963620544,1.7806706299641393,2.120738986670683,-0.7715307011546592,136.82821655405957,171.845133882024,178.16232753063568,0.8498479836910008,0.5619887511651918,51.37307413863101,65.50364288997268,-73.55673008839972,-95.9343003015874,122213.58752923191,-759343.567257312,1.0119816600549738,0.8348272506452804,0.011419426073232535,SELL,MSFT,2023-01-04 19:35:00
179.94030329578956,126.79322296037954,170.71922478558702,144.95942311489043,138.76721203575175,55.310058674262805,0.3288363742501532,-3.6421246155915608,-2.0277679231649866,150.17844835679827,83.74026266855351,125.1491527357236,0.5949239958365953,0.7831026248495714,69.9242278457789,64.41165489070517,30.742635293651144,-47.05147914401843,2196024.6522314847,796617.0124518268,0.96976288926363,0.4218153112697599,0.013355721558456891,HOLD,QQQ,2023-01-04 19:40:00
63.11233865418932,173.66666977062135,157.5421261292197,147.92298008352128,179.6588946518001,68.99089061447027,1.3463186705886254,1.148138870926069,0.11108641769694873,199.31165026043683,127.00482929620588,173.5426899486564,0.4712637251444979,1.3847404407283936,31.37790713150063,22.522809190460205,-1.7767529507065445,-58.41175610479432,1125728.6441990251,-2061759.7336686307,0.9870665573300962,2.6702391706421036,0.016185017642067825,HOLD,AMZN,2023-01-04 19:45:00
212.65124114342183,197.48442682971762,151.20812856289706,155.28465691326926,170.99537952267673,16.39787092203731,1.3172436174974993,-0.2925071473513483,0.4694588288650424,164.77146012159895,121.48280093178914,115.74651048896806,0.7493641179924689,0.34480863344524126,30.139775884175794,25.56590457053794,22.475810616326168,-45.36909014223083,1135570.2301726553,1303117.559608815,0.9783397571064142,0.5219805147296416,0.0022819977585261018,HOLD,QQQ,2023-01-04 19:50:00
145.8123111553448,180.11831679937558,146.95294338090042,142.47052300083328,190.3442804149284,60.89225912719514,-0.8496819655268455,-0.22403238154573557,0.6737304882755186,169.9910822438483,133.6513187881077,160.71476321823476,0.8038108993203679,6.156192414751251,39.04185814515299,48.08766896587371,3.282535267325702,-47.05095438026205,1686220.4285045913,473139.30607146566,1.0870786443479685,1.1833514049273581,0.017577804394919988,HOLD,AAPL,2023-01-04 19:55:00
183.2454845021255,126.11192590577771,155.0058963881694,172.263209923683,119.28130329868227,20.46102625408964,-2.041335459803596,1.7476853751113173,-1.021268067583795,195.0389189407663,114.20005737675885,128.7390190731518,0.16369002492789317,0.3525118910349211,21.641262080716213,65.45232308476537,-55.26344885133953,-10.905450553687428,87893.5257925417,-1668400.1749077316,1.07850611173154,1.0133940511136887,0.035942280612634527,SELL,AMZN,2023-01-04 20:00:00
118.80282218623407,158.8425195181931,150.04132262823137,139.59584535477612,138.70425293939863,39.73118510829481,-1.4955660794374026,-0.5222638916585697,-0.6059139716243815,217.05688800616178,99.81822760984241,162.54929173519977,0.35384187451966764,2.866125987043271,27.073234485521898,59.761230824831614,11.941920727227357,-45.21170322245322,536964.1940598175,34560.83407274993,0.9332046928309,0.31610250030805465,0.01644896493611584,SELL,SPY,2023-01-04 20:05:00
168.3832171518771,109.20575368724057,119.25069313057661,90.08114824830493,171.76945086380337,43.78467548833315,-2.1675328736749773,-0.7679255461994805,-1.109872978488819,119.54607633455335,156.80636622507737,104.76438200408695,0.362281405856858,0.8353633078234207,59.31890279523031,48.363591118222324,63.34929804504903,-84.0814578129918,283257.7735314482,333960.8555714962,1.0060126042999034,0.7667869216894176,0.042919774840481886,HOLD,MSFT,2023-01-04 20:10:00
118.39753310479031,165.17170933527026,146.1519805408288,147.22043213921148,162.44235023038675,33.68949870642101,-3.7119694953263105,-0.4822991369164031,-0.739270870623477,142.79539803472983,125.16987185201516,166.2818901367076,0.6481837720715995,1.7053214858567887,25.42703239035867,91.74588439001936,-25.057560350917736,-53.87875489641182,1081184.9269400518,889856.8946716735,0.9864368081246021,0.5275991199525717,0.0029753421965877046,SELL,AMZN,2023-01-04 20:15:00
131.28693117912584,161.51810238587618,118.15778352705618,76.2407150920551,194.97141147762866,33.83523976518546,2.1835227282029077,-0.5236539843594467,-0.7897694532153167,211.03263882643714,153.89147229642603,126.39961333674263,0.18524618427572717,0.09664557804058839,32.86253884109727,35.00683355017631,-44.28819692062977,-75.12952458352459,241988.6281116932,-52775.01150665101,0.8143329294214359,0.46940824558590805,0.034960939341150674,SELL,AMZN,2023-01-04 20:20:00
207.42094061600358,91.90550981403507,147.0270635725206,163.32066018852447,161.6161011771221,46.586314492784865,-3.7720460137366603,0.5210355198853189,-0.5097835166710376,229.73733930414917,110.54228474461974,164.48529693854206,0.36413210770282195,0.45885615916064976,53.28565021729005,28.408179546689055,-8.672250675724227,-37.73260744640571,1178061.019504107,-1031.737189668275,1.0656068737159947,1.9951405180933566,0.02173057015714113,BUY,AAPL,2023-01-04 20:25:00
144.2795279770996,113.14648468262908,132.98380146279396,120.66239263095567,204.44327312316656,24.61475945136364,3.7229204493585284,1.9849948895160185,-0.251436752473494,150.83155290594823,99.09978552121848,161.1822441040541,0.6233045647269942,1.1753817969321054,51.08897483860883,73.6481740247997,-10.456694173042406,-25.237849200138886,490860.3720969478,-123950.00579500126,1.1236758655684969,0.15054194651809316,0.018510264010524715,HOLD,SPY,2023-01-04 20:30:00
156.5229861953917,139.50583309768697,208.48454056957152,157.22753135730562,165.20053405169423,32.06960707250436,-1.0555746632210783,0.6413277016640355,0.11468115925651041,169.49668307508531,146.03063167037897,161.562387663407,0.22601091472392,2.2613902698070216,11.137171194827419,49.88179397030756,-16.06368166781319,-29.30202359816484,578757.5192984658,1135791.4538266032,1.0498649542451395,0.5283006734005187,0.017772213979504098,HOLD,AMZN,2023-01-04 20:35:00
176.10203192066263,138.97420758577522,144.0026404062072,194.05039940878734,180.8650234276598,17.543406185449534,-0.5567106324383895,-0.019296572949976994,-0.8455233915853783,172.29148751462722,155.81708442422445,151.4280403363089,0.7040203660076049,3.006213072325905,67.39515132472671,13.997904581260537,61.76405191775351,-57.77518326786496,1703818.9065958369,1887047.6900769507,0.9814215031437343,0.0067753542363484165,0.002532728890739983,SELL,AAPL,2023-01-04 20:40:00
164.87045663917814,111.71569193743584,109.89401084346028,121.640041751424,139.29455159646628,51.2141841150254,-3.029786998152594,0.8195831464638896,-0.13973688217377114,168.19998011357546,124.61112915755665,114.98516964517127,0.2148961444311133,0.06120816330394293,81.43121382154355,28.51743142259276,12.117242161977472,-87.58691179713877,427966.9223439546,298937.3131506813,1.0642848418662743,0.3036628526546935,0.020541230577412303,BUY,MSFT,2023-01-04 20:45:00
154.51256715430728,159.66936188056553,141.64549473307687,185.96020027238777,149.42861635651968,55.5311831415684,0.7691337078841356,1.1702941967993166,-0.9068253301019217,168.66559689696948,114.57318872430183,194.7099014288534,0.9527037313233392,0.33090579068872533,53.626336578126875,64.76637796192831,82.87115408374237,-74.39739207874226,296519.9478152456,-588881.0067013064,1.0236692023785263,0.9721914239032992,0.0101758933216288,SELL,MSFT,2023-01-04 20:50:00
160.94883007398676,155.54420826821536,157.9839686409472,138.1315338660431,176.32833211518425,19.254638261227917,-0.5217845389735973,0.8670155327328848,-1.755219974400954,207.77000856549859,171.23181535458698,146.10167475004363,0.09889221259768657,2.6171245582484586,82.7361464334551,70.98554408014198,11.353259157410626,-26.737100842251543,1898886.700373961,382383.12824940804,1.099396817714966,0.09159160272002838,0.0013069198320420576,SELL,SPY,2023-01-04 20:55:00
222.10246755714826,142.17192604064442,186.8340986538131,208.10223366609873,197.38934511779163,23.532471655884933,0.12219527057819743,-1.000957406815357,0.5406112039619526,96.97399303616827,138.56929434934486,146.02659295660237,0.78230364483029,3.353886201555621,40.466909531318386,30.01587345151201,18.03937314555157,-32.99810953186403,1156450.3917316063,1880745.5561324435,1.0176166495978407,0.3163301277872499,0.00459470719052367,BUY,SPY,2023-01-04 21:00:00
148.27143608899243,125.32625499524912,130.26369000153204,140.31511637765718,170.8771084793226,46.51583552376709,-1.5742471006405323,0.6369067626689942,-0.6628039716392837,137.06620486363286,115.04684962268958,191.5451692709194,0.11737230497935072,0.5398716842499267,22.16249655223858,81.8999102224223,108.98328332942837,-29.793512293650913,517339.4243922302,8934.975000833005,0.9999864962237222,2.12217219779202,0.011688652827296704,SELL,SPY,2023-01-04 21:05:00
156.03297140144903,179.4612137924969,105.439300649409,125.10422446378587,146.5048468419614,38.473597724383545,0.96163154637825,-3.1793277534590727,-1.7330916151558549,182.35587478169955,102.5726850342067,123.3317610082611,0.6753414626087255,0.5218285546300837,63.27610714710077,30.138775609033818,17.15317246232014,-87.42253239879517,690273.1560549799,-705118.3112906455,0.9975218523695818,1.1771210544056545,0.09917444341620041,BUY,MSFT,2023-01-04 21:10:00
181.51963188022836,197.66221339264885,165.42092528577453,173.99163041264922,190.32005088585026,93.23070081272952,-1.6478348145682018,2.3008821667360255,0.560506230141569,142.631930382919,122.78954309276334,148.57550506144642,0.6575929196871438,0.18429513910581097,28.115617915812447,28.692378989077312,-12.76709411483021,-73.67624283095734,427493.05494688114,1601991.399096933,0.9859948668443032,0.07288122782906163,0.011265763011739247,SELL,QQQ,2023-01-04 21:15:00
183.1657779887395,133.49315548460388,110.48503235250872,138.05472865204365,83.24064031160354,57.155038449127304,0.1575324592746827,2.2966218399258302,-0.25081776760670776,170.02645302517314,130.14196852290647,155.09277194361667,0.3247240766034056,0.3257296859249539,15.160860292128264,10.631420863967053,-47.080853155662695,-25.102388877621618,801197.9531058869,233953.26420333612,1.0277810019121307,4.876954192381172,0.003245164351228097,HOLD,SPY,2023-01-04 21:20:00
185.6109091668114,129.63499248535538,134.09611396231287,125.07361554787173,106.33296495479378,69.27926952550779,0.9239634217909712,1.3341015447666547,0.4528113933050705,198.03001667256828,159.0715121107632,143.04751680487226,0.24075453062408225,0.01609638373634674,39.06949212641431,66.15492917128219,-42.71991042844418,-64.62503483738202,149307.54578321596,103256.3280969557,1.0748778770917125,2.9029998349478414,0.0463965691137725,HOLD,QQQ,2023-01-04 21:25:00
169.16190666087553,162.7362299623599,138.55948786222515,136.70912477747868,169.44902671005167,42.704453284726036,2.9026180926005978,1.8689016874655464,0.4183644931773536,216.00451848041632,139.58266901163535,158.19761650161362,0.42606434992326314,1.782373187348491,13.683195008685761,66.69846256539114,-20.853803126595132,-54.314281028331635,2193211.5353774684,-1479482.7210102212,0.9456883164900303,0.15278977785529874,0.0007174689881266906,HOLD,QQQ,2023-01-04 21:30:00
115.70985261808549,137.2591186075904,143.2591636674973,150.57259097014395,149.42325068759374,55.407681702139534,1.6118018862215675,-0.1112430193291285,-1.0943515031343833,169.71063039137778,136.6127764662126,132.56080361365449,0.46932066223649205,4.684551790303885,46.1812857950081,26.615446603616522,-12.492354368323436,-17.69833788580197,807544.0201515172,116429.17751208482,1.0419516562485476,2.549361217647697,0.0027101375344874648,HOLD,SPY,2023-01-04 21:35:00
199.00294596903288,143.81808398010298,162.2291114268584,194.94976419983533,167.16540953372495,34.42579460088957,0.17975824080429628,-1.1257298625548433,0.9304824509235254,212.1326177266031,117.11598095390998,147.95420091793144,0.6562084561523086,0.32404069476964764,47.92678420909479,83.52133800653105,-103.16448949774748,-55.0930957340714,486570.4065016573,874310.6085429373,1.1529054933323637,0.7983827123013271,0.01283862150434854,BUY,QQQ,2023-01-04 21:40:00
115.60963820943937,170.18959455174013,127.9091429428403,90.10919214529353,150.93222567295825,3.5702166150804246,-0.015936049722428236,-1.8808541386861255,-1.8327062129565748,164.96521543724955,174.51964466742544,153.93803975184775,0.11883093202871325,2.7841715053296183,72.31199404835108,46.081220906735766,-0.8050989423864032,-59.576646930450195,847683.2048660165,-498647.4427450405,0.9507944488448566,2.6504565456597877,0.0019473769495305265,HOLD,QQQ,2023-01-04 21:45:00
159.079063957171,90.71931737478121,138.15676869583098,152.73858108641346,166.12837083811618,82.15748158972985,0.6268241053276971,1.5122063991143526,-0.3971661738562422,149.3763097648788,164.41216281947015,191.0105064673095,0.729207556145542,1.705030095382148,73.32899320147656,47.52388229877072,-136.39713783715678,-51.69954786948965,175774.21970296616,-230620.4599320246,1.0466335795895048,3.4436071773214416,0.016953290258426745,HOLD,QQQ,2023-01-04 21:50:00
127.37172449941926,187.54906974558008,144.6432411762653,171.99691502892938,124.56791537020428,91.38165827957467,1.5334242322644416,-1.1259223860122647,-0.4633827080477286,105.99091008160977,162.41748723142666,199.68597316954424,0.3376530080736773,5.624219547146491,61.47676002049869,77.43182860165287,63.8338006791549,-71.59841968673875,81723.00440376821,41280.59521292781,0.9949366110272959,1.1827449480109966,0.0034339737942615934,SELL,AAPL,2023-01-04 21:55:00
148.0758496022102,150.18041572988025,148.7399489379697,158.1903543997375,166.1145825823907,86.04952917446727,-1.488623575514214,-0.5606432249516525,-0.7766120806414085,124.88486781165071,138.47865793144985,155.08498751268138,0.2010731486940775,3.2001886249747487,21.655262574562343,30.660794992384975,-94.41067260713635,-56.59776865136311,794352.2013262534,73005.65499523761,0.9286127254234544,0.3443197809814758,0.021045499858450972,HOLD,AMZN,2023-01-04 22:00:00
159.86287230910443,135.65520566313458,147.44567936769806,193.9156854218731,178.83243584622753,74.70546879673851,1.8064186682624628,0.3362071523085516,1.226062033644951,160.1650586321052,150.0255949916515,185.97712669827717,0.20942870246472658,3.8309620131140694,34.11463742079273,41.47879950191629,9.234438606693505,-58.85698315304544,73104.93439433658,204435.77564811488,0.9138022138169718,2.585710550833112,0.002503652382887911,HOLD,SPY,2023-01-04 22:05:00
159.6407164635082,145.32297537335654,155.90014438056448,149.62094944772724,185.61651811793698,4.143506660691088,-1.8739884578400845,-0.05620483412254566,0.3012478930185536,160.89773422161844,75.62402889080212,128.24753481682228,0.6347457910751539,2.038542344167555,44.30078149057265,32.790738540161755,7.282087127179813,-84.1608711365692,1081369.767538243,1749726.6314952166,1.0358453141812054,0.8520923602116282,0.03322560363542211,HOLD,AAPL,2023-01-04 22:10:00
162.65762262705854,146.87288065061557,166.09598774104344,146.09435385004977,209.40662883946098,63.99343614362037,0.9126261159173815,0.3971591744855867,-1.4081283178505524,168.03046660221983,145.06117029070305,217.53953921255498,0.1311483724209823,3.335576514828155,42.04634740645899,72.97390961392018,67.1149982350151,-32.8841232539523,1610646.3018405798,-472650.43310469866,0.9364711811223561,0.4178537641953581,0.02647240284495891,HOLD,SPY,2023-01-04 22:15:00
198.41133807175942,96.06396089665223,154.8158528912742,170.954545504427,156.3229533050716,7.747634123609293,1.0828542611504062,-2.7121759806301107,-1.2634485247478389,224.27728019789132,188.072042367826,142.65845291508217,0.9861500410468399,0.8642430185400087,57.08036536378873,89.79873867457391,6.837850572750304,-20.637981019145364,4453942.900332083,-658792.3832925193,1.0426472538612426,0.6162564134070195,0.05191314275182109,HOLD,AMZN,2023-01-04 22:20:00
163.6060290454194,192.8481468235971,156.33963808773046,155.17804207844318,157.21733260541535,59.162200624435776,-1.343130176001159,-0.35024452684014895,2.1542274081053523,186.28947409968393,125.49109061696566,149.0150337825808,0.871065784707471,0.46895911050206507,28.776475458069246,33.64986924302607,-4.961826296294791,-22.720447388300393,1466393.8270702483,-812530.8732323208,1.005008323322608,0.5212161175928001,0.0014174188336456412,SELL,QQQ,2023-01-04 22:25:00
142.67530094128054,149.23976896811857,105.44442083133806,139.50692037502492,103.30482607478457,76.79157247026961,-3.084761216892527,1.2362449752742255,-0.47686680272346976,188.15631317401963,115.35988541180492,165.96131092792038,0.5280107617596682,4.872689508664677,60.87054085047608,44.825842080386614,15.757491645401537,-23.909276258511316,3654485.974023372,-321393.8732669305,1.0952325773112919,2.73783972737393,0.016206971463401842,BUY,AAPL,2023-01-04 22:30:00
178.92261504865073,161.29006391342125,146.255692479142,168.51660926676414,133.05765796584726,66.64673273041808,-0.5291380652086375,-0.6477259644953903,-0.7960488500342344,223.97923872044495,136.44048761952251,175.57596362654866,0.16838031989357347,2.6510449351951566,58.904545808841924,44.66043556671284,-26.362891900109176,-7.904727338758827,22432.636622659462,-1086250.56912176,0.9544896264042104,1.7138713848286729,0.02467858003536585,HOLD,SPY,2023-01-04 22:35:00
185.6841146677392,176.5464931172213,156.98768870004022,131.11909461706736,143.2075377798016,72.65273309636984,-5.259741670518198,-1.2932451238560594,1.1564564877672674,147.5243717711547,118.46404208081846,144.85672531591584,0.2935229284739732,0.19016678430897457,63.47218401401853,38.107753105864035,-25.613837100092983,-53.12688664113967,818364.9346954089,-222022.35506354686,0.9492943155183399,0.031877575570335666,0.046591828302123287,SELL,QQQ,2023-01-04 22:40:00
113.17176554589022,117.36512627319098,163.22352986426125,132.44233113538155,180.50958656829064,25.07779548356872,-0.3567286210821481,1.4321921997225213,-1.7771080213875565,142.18815683497508,116.89671345199666,89.75400567701978,0.8177334670843415,4.033452279100302,75.75983645051276,80.50145911958487,10.700793279058287,-80.8017253559972,180008.3038524157,806505.9217971325,1.058423387653221,0.009904549951846373,0.013157683493575146,SELL,MSFT,2023-01-04 22:45:00
167.92200209549574,162.20415697105685,127.69123064415514,135.10419130350036,130.66996627731112,15.922808226921243,-2.496481166905756,-0.6363775719181279,1.387010395010795,202.78596334614326,146.62520382580803,169.67588473507095,0.5097542874327678,0.8581961800447404,42.38733950117182,25.22786012972405,-14.670990974533742,-78.07981397695518,281216.7664278288,1010140.3164159079,0.9858183700180256,0.07189850881401806,0.06044797563653484,HOLD,AAPL,2023-01-04 22:50:00
171.03518226932695,139.9707672730362,128.52401812778388,195.29821312532505,172.89020059246496,10.156058542057819,6.2265033557965825,0.2767333254029688,-0.797860568861729,177.00416014240662,160.61245973379718,122.69717882705888,0.7724123703347519,0.708435332587718,56.16535530136473,91.34209216475051,32.06811618987946,-14.541457626225418,1326273.8743221082,-1051577.6610931873,1.0453276512568745,0.9426010325108073,0.002613094666189847,HOLD,AAPL,2023-01-04 22:55:00
141.07309489920024,173.4031232564948,130.64748311791004,48.92747660845717,148.9513484910986,30.550733272155632,2.117390452849478,-0.31566582665961584,0.5148941080659255,158.44788257464197,146.85139390325287,173.22618269584729,0.7572984143556044,1.952684362179722,66.56458711381946,33.36960060944219,-44.06611932719437,-29.191925186491336,291457.2324087104,-371463.3835569025,1.0652188093379156,1.684591325088052,0.011356006553115831,BUY,MSFT,2023-01-04 23:00:00
191.2712043993486,84.18317738945514,158.4103474972836,164.65916271241414,143.68495654655715,23.093638002586385,0.14439905649942456,-0.0006504426279152703,-0.47889622967824036,157.88042272810867,111.34232330013894,172.56934105915585,0.6554909871753113,1.6814327669601405,74.24679323405735,80.57795950929139,47.602618807410494,-46.188846045078904,198221.17719378424,536795.1869989904,1.0773340229397812,0.7235001983252186,0.005838407811763079,HOLD,QQQ,2023-01-04 23:05:00
145.4983323890242,145.02717099276194,170.84702637310522,153.0966980544071,156.4668190739977,59.03660504416622,2.6648201168414305,2.294415441246886,-1.5743633573235716,153.98106149717142,123.26973199722288,155.77738506418115,0.7934412639838005,1.5454924317250336,31.976380319340453,71.32179554137214,23.512096601503938,-73.50706506435696,464968.6525753628,-601813.5331353794,0.936586883219025,0.765118516165953,0.00337756198765521,HOLD,AMZN,2023-01-04 23:10:00
153.7672936041463,129.91538032648114,134.81349731770996,98.21214530438016,137.26530883241472,61.41552106360263,1.4100702146692567,0.8579036544016028,0.1784675674570625,156.46511755031992,148.0269411975357,177.12920793787825,0.49071730600239305,0.5884124393913256,55.667947377616436,21.32050683137081,1.2788984926794922,-93.02004669607096,86925.68271400228,949365.063591091,0.9842614237144288,0.27499290897978285,0.006759364825710287,HOLD,MSFT,2023-01-04 23:15:00
144.8078452714839,160.96788851902465,167.69905784067623,161.91125693235207,136.12888255722004,21.46398832808522,-2.327079681112437,-1.83267751719701,0.947796278832903,159.90224245682936,156.43508654946623,135.29065594850132,0.6881946629402901,6.426471085226765,71.67160971231694,36.958158432714264,-77.01102202818446,-14.672364675613414,158402.66335230277,-175089.31549150674,0.9131560505546018,0.6148764169119145,0.02185567095185621,SELL,MSFT,2023-01-04 23:20:00
150.46737142744402,162.10132562104607,148.08699522911485,167.22406373860903,97.85642282629657,26.46832332766452,-1.2508716039992471,-0.5581233116053151,-2.34840562880592,149.58907745473815,134.79956021603255,191.24289406848206,0.5361169000046154,5.99630735876596,69.79436890875068,5.97526700386363,41.88491851978142,-68.97402242396863,158351.7441692111,-1635983.6449193067,1.0645389620964985,0.29685206343818915,0.013202082219781855,HOLD,SPY,2023-01-04 23:25:00
117.11174739314394,126.77122315533921,141.8928555709391,170.8684554034368,141.5613737801633,61.48732425542628,2.058934016451993,-0.6189192638052458,-1.1557412736009913,179.43940340472474,117.6671692003395,154.88800993258516,0.6610995531788589,0.008341751890542568,97.02434955690902,20.228587433310146,98.12568848626599,-50.90919273541928,256256.44939383917,371490.1683616944,0.993040917335869,0.32022300009306176,0.004006829897100403,BUY,AAPL,2023-01-04 23:30:00
106.79847352217116,126.6347840747187,139.71539425455077,67.14150198256164,134.6009556155382,18.50680788943396,-1.9210748671827522,0.32455722926874697,1.2378942012423588,186.12895785455464,159.3605350901372,144.44029930946158,0.46141924769609977,0.8244587560741783,39.976140780658284,63.52017474204147,-23.200661552210857,-66.53697960795813,2045631.9122535875,784003.0146801939,0.8811293759371764,0.4961996087113498,0.0006446742338112024,HOLD,AMZN,2023-01-04 23:35:00
197.83515189674915,144.68003894328012,163.66528411505394,195.72446117934203,133.52057031952762,75.71180056286242,0.7906361066417047,1.3631749946701992,0.39762409337237065,140.23602089993537,185.31180724300896,184.23814323491294,0.5068457918214899,0.09323724188438018,56.08667526693674,55.39130802358233,42.95534487061738,-77.53206563745853,349893.25219957746,-870358.9799552904,1.0584124075576542,0.04871243788204989,0.05140922816839858,HOLD,AMZN,2023-01-04 23:40:00
124.59115955045017,121.10073318054376,153.13944541967675,128.39242545008509,161.5061918777012,23.977554528253297,1.3495159951401083,0.04775633862831024,0.46399912904985174,191.59172375564196,168.09516902012743,130.044437003324,0.7072598715615522,3.797559607378691,22.45449749247231,64.98384693434625,-5.732046589010017,-34.51772218186517,320023.5405938989,-514746.47951210005,1.0450879506165158,3.1001678968395097,0.007541519797643121,BUY,AMZN,2023-01-04 23:45:00
120.25822951631079,173.2595108635638,201.89563569119093,173.97016789610163,168.7589585837153,71.27397155683158,-0.5212866721102501,0.0036926781945472247,0.9308848716851502,115.5019852126714,189.6103779559347,86.85705425389966,0.2759902151559871,4.3522262896214166,49.819953693608795,62.43938114371254,-54.84816905118729,-81.72337538985578,134661.62887505314,-616798.5244340734,0.9503050394527627,2.4564664645827885,0.0027298033886875763,SELL,AAPL,2023-01-04 23:50:00
85.39829659188855,136.9237839865766,123.6943839250669,175.71436098183315,155.96583513926984,69.63213565721023,0.3046597788975853,-3.3473313305840495,0.46785116932001547,177.63150596956712,124.46534308008988,112.57008188912367,0.3351356961678351,1.4608604046354634,32.11638623027205,45.00338285981662,-38.361363313725086,-18.642717911648237,16236.279564816874,308941.88143756794,0.9904657933486041,1.5909363284166762,0.0031599396179723517,HOLD,AMZN,2023-01-04 23:55:00
130.83114756931494,60.790353420350755,157.9525425507494,123.94569326018262,178.86245571348422,40.06594474154592,1.6635878505914643,1.986067221243208,0.1474690355829153,179.3813105048074,165.78494504799684,193.05235961863676,0.05835486574961836,3.661142402120927,18.684958501301026,39.237422279731895,-5.354583298117184,-81.36330730584767,174804.49267619185,-812407.4380192257,1.03150374581304,0.8405134883559985,0.005845208555342793,SELL,SPY,2023-01-05 00:00:00
110.30730619777505,136.75533830134583,131.76997475471217,173.1347184752496,166.26685777491096,56.022177564400835,1.5681792648249477,-0.25180059297166896,1.116141012930935,157.06943076136773,172.2098873304862,157.498807031448,0.534683870145924,2.4304741227532527,15.331953352130864,43.67186340196994,22.667471788498155,-53.968376439249,1283634.0153714102,-175627.05673282212,1.054246463020443,1.6767829727543593,0.005248399762031001,HOLD,QQQ,2023-01-05 00:05:00
199.26045480409107,116.84368537468083,123.26782532528391,139.66421629080455,140.14831430583072,79.15452051862577,0.8963546543618749,0.3879617538034901,-0.3901074838096812,162.00863301405386,127.82190923177838,155.1042596429586,0.6910648811725708,1.3845908585198845,88.49802243886178,24.004795975139466,-73.01493564495729,-65.63163057402947,3501447.706563055,-1062192.2598722044,0.9691368879986466,3.6549683827042987,0.006557589415840343,BUY,SPY,2023-01-05 00:10:00
180.294512680279,99.06172553617164,144.7283215741257,85.71593026117895,135.1143114285686,63.635345704744005,-0.02590869656580828,0.3844194409371573,-0.01657722549594481,151.82851785273436,119.35917651869262,177.32227060943154,0.16720312647140292,0.9045204342639199,61.82130082783722,32.11269263531291,-35.25506643288395,-75.01663660174353,1361851.408808074,-213723.20949328816,1.0504058347979635,0.333494151397156,0.005111010197469158,HOLD,QQQ,2023-01-05 00:15:00
129.3554896446683,110.87720085332282,148.4338119851759,189.36774161688894,158.3846671030054,47.103954600809345,1.1747115435064641,-1.1538428977081279,0.8258555796201292,142.23219148901828,115.97232726435647,158.86676176571385,0.4523847086708587,0.6191057427708564,18.386998934867215,12.803831964154899,1.6487783748832991,-47.47769575179596,1918872.7146789662,-52682.22783171035,0.9881669921655455,0.4529894231431449,0.011265082638775794,HOLD,AAPL,2023-01-05 00:20:00
217.57307416032927,151.2822541549891,217.9543388765023,127.19856118348032,166.21301329705702,65.35706204977765,-4.043072569406446,-0.36586161368835,-0.7648697349896997,160.01770656019863,137.72481517782396,141.74436364020232,0.6914916995906699,0.6006679085457404,20.848425326497992,29.209319006132304,-63.012556446028725,-57.13989998441957,1545269.7434198516,-490306.8116639973,1.0204034746933532,1.305805713660211,0.02901483716101492,BUY,MSFT,2023-01-05 00:25:00
179.45296460974782,187.85922484744694,140.39635460791996,124.65620919238226,190.93532921094493,16.06601561745362,2.951159259376075,-1.1656397302037549,1.4248936766388318,140.87952406051613,102.35765319578135,136.84140634462946,0.37973814993742455,1.6513667507737888,71.88450107762594,25.93034157614511,19.615935317290447,-70.88349611418833,351051.1549830207,-1742737.760993207,1.0157335855318304,1.029642591248008,0.0005511024782237396,BUY,MSFT,2023-01-05 00:30:00
140.25505849474132,157.3955342159494,116.74553176288292,139.1018922228249,184.73519134820287,55.93546294080627,-0.26511463928017126,2.074994622822529,0.291344461114156,199.8836816830606,182.23657244996852,114.73722822795712,0.07784249191521755,0.36498432626960725,32.69961323827498,17.746534133864042,86.18970139164936,-69.94417132483623,1313899.949656823,1944855.7796952336,0.9090674832656465,1.7419346458068696,0.004225849110502379,HOLD,AMZN,2023-01-05 00:35:00
75.01782855379282,129.8048983535278,151.82526793735965,160.7115752104764,132.75580980478492,44.93967000549478,-1.4699346973534397,-3.335779593556853,-1.1488930680601896,86.41102283014453,107.90563859357523,117.9915193764765,0.4093533892573322,0.38423930631400655,54.93004137248667,23.09980851340564,-5.077557638612177,-84.4651295973262,1388645.3223922832,380444.0992044751,0.9643576299142624,0.42614829362030665,0.024894923652649285,BUY,AMZN,2023-01-05 00:40:00
218.72827717772225,161.6771258551211,93.13399906134079,150.16734685369272,145.93981159618215,17.705159044715003,1.1989278372503485,-1.4299851851048189,-0.1935850767035002,155.28983762384829,150.54558215435625,155.24132198275643,0.3619007944507928,0.020895456530111156,53.11100325632807,62.07963183756823,36.75485391762097,-27.040597176921466,299166.16515694646,-625881.8328926613,0.9391950057261279,0.371864875165938,0.0032240502102189672,SELL,AAPL,2023-01-05 00:45:00
108.31282599709212,134.22729069343023,142.70108043489336,169.53814159062946,169.1305341475331,80.85310797272835,1.1428592364929646,-0.4831047372804675,-1.3857866564051906,93.47333611177422,83.42263648527317,145.3289600559749,0.19608692425580626,1.9003572891432319,23.84475008351731,72.87098052797184,-63.78999344323852,-42.97194495422872,2533932.5033236844,351151.08106995124,0.959412686011782,0.8804823617749585,0.027044000481646006,HOLD,MSFT,2023-01-05 00:50:00
100.63803759129324,127.16198892510566,145.400632057379,109.13634027108293,181.03993334176917,64.65292307818876,-1.9528531833830796,2.2462435738701787,0.08589594564948416,122.76526291525212,191.13146562680524,164.64209766552523,0.6680496952629783,10.350142352508177,40.604935625643726,61.986278493615345,-31.531933229441165,-46.18842030608059,6188538.2011758685,793937.9921950406,1.0156160904123963,0.15765760972109308,0.014464276355649468,HOLD,QQQ,2023-01-05 00:55:00
180.6771129602892,113.36911995301047,164.8650095736303,128.2436361462165,177.16908406114376,42.646745651257625,0.13507955813989275,1.0617244809572268,-0.37880447408405254,139.8116845030387,171.23593201865177,147.4268813738602,0.2913176072476592,4.400406776886589,16.621098865945694,55.46090435080628,49.72882579483897,-43.20246429727745,823933.2130392784,471316.6328807611,0.9610666520961185,0.040379250836222944,0.04267624861440034,SELL,AAPL,2023-01-05 01:00:00
223.1925721901782,95.44513579744843,169.34055623569617,148.28809368571092,147.0836650150596,63.595509129794124,0.07467015422142494,-2.4570604304143306,-0.8647049285599683,206.885558409047,100.15511524526548,118.0804403426355,0.768371036036416,2.446241961747752,65.837557312046,71.90236076168772,-68.20995051124125,-35.8722929285418,380667.8374685269,710935.5584794515,1.0164231059742665,0.27989346521765157,0.0002042388976630453,BUY,MSFT,2023-01-05 01:05:00
191.52818455531553,136.30228880321664,132.41075952730705,212.73239336507856,111.3793204271445,73.3054936109447,-0.055833847934961364,-0.1732641466877413,-1.7801367478958465,200.37883847759988,147.62614215913865,157.36825681845465,0.4042393770655775,3.0791269717500716,74.75677988462039,37.386459879054584,-35.49206615702564,-46.914450959886096,442560.6612001412,1036637.6514891316,0.9446054453887558,0.17236071502069672,0.030682578177100853,HOLD,QQQ,2023-01-05 01:10:00
166.9172736015708,152.74160469760395,141.23464963425167,148.35799877075974,119.03190871263226,9.014604773729532,3.2480395989452884,1.0819965123926254,-0.7917777765180062,162.54423475865568,133.9611474886605,155.56818488572796,0.5763821545253573,1.0786309875439575,14.368107893402678,57.209161663616236,57.145074475054415,-23.213020658110107,873335.7528906259,-812152.5239533837,0.9835788337723673,0.006697598626915593,0.016982499141040268,SELL,AMZN,2023-01-05 01:15:00
167.84263024995857,145.1012898995533,125.84697923473323,186.7271124371722,157.17900542958242,46.23566261374206,-0.04031067269465853,3.3403547088717027,-0.18059969476112828,162.2351934106778,143.8755466785063,150.51789772963988,0.5383420206065928,0.7078704149389575,23.184894924548548,83.60915836262268,-30.497836427026115,-56.30421980912631,7810.115684943204,-322135.51080287225,1.0741063005728426,1.5051174539015593,0.01265529346726192,HOLD,AMZN,2023-01-05 01:20:00
175.60246676340924,135.52099216157924,116.79843612980765,153.23376540109817,159.26676738273036,85.62088892252973,-0.2598094629969424,-0.5096217932712137,-0.3720009405150993,196.3120875616531,155.88291427679698,154.71698297066973,0.10332927492311866,0.9197209924067303,64.20178703578429,57.8859784805417,-99.99529797601403,-16.83819354411297,368655.7342828532,78794.65697679704,0.959170478443217,0.7835348323499628,0.0031499176221049825,SELL,MSFT,2023-01-05 01:25:00
172.76785769360296,119.62761817909657,152.74736948451587,136.5229236019978,116.03961879696845,77.68803739324238,-1.3607355329797104,-1.7766571017046309,-1.420153802093573,199.59740979334808,119.9855488286792,208.97076889662864,0.249764474502752,0.16985709168025231,80.60090350082633,86.92388807301845,-28.185873278978203,-68.23408501304617,50245.53968075465,403604.41539171495,1.0387792093585688,1.105495109796715,0.005333112946546032,HOLD,QQQ,2023-01-05 01:30:00
158.43574271908128,166.24738575054906,113.16036128508502,144.1048184283379,150.33708832667816,26.697955993304546,-1.6496790414514653,0.4835524035441455,0.021414064494879037,139.88209463135743,138.65963961281585,114.24456689343647,0.42763064808067525,2.0091250677112864,41.29197392036882,65.60397826923803,87.19147284138418,-17.759347400992674,978644.485145809,311664.12085953454,0.9267319847944196,0.1779916269292686,0.030838385212377212,HOLD,AAPL,2023-01-05 01:35:00
153.12603311855628,108.48604240160245,134.6343274857034,146.6105692150758,167.9367307091535,37.303226404921276,0.7840851638370667,-0.06492840731941453,-0.985533841599192,183.54666443152337,94.76231935614018,121.28414633832959,0.23972209915493128,0.38441659318167504,22.38150531804452,27.5798209735527,71.98671472489568,-62.49240061519158,926476.5204361276,-2110834.4751892774,1.0416727915312476,0.29664473102626077,0.003227071319381556,BUY,MSFT,2023-01-05 01:40:00
148.12220616301434,171.28083741530426,120.12065100251905,171.31666364674362,114.46320027478568,61.98801090850128,-0.9396401790058331,0.6949630067829216,0.9218900548156328,126.52429937676885,142.0796338117445,98.94355966451208,0.50001931287873,2.8783627857493865,55.54028631814418,39.63010340878199,-3.9488662541292454,-54.18519504707082,894157.6147372653,2842903.2167113577,0.9558852426581238,0.061994952803544584,0.014987874931747351,HOLD,MSFT,2023-01-05 01:45:00
127.38106233399971,117.93348943219826,158.74207965725648,195.98756056244974,182.14991605413243,68.16174754144029,-0.3758587536014792,1.0357124022560003,1.0691294360742996,146.36869261108043,88.52391810630255,152.7768316204224,0.5582435875819526,0.42138394560858133,87.78053660051216,12.751832336051235,-11.667093117658897,-33.935179505022425,163685.10702358084,1669641.4649133969,0.9643579178900189,5.981035332999319,0.004654528665643853,BUY,SPY,2023-01-05 01:50:00
141.57974769399678,125.42694287940894,190.0357524816622,163.50978712596228,137.67406554320524,91.46204208345901,0.39633696636450805,0.4798975382067484,-0.25707846413382146,180.79713060201155,172.64486919338097,91.92058790355523,0.30399552770843763,0.5178627927100892,78.4360179987346,44.19368237874279,117.95446048941223,-65.82534228045078,2892439.0325842025,-554904.7632369904,1.0520826131866208,0.10879644788944502,0.013438355549157448,HOLD,SPY,2023-01-05 01:55:00
99.21129557413843,103.99644428152969,112.46030042991673,189.98648571973618,186.72839337729954,30.105729870849384,0.12737890521472325,0.7922950855009694,1.5761259574106552,136.98050989876663,103.37940348072105,156.72512298503733,0.5583209479608697,6.307376874338026,46.254922539942164,66.3462103274262,-46.7940735416024,-59.87632833622586,764060.7530080602,673533.8462476988,0.880290711608146,0.09471186798429394,0.005880452458277383,SELL,SPY,2023-01-05 02:00:00
147.0498111961575,132.9579355934309,98.67453792756078,121.12672839585007,132.99642662672298,63.310578301147046,0.2699221138308558,2.45352747954251,-0.14096353531250091,147.5753359838937,147.35798122588415,148.3145307787001,0.2898963396600081,0.22274803676058091,57.432540409489995,21.01520850639691,-32.085604285648586,-44.72349561677398,811619.9517277706,-699625.7863785909,0.9908202474378203,0.9523544488610042,0.008649890651986967,HOLD,MSFT,2023-01-05 02:05:00
120.34226678547248,177.25937375433938,141.8778278662483,138.73182371795102,118.20123551347463,66.52694371908007,0.26263366632010776,-0.4365876454310994,-1.3004904039002187,101.94423118554347,160.71571552842153,132.78418385745786,0.6117749372256107,1.3816698687097007,23.88594383445017,58.7571691146241,52.96869917291437,-13.787246697820224,785831.1519918323,-1020946.1707999536,1.0469800525920485,0.4032916807126431,0.032434684579969744,HOLD,QQQ,2023-01-05 02:10:00
116.89232048352686,163.4688426533187,145.39244489894395,128.82231890535465,135.25589030474842,37.61658460313553,1.249201036448112,-1.8366463533131863,1.1852276940859066,175.7787345668078,186.60375276779968,164.15674496010402,0.7169188882457428,0.12947496431474526,59.92621076999822,84.17280409316226,-43.31813196833867,-76.39164524326289,743205.6370114664,-888905.1692798004,0.9085079292462565,2.18550694206202,0.0007564742211238606,HOLD,AAPL,2023-01-05 02:15:00
155.39682453460435,177.35266336084106,150.46648266893243,162.06222690799527,146.1455563076804,79.11456636137424,5.28206155732495,0.47096362572621053,1.6141145160942794,129.11039262419035,184.33366181926888,158.8978363102229,0.3211826417888786,0.18948086686209098,56.56095842596417,62.878368959375884,18.33574912095904,-48.70021022432527,2787546.975962747,-475600.45345207624,0.9921548414295028,1.7809294029584941,0.051619029321354815,HOLD,AAPL,2023-01-05 02:20:00
191.760068590338,163.6642763780181,133.84198711914138,140.51333167425878,137.34560279685556,46.46742980924615,2.458621383815948,-1.9219995452786707,0.9946224192749956,131.26038138291634,174.84756309959724,198.1529168616243,0.43917127475316314,2.007515491510621,58.32680092404387,34.73448910818358,-61.81925568657627,-56.65996921697861,921364.0926941155,451581.3882920919,0.9386966705257851,2.0261103641233458,0.007695078143074763,BUY,AMZN,2023-01-05 02:25:00
177.5494981800694,114.88990514408893,139.9840175293642,175.35273398509426,142.51995735280659,65.67017995754043,-0.7245802079559057,-1.6823876291021733,-0.763848662733959,207.4332661870138,139.5990134648961,168.39149312896689,0.460506161742823,1.9924395669142507,63.82784124088096,7.380908988940113,74.5090816243146,-81.76416642063485,663831.5436788594,502115.0979740825,0.9652756443114788,1.3285172813437782,0.01812888335849194,HOLD,MSFT,2023-01-05 02:30:00
102.88498189130468,138.07632327017328,154.18776026351506,122.20794522776187,159.01895449028572,82.77599729100874,2.431013610046159,-1.2331502832720234,-1.2353632753732913,135.94322446275544,167.8913717916707,148.10595811528225,0.5553778097128689,0.4291613386210671,63.01113274493648,74.29654882169474,-21.618447105159895,-62.29757228600617,1454338.4415254313,-211380.46664805152,1.0050955463171007,0.1413213409718054,0.005014262974295961,SELL,SPY,2023-01-05 02:35:00
120.31115590288988,124.59402612647612,171.01077231612098,153.376991146281,143.864618906108,61.025067573438044,-2.1075815946850907,-1.8761110513125785,-0.3502961120440016,186.33702938341685,146.89880521335743,81.56074241731473,0.5341556972399307,4.119066314593721,65.57968465276426,66.19608784955685,-32.48115479549912,-60.98584090424326,289633.9747434234,-1606696.9566321752,1.0242446745837772,0.06572506438954752,0.008886254308550638,HOLD,AAPL,2023-01-05 02:40:00
178.22313563964647,187.91724712117121,96.12378074204292,173.97945315239218,147.01662818143978,68.98323022640483,-1.1325151378521392,1.752847563013238,2.4764062313852637,198.47299208866218,149.02979881581481,177.8891154906555,0.18753058803960254,2.422578983461133,92.86325587974711,17.98696145074445,-42.15456957665747,-30.528546675094603,213205.63135325428,443396.1056525719,1.0235918644634503,0.06681263699803223,0.012311331720752154,HOLD,QQQ,2023-01-05 02:45:00
120.52537819385071,112.09634060721065,135.77651402421344,85.91031119870047,97.72320802392213,6.6843629389231625,1.4137658425333048,0.07336664702620607,-1.1768813204315556,192.10544738132592,124.49456336995738,178.13028105719033,0.12761476956934792,0.7150951716489088,81.83632185335564,93.53422554810855,-57.49091016790629,-33.111792405797935,578413.4895315116,1394590.4354750777,1.0597097475110078,1.6183757363319624,0.02334296112135676,HOLD,QQQ,2023-01-05 02:50:00
143.26100550008925,174.8109306816733,150.3452198485266,219.89220183456652,160.75094048031417,26.952387619543604,1.3517328158749244,1.0601832557909352,0.8207551108636598,151.2794723951871,183.53738056744146,189.70911831110817,0.9908989916516062,0.5710662542031852,42.57515317635281,35.364345171325745,-17.46886596782459,-60.25610497760761,15809.967431621271,-220148.48845160287,0.9880462746333857,1.0703676783673468,0.041285570028248744,SELL,MSFT,2023-01-05 02:55:00
166.50156297073656,174.78861610326308,122.0505973847316,142.939139683844,146.32390106924996,60.04883074926928,1.203072037027208,0.7653965773879867,-0.09253469386186064,145.04814935392494,119.92824933141597,81.36757625631951,0.5274782569539538,2.807167962877148,26.62642201382839,52.15036799577485,-117.91807867008728,-43.402884271924904,347456.1482814405,-65595.53202583636,0.9693067394752098,3.96249373759959,0.04021763744434114,BUY,QQQ,2023-01-05 03:00:00
120.94966635409094,202.8886060514826,188.2792407941825,87.19872276236246,197.30878941448614,46.917958204484286,-1.180595770343194,-0.31492579767336126,0.9441521914230817,128.03392619349816,113.23987518027606,156.15251257102742,0.5037613788735286,2.645692299302415,48.96064239121063,75.82421848829598,-54.5072300306524,-59.27447622213011,544855.4799910091,2094968.60834627,1.0202477280081594,1.0314442226847076,0.008219877306701217,HOLD,AMZN,2023-01-05 03:05:00
153.1612651843788,135.70940222111508,129.1147529942816,157.05900475445716,120.81304498238126,70.0079391317743,-1.1668875529221654,1.4407557826151862,-1.2599882842029764,98.34724107765366,150.19114138897206,169.7562319862237,0.5189594314829422,0.32229130229711556,59.41120333159095,69.77834588373051,0.8445074811770277,-32.09915982073707,864407.0941712556,873435.7297234947,1.0547324933500442,0.2867004488288096,0.0018579266383913502,HOLD,MSFT,2023-01-05 03:10:00
109.97923515245387,169.36966478740487,143.96768282481793,153.07019097514083,94.75114014501457,29.40823602340627,0.26230288550088243,-0.7238520130666167,-0.24950139987957742,187.0279835495456,95.198543130428,186.04687860459995,0.5591040042061672,0.8590684648765612,85.36829241666408,16.578439162400468,4.4093815569932735,-36.20847529939499,783517.1475538433,-938767.5302927408,0.964714160596113,0.09377707490795559,0.05181031482574184,HOLD,MSFT,2023-01-05 03:15:00
131.9589706814636,216.44955509616528,158.90055242105726,149.37937985368023,167.54205481790126,22.636719363320505,-0.5045794567412253,-0.25194411198969147,-0.898049675105254,183.7017899486616,142.93899236124352,168.0569353686924,0.15193218721553292,0.48842093395146285,56.862073298601956,48.38908528872066,-3.5309128299663954,-83.68327642801589,457919.93420366914,-1111722.3136589099,1.0137057722116845,0.45507498287396775,0.0006235457753308942,SELL,AMZN,2023-01-05 03:20:00
159.59345802427612,129.4707496919891,130.21788027995262,183.7181156136533,159.39581054939,11.16845645014258,1.7763514940269858,-1.0617617786328664,-0.8411508791142853,176.69412565326382,180.86579587273968,151.81697270667598,0.37580882712807345,0.6966886121943708,69.57441214511478,75.05810600002381,-37.94944038158682,-17.380044142520642,420471.76595088886,-1227667.613298204,1.0221709088220767,0.22276398277145154,0.042583500111653974,HOLD,AMZN,2023-01-05 03:25:00
102.21018799404992,101.94879257402921,98.83567380488957,175.9182390856658,118.74700938406562,84.97508299984302,-0.5546680404013282,2.100458711061418,0.7366430399659643,60.66546810096378,150.37716644636095,119.44937137319745,0.35821671396041166,0.6781302855833988,62.82542769679091,66.66257661745466,75.68154606536869,-4.914711359080115,1319.6513829756311,379419.5245805913,1.0015324256045304,0.989924789130379,0.0005232366163335744,SELL,QQQ,2023-01-05 03:30:00
163.21424213881198,91.5996989827671,134.28363682708667,161.53203811276305,103.10753134987726,78.66517239141804,-0.6136255921806849,-0.16070281241960543,-1.1190463782488422,153.797520357184,140.79048113260671,146.4876356876917,0.11309428285144858,7.461378870005477,88.91465416158542,68.6286114878206,43.459758317711184,-63.49852683372858,2129579.6855283184,1603064.2418116713,1.0178764390824957,0.10088478930642332,0.07511801569370334,SELL,SPY,2023-01-05 03:35:00
149.41086603219955,169.38136086583995,170.73601389817603,166.40498028629273,195.1219019205287,23.686356243391373,-3.2516825371671945,0.8970416104959427,0.28986929354256397,182.0337766666569,119.00022657941152,161.6647116455193,0.6765234098436892,2.774280422384993,2.9310375861418545,86.19153877210783,-5.20546934545077,-80.19320193630574,263020.2895083054,572455.6030263847,1.0346830263317581,1.480651511169132,0.00022419808660979382,HOLD,AAPL,2023-01-05 03:40:00
166.57469863251444,91.50549375824248,136.57762183037153,148.66052961798124,191.42331171820345,52.81739734961961,1.7506604682291709,-0.8721924644483403,0.05577551511008643,205.02935923219403,102.44317094835988,173.48520089434965,0.7042031654323736,3.0287286933856694,7.866853975321879,72.21702722099981,-5.762056554983175,-30.518896526302715,443171.89526905667,-961170.6514251799,1.0121521596667473,1.192540654287888,0.00034290710028105043,HOLD,MSFT,2023-01-05 03:45:00
156.71742402193985,136.83042841186233,123.83914246352553,208.81570717568155,74.37629723881612,48.13836624865965,0.6447547445890401,1.2705293657181838,-0.9538052465586536,170.46201129849933,161.58895614311263,102.4128301495151,0.6165145010165289,0.6498630379934569,48.06435408214899,97.56426954159191,-23.714380105956863,-27.55158589679129,20462.92535354218,855763.3967392518,0.9990653242914835,1.333162754187961,0.014214467003928961,HOLD,MSFT,2023-01-05 03:50:00
190.92421289921532,161.1193956111688,168.14180523756804,104.66572741255146,135.25330912230498,29.95799601686267,-4.57200506398725,1.1592046351474135,-0.73772105769141,166.78623806356813,140.69975739517682,158.86349797848487,0.45555699327240184,0.0010544480090443104,8.687459217913066,22.264825162082257,-32.15406052408284,-73.77285186974241,3142914.067360451,-794842.4476264983,0.993719863224863,3.3661285909830685,0.021978437247283975,SELL,AAPL,2023-01-05 03:55:00
153.75673507943722,153.5552661048974,136.73062759942368,156.46885357490868,198.92576164351698,27.317281587330122,0.8900373198170155,-2.438219525442521,0.33393248703048645,136.24051094720582,155.6132227517164,105.81641789563618,0.16510324627575215,0.11983338037757175,73.82691248963499,39.463132431794094,-7.835181371547803,-71.47182174306414,682350.7595716575,2496528.2496351684,1.0511750363697077,1.0514235398079728,0.008701418420337389,HOLD,QQQ,2023-01-05 04:00:00
137.1178337662424,160.76334592552516,132.24597965874457,154.08078819804098,134.71812326666398,34.33880530242236,-0.8023538108690946,0.006187640574270712,-0.025136446915406535,173.2494457136637,85.19590189998408,157.97636716464314,0.7799366158668454,1.6103923246962266,41.4220568733568,27.546666300565274,47.26102244796133,-72.3557702883487,23547.55972380728,-559390.6548029593,1.0181425780582356,1.5537781294384083,0.018622849708111178,BUY,AAPL,2023-01-05 04:05:00
153.66892509096851,154.66869567402563,148.73640224158274,178.02497299406699,134.28163297920042,77.73992352893072,1.5518861574736775,0.17535079994446423,0.038294487252045956,151.71084188905476,158.29981079023915,115.57805652514959,0.14485458491613545,0.6722917686753079,20.698550354358442,67.14840661940997,-22.341396885733065,-45.775995306846816,289275.3844789992,-1067747.9009967495,1.0564462413487214,0.08916410045193252,0.037397499473527766,SELL,SPY,2023-01-05 04:10:00
166.29894087109165,186.3659743994018,164.2687552404697,124.99667592240323,140.51722017111894,82.12377075627766,-0.21021974622618114,-0.4495820919165179,-0.23260203172406507,134.47221272774186,189.64448873432667,106.70976516513947,0.32201831317775687,0.4287507107060489,25.61822814761338,95.63548680516377,64.02369685296769,-56.79336770542673,2114137.0465342808,305268.58822920517,1.0057961215234454,2.8662951412638535,0.03175199409243409,HOLD,QQQ,2023-01-05 04:15:00
151.46580210977112,119.4305085778361,204.54283829331365,96.20247672331084,115.37309078695522,79.63421064477375,-1.6087487916036713,2.077065501420645,-0.2973232117545814,119.49011462565834,173.53264687105715,204.314275973104,0.8488568285849085,0.1018307771139489,86.54705466883789,11.180817674531632,-32.546689930981984,-8.628009349265561,471126.8433077426,889927.8443853022,1.0323629036999784,0.24663340816382665,0.04309689158656121,SELL,MSFT,2023-01-05 04:20:00
151.21775073611647,127.69014584624406,165.68090269143556,157.01833651514218,97.85672767315867,52.575626214056435,3.4580945123852604,-1.8258706836385672,-0.021562117888700445,126.89994261697059,147.4164831629013,108.53544180835044,0.4282568309345621,4.173040907194604,58.231249849810816,26.950713491775474,74.567883028909,-13.80223609300278,1169265.8600351019,364757.093918266,1.0275717141854446,0.6793445053694949,0.0034671364296045733,BUY,AAPL,2023-01-05 04:25:00
128.94024936579734,124.82021664187528,173.99599915970862,160.99937575099534,180.57641932204245,27.168713125574545,3.1439359707752343,-0.6724240296182615,1.439202264319429,171.37222192295897,113.88818654052781,130.89952548830013,0.22737748217375894,1.8332183004176648,45.77630941784039,27.03629829180474,-14.865152937244169,-76.48942918088196,951531.2099891237,326000.9000459845,0.9709300616212932,3.1487524488105265,0.005088466852598946,BUY,AAPL,2023-01-05 04:30:00
130.11297247347156,172.90575435587832,132.3508450253036,199.66718110232478,93.71189281256973,51.78614354778828,-0.3713591843685678,-1.2740067720977628,0.5290829817297604,111.424288798942,143.04491601047178,149.3888562629125,0.6563742630370955,0.2271734375536479,26.470761394697718,17.014843704758395,34.01908750704571,-38.876464959920995,638542.2686341025,676375.3491931095,0.878434381606957,0.19767506985664063,0.017720726336472693,BUY,QQQ,2023-01-05 04:35:00
107.9218418460092,175.0119576518519,119.35329735076309,111.34841451759723,156.41814356326267,83.37705091575775,0.7452772775264,1.5448822155182502,-0.13088950630311388,149.70622801766177,143.8522008251379,87.52797882293456,0.9579465104603213,2.9083244407403486,40.5062957597419,46.10961252494683,113.79010885729117,-57.54434084608221,1791072.4903409188,84632.58586241078,0.9179123005849343,0.03615269549102883,0.025723145557311377,HOLD,MSFT,2023-01-05 04:40:00
202.48730229560817,161.53675957955525,146.55828374047806,188.95020053493505,175.59738478272948,72.43526949633373,-0.9184522210704648,-1.5429208811480513,-1.0818416283734535,205.7733265275319,127.60971004431823,173.5619844429147,0.4891893473598541,2.819745036722518,45.02380809382498,82.46746964880516,120.91496200358385,-44.13425946595802,41191.12269749697,403868.6226142268,1.0419139954368646,0.35248970309604605,0.0022715029744107477,HOLD,AAPL,2023-01-05 04:45:00
112.68410293826145,183.50481000669782,147.6792478814899,227.7572596488679,105.46321103296525,16.65754557622547,-3.412978255359994,-2.748873398546698,-0.419030234154692,109.80585608564928,129.51866841392683,128.9783148157474,0.8698737702630106,0.6833014385376313,38.851120160772886,67.50937330085789,-67.10995093861757,-31.503178162566314,2435243.891414105,800240.2864085702,1.0278435894455358,0.17004785300701522,0.00386278360925515,HOLD,AMZN,2023-01-05 04:50:00
129.21284406612278,112.65877397870858,118.03718146588507,139.91152359928074,121.27194792214786,49.956987405861426,2.635395363944765,0.647077677600784,-0.9202440309016282,175.72402146276056,192.46414761398105,119.39491751083766,0.5519405108940135,0.41756161116461843,14.628433904821375,20.274448915139285,51.68522099548546,-64.3479365820456,1266044.7084652127,-1224679.645027768,1.0001629408338437,1.1027118885211136,0.0512610608008731,HOLD,AAPL,2023-01-05 04:55:00
128.44778203292407,198.0167233465341,140.61763675239968,110.68984897621684,185.39537565174768,19.024505828553234,-1.5954829969129718,-0.2087576940286507,-0.79658628758592,179.15128183337725,115.85693523357419,177.731701386467,0.6084732430599661,3.3638223398100693,56.65490099974897,77.86899399961128,-47.20828483959956,-30.857836062090875,1992997.947842363,-247704.40916916623,1.012360707931516,0.3262491363643312,0.000523558965899342,SELL,AAPL,2023-01-05 05:00:00
176.84773130833324,193.69715865136774,154.98294004297827,138.97682027605214,164.9867516068112,68.01182948500703,2.5470814610939483,1.5605244310098572,-1.8704475729763366,149.80478746773574,129.2781040434066,109.92385066363232,0.5279975291551824,0.7996562495412594,9.945998273341466,39.22511301003265,18.761643163894124,-44.98111001444542,17077.44096456484,718074.3249931044,0.9667404809346908,0.06490052389543692,0.01027637230260531,HOLD,SPY,2023-01-05 05:05:00
141.15150965123917,170.0686599173724,154.00983487545201,152.4481589558842,130.4814287936334,31.03349755291294,1.3944563587916594,1.2185150935806517,-0.011292222765988916,181.7747315286046,154.02769371835743,163.42907941763525,0.9497493610519155,3.760238389267231,87.06450903366954,21.611034193593145,24.441066793290705,-60.672599825560766,88606.75067540939,-1518272.1456275405,0.9636968173963849,2.2351463406053473,0.00473612462233371,BUY,SPY,2023-01-05 05:10:00
187.432262180212,201.4539672631318,157.6071963346068,170.04121200022126,185.06747010083512,34.68613999023559,0.5743190189923563,-0.06372473830324751,2.067727139300996,153.41868698061393,194.52272048421185,150.70661032533872,0.040675763154041936,0.0892660216359771,45.90621965728031,18.92355646464143,43.06111501331672,-76.90399084804253,230519.23299424403,349785.57631558005,0.985769402935329,0.05074066273469635,0.02977295316814237,HOLD,AAPL,2023-01-05 05:15:00
129.79528127268395,98.30130376966679,152.2741182534361,133.0753686451825,185.19607170362906,66.41276581988704,-0.0818332207093006,-2.164767403700357,0.19616899846621352,187.83468835136514,132.4738876139286,151.71869041969904,0.7132613961743411,1.3834521772253858,38.5298328383392,26.51114607761642,-63.98625677972498,-65.59176054858646,900320.9254061152,-483880.6667166911,1.0401746968676535,0.31645365344520415,0.03984116495275258,HOLD,AAPL,2023-01-05 05:20:00
158.36982486671405,132.26655591212045,132.3247835182486,201.76635309271495,157.07158079047122,5.524598961729833,1.402882767634366,-1.7971534781916363,0.7274071349941924,122.61707961374147,95.0285152808283,148.30823830300756,0.05430369174124746,0.3959150024307912,23.55194039412996,71.83132824460313,-58.93094931245042,-57.551543910442824,96974.54909386605,-250126.3228175435,1.0519804935986883,0.2748243154034881,0.005673543361331157,SELL,SPY,2023-01-05 05:25:00
124.93958840220728,125.94089617954143,132.15248433377892,116.33496591974202,121.9951931637901,34.30553201935073,-1.860817967880434,-2.6597863682696437,0.9597984620734153,226.11673924728885,86.5854278748954,153.85827108485654,0.5392459280711254,2.22975661125534,76.74897267697351,89.43900190868712,-41.370850852233396,-40.72019978278513,2681607.9344095876,30586.240581419777,1.0163777384797437,0.023787447151699344,0.017826256329248467,BUY,AMZN,2023-01-05 05:30:00
214.35447383320164,169.6443797127203,115.0262150501531,96.3454351304704,136.59653889584612,22.602463164294658,2.668833799091179,-0.207392240925799,-0.2866984465259786,210.30377052641109,203.0026977205542,81.68690939512646,0.4208215061953538,11.766125579149692,88.1291498215106,61.43791023466936,29.16053650618989,-30.630490029503456,1380686.5198726032,-1574113.0821473375,1.0049412609706003,0.18060228453406893,0.03705686832994512,HOLD,MSFT,2023-01-05 05:35:00
114.37204742911462,116.49577781193562,189.61937597962736,187.41473357719417,157.5916023186617,34.53630813631195,0.2864154155459933,-0.9880540587065907,-0.21975168585761387,81.95991848080452,92.26642621369247,123.7728708798809,0.4996918160758313,1.0637956221166334,61.43110491815176,36.7164268872051,12.278991180026395,-64.70607432330657,1648159.2379373128,-565709.3511261789,0.997309621949447,1.68658325325854,0.018251236821885116,HOLD,QQQ,2023-01-05 05:40:00
159.29462130681082,170.72485448012458,145.33625911548233,79.21212700140161,143.34215512557535,61.14640820956758,2.990049039272314,-0.2710791234088055,-1.3966667356870257,201.0348721988632,141.8994302220213,122.60226674447075,0.27592665169493164,0.21141125460835059,54.71256543458151,73.71912637916898,20.574907225613426,-57.46783767935416,876709.5273087984,1313437.0781809485,0.9803865282075978,0.03825039383146315,0.0183610117984999,HOLD,AAPL,2023-01-05 05:45:00
169.01330642796296,189.1160843199014,139.3786736051287,145.46784739607307,177.16871534704555,72.35603502455967,-0.24462075213855192,0.26034626325845367,0.19691480240704445,139.80429814572102,102.18521333669949,183.2254254248426,0.6424524481359506,0.7644928780083411,20.498035089209473,25.247591130459014,-58.82400210191056,-70.40515955202855,996817.9116152801,-1961978.022386798,0.9010889042302773,0.023501282440855583,0.01064997187568495,HOLD,MSFT,2023-01-05 05:50:00
162.41397292354495,168.85608700251998,121.78019796368854,251.76579613465753,103.10677759671991,83.534899975201,0.2850077973440252,2.84745106554345,0.055889279539998754,210.137843693789,120.28185122254939,154.7586610113626,0.2286618385833625,4.44213002324314,45.88468620235125,24.556952847417715,8.372530630435385,-23.89387225329859,249818.48589990832,1612550.9069464072,1.043556712081981,1.0051799124621672,0.021169930619185342,HOLD,AAPL,2023-01-05 05:55:00
144.44137023366875,156.51253070984504,218.39144755819444,151.6146063052822,104.17209412801284,56.391381310564896,0.5277850369931613,0.8713010391326396,-0.8561844540449463,195.31043259684992,123.79361334488831,150.34042430927397,0.3501086848067299,2.9028268404941997,32.4375978820347,54.17517153843211,-32.94452152434957,-43.204276267856585,2408404.619949306,-574038.0268343133,1.0347181077755898,0.0931265297713609,0.06454542135216328,HOLD,SPY,2023-01-05 06:00:00
146.10537900799721,118.36379977297753,118.16679919442761,116.13543517772001,154.42613334447296,66.01367518476201,1.152006900025681,0.10700567254257917,1.1485430150232032,121.94914569992883,91.11786788971496,205.66907052336225,0.23194045356852877,0.5284823704834526,17.522907679385867,48.934619953358236,-30.77442351651296,-94.9554102636209,1046734.9428112784,-582891.5803257163,1.0147409390199609,0.46454492241239936,0.007122869721298485,BUY,AAPL,2023-01-05 06:05:00
151.3143441593733,122.59447101623907,134.27880185984816,150.1632811588226,134.25366758579287,33.73438124593971,3.621746467188985,-2.3471951713120087,-0.7766351599419932,180.12798586538716,170.47579179579395,89.26591511499113,0.7660310333992093,6.140856440491141,63.31527918340959,71.97429534139425,-6.399056080133654,-55.665157298272874,540838.5083485302,96702.83863604725,1.0310381950527479,0.0021438504276309676,0.004477828249189226,BUY,MSFT,2023-01-05 06:10:00
145.58993995114534,185.4885671589,155.39592090715152,150.37437476417492,130.18854155906777,4.954443283999392,-0.876137837561988,0.03931731945239314,2.8473738528450068,135.47049550623078,150.76895012856323,192.43453323774756,0.2635334244165616,1.9467167774523138,17.36550715891432,55.15616893158531,-75.79304963578328,-33.09556234034734,2134294.6465455205,1440773.4258063,1.0881299673877418,0.4500126138026499,0.06346766933127229,HOLD,QQQ,2023-01-05 06:15:00
178.9163735038473,171.38047011715997,160.00532414360694,157.14079809129973,95.95829842476809,48.03890745186599,-0.25580381699700355,1.322762237691997,0.4034462900122984,178.83134273737207,129.3238192417038,150.35383259188308,0.9598913549783751,0.36796443061071055,39.70572368539539,83.93749275509293,26.525827268263104,-47.78580189684957,1993791.5310679993,-1343836.9860952508,0.9744278698427589,0.3827868899615784,0.0012412429991901887,HOLD,SPY,2023-01-05 06:20:00
216.31569004774053,146.82941441867368,168.9483013803921,173.19241542910783,149.58637534394546,52.97951718881484,-0.03847017823785066,0.5862589622841101,-0.02187313754468159,161.61125335394328,125.62876887317444,127.34487476531,0.31089311505620293,1.6987700721299583,40.39617175555539,21.237796571386706,-71.66125963421783,-16.92922169333875,539.359611131451,-531435.960050147,1.0155803581529566,0.9485568859308969,0.036640326543483426,HOLD,AMZN,2023-01-05 06:25:00
133.27524644976498,135.46271362702328,190.19021269423158,118.74844261223234,147.41734675997702,40.35217421539249,-4.630890674731235,-1.5717915084740803,1.938942130635714,134.46784612335077,167.2123238311025,133.97182594967694,0.342439468088516,1.2003225547317786,29.268094069496662,15.463290126436698,-20.560858002350972,-71.51364475214852,2588103.3103390504,735513.3329137911,0.9379470635153583,0.691340280792315,0.04811359937645132,HOLD,AAPL,2023-01-05 06:30:00
108.90591061262766,87.22576380665869,157.6539413865178,206.0015377675774,168.6043694585522,54.75232502787842,-1.109813739977332,-0.5646743193611741,-2.283035622295226,113.20565518334564,142.24966099317314,135.0551735167258,0.6816203306524379,3.4262405048508597,48.964200387150115,56.47163280052106,37.0895643402972,-87.66024478027735,451656.4827774472,773897.6190996732,1.0869649243670367,1.134835898280859,0.0049545859421314,HOLD,QQQ,2023-01-05 06:35:00
147.35153854946236,115.87442743946684,118.59923000083332,159.84365709992377,151.06718399362916,47.56902410250651,-0.9796948462636729,0.11005939700200311,-0.2862218478597265,168.05254391009086,192.14177382560956,195.00232926310153,0.6508167126580084,0.8436769347544656,46.708679306944575,3.2736436252846417,-75.57487695440348,-58.211671015828735,548435.5726284807,1806601.1161088238,1.0039476534094076,2.7466202216386635,0.011092389804256949,HOLD,MSFT,2023-01-05 06:40:00
227.39128012962954,205.3425726141917,138.57637187195547,175.25740948485773,145.0218776527851,35.61500278971002,5.276205352016981,-0.612169268533413,-0.43354717207539323,176.2425342250112,128.8094133618428,157.17573809855054,0.7505462402173578,4.158536230829222,44.73515192400426,44.23560623776435,-70.14042447158268,-65.35258660604633,89173.85266115314,-1085395.484273393,0.899369292257277,1.5855912805483436,0.002625615023638472,HOLD,SPY,2023-01-05 06:45:00
125.88976296090807,109.586332869926,152.69580931284713,131.89921920781944,184.31001910371012,60.19213353882812,0.516941370744443,-0.9256588963067574,-0.18113676299268214,154.47537053260388,150.63947788947405,170.59381377090065,0.7708067115304116,3.342311619223682,79.02896505548047,37.06215741870672,51.77903356526657,-29.40083234402988,2100274.167530995,-1179383.7156058182,0.9813849114835542,2.711316400036407,0.009144651591634943,BUY,QQQ,2023-01-05 06:50:00
199.17350416332204,153.68439463663242,196.7056510376456,193.16422838385708,109.62598089654351,68.35647098892417,0.986964637943771,-3.220802689584688,0.22612303854827148,132.90562608669674,109.21478042901744,127.73511458186267,0.23810770645298987,2.2454213803077447,40.90048434599118,51.032592826349656,-53.74422186792535,-34.572846508729874,774801.2782889358,831938.3053690104,1.0648821300858424,0.05575137361711401,0.012224803358067991,HOLD,AMZN,2023-01-05 06:55:00
200.3310244222932,178.22331919585596,110.05486303939257,143.77432291798192,165.0916765654273,65.90606984449433,-2.937331053318362,-1.1522718470044246,-0.21057796153695102,143.0875068296003,129.1687975065496,153.33515432112995,0.5708720954813519,0.5984494596207105,59.931592828085755,50.332503930932596,48.390472598466516,-37.08633747741348,2361318.7816943526,-659451.8033629399,1.036317121552984,4.639657558300845,0.0142493862482449,BUY,AAPL,2023-01-05 07:00:00
133.39235274876017,110.35231995993122,175.0644126306307,160.88168043179303,98.86558505613954,54.90354905324975,-0.125455757959395,0.3767135299750519,1.4010020564491563,121.63198152612759,165.93772631093944,177.27881700536105,0.5997405350255531,7.035209127363773,44.16516175640257,6.462026455922268,21.9647449925489,-14.756347977022271,1517842.262431599,444773.0263176019,1.0827085767888356,0.3886956441859578,0.0026126420359091486,HOLD,SPY,2023-01-05 07:05:00
167.06949237555827,153.5413142434325,149.49785923866042,122.14060553001251,123.84914359997578,49.410022433765896,1.8721972891551646,1.3126739348167316,0.43537346726797804,185.7636005654183,169.47047432955148,183.78494865230095,0.19627074737988967,1.5910987319107115,24.660201701862466,61.49792000477519,-66.99450719897875,-37.87942740619506,2282599.392289283,711609.7167732394,0.9945059395125794,0.32395605504791486,0.010337529043896237,SELL,QQQ,2023-01-05 07:10:00
198.85189869385613,176.13746612531966,165.94576338073702,120.09818795513195,112.62028602130059,19.344638894984396,5.033293111587732,0.11423851536937511,0.4839894646399734,84.42341202654522,186.0328256929338,109.80739227742103,0.3492017507520611,4.761395526642603,73.16085749112206,29.43245579079664,8.560400317278475,-71.31195866451033,2961497.738726393,-1638404.2373454343,1.041451575806611,0.5167122299745222,0.019624305191728645,HOLD,MSFT,2023-01-05 07:15:00
138.6261677703754,148.37497965721752,142.4501320841017,174.02256980649224,172.45827606355755,52.594780136818954,-1.3685959588077345,1.589173259139025,0.46234581587277374,193.3103695750722,151.12650464831898,174.25716039914144,0.1975463845806081,0.48600360340265,47.52528531728821,31.148916937322614,22.648693866484194,-28.66538044552095,2170718.2602005815,1837066.4176246915,1.0186921024313915,1.5292491196207776,0.013868651660245007,BUY,MSFT,2023-01-05 07:20:00
143.89258919692915,234.05209167000305,123.93918424684185,137.80458143336367,147.03769299213818,69.19535399267838,-3.6311585795790293,-0.11785402123318994,-1.288400133542527,157.34218269902257,170.89402204847642,145.62412337803917,0.47521101424821865,8.194092667711715,67.89103624699364,69.90383735222717,-69.72190413911031,-32.09085697342191,235513.8485299788,355362.2855339023,1.017486504636898,3.0853233880483164,0.036829860008678834,BUY,AMZN,2023-01-05 07:25:00
132.5495725815407,97.94202223365414,163.7718194850333,124.67766119985993,148.5949026622107,30.606065866607658,-1.550735169173149,-1.316591002984353,0.2019661426173398,178.2574494105596,155.59718328138933,160.96121307723595,0.11192171915842856,3.3862829392637432,40.12986056950588,92.12628015083962,3.03927908109405,-4.914362971516503,72691.70358843652,-582455.0514887958,0.9511790483142372,0.807964887492421,0.06034770582882587,HOLD,AAPL,2023-01-05 07:30:00
119.557298079214,179.76185589651638,161.36077567764053,131.41813305513503,115.79801036811646,70.13010456322547,-1.542652283114725,-0.7110138868548476,0.23646667593104356,181.69146434232258,129.67432085693352,134.15985067948995,0.18264551696099485,5.960776531590594,67.16008588853212,47.847855390163666,41.7866862865102,-7.91393199075592,968250.4903630662,107210.19533390582,0.8467253198725372,0.1676939091548432,0.03394942693868109,HOLD,AMZN,2023-01-05 07:35:00
130.5216736480198,142.81594787810607,169.30142414349305,174.36649829495747,140.00919512201332,35.75278203632369,-1.5239544634132958,0.7485205381696854,-1.1243074063213536,164.1052153787488,102.14794926909774,195.77438236529773,0.5792435655760926,0.47744284823434263,30.584439257377525,29.57982105471962,-4.087875951685914,-50.293670707511886,168485.2007095837,203173.79474360446,0.9972026287066497,0.2408675743193622,0.0009708217995324886,HOLD,QQQ,2023-01-05 07:40:00
113.2817919971323,171.15760464510026,144.6673841155341,131.87078844148445,126.09604090072665,92.39838797974573,1.8150141259412518,-0.40212166332824706,0.8859999747748353,146.3489784669753,134.21340418702616,157.80537226869325,0.2719332849198151,1.126548217917236,78.40527478925154,41.201915814468016,7.491921656624514,-26.88799615846012,1988552.9125477492,254315.52724088653,0.8952164709928779,0.5198185054510377,0.00483309530630013,HOLD,SPY,2023-01-05 07:45:00
151.02250404777678,161.23921455097738,130.00444941700377,148.23504218873074,160.50365044562648,29.789508047478545,0.6855680876479182,-0.9637460322889102,-2.037413653353657,198.71465484133185,111.3677244947516,132.35988085567968,0.15465148498672165,0.20546997925859142,28.097874868793625,66.29348580248316,-7.003183935236208,-21.15383274094694,2946110.033775309,877197.2536558064,1.0299898985409242,0.4553234332299955,0.0018336962280630573,HOLD,SPY,2023-01-05 07:50:00
126.90080306824076,126.0053140867001,106.03032512440396,152.4808880091871,119.26726594005159,28.031810526384206,-2.2568375153061075,-2.336308357224423,2.519708077376307,99.96382559028402,166.36485160719548,135.33226770061168,0.6582500599428306,0.29461074032653056,22.832884383406,48.06884225963672,51.174062229719866,-33.90452674376696,129285.37730643092,-566512.6828497192,0.9790104665773025,0.27216311729360526,0.011377296273966475,HOLD,QQQ,2023-01-05 07:55:00
157.01357735372244,154.8698917737802,165.48433170348517,90.64483564767043,188.89383095615227,75.355013609949,2.8324066441679348,-1.3397636714888432,-0.037528965125643056,205.5627468325897,167.7837966748328,175.78229450609905,0.5729367209636281,0.6680347625351091,94.48146465893431,42.28141596393765,-4.855799455651335,-43.40312126110285,268977.2092621225,166306.42655106864,0.9581480031258216,1.8986426014483684,0.02573263086928546,BUY,SPY,2023-01-05 08:00:00
103.32313061389118,92.26295645805138,155.59723706109966,104.92395502804743,98.73258651127716,36.76668938961865,3.7860722908070414,-0.5956191603142258,-0.8554517117689004,120.68361144041842,114.61186163436409,171.6457929338694,0.5991296965594557,6.0575715618386585,73.27061390692627,5.104930698110474,-34.88728228058346,-39.76295202447596,981429.7221240964,-304691.3697773668,0.9568166877330206,0.3286602589966636,0.0006578099708521609,BUY,QQQ,2023-01-05 08:05:00
159.92640696643372,166.0974250171418,120.85543417840101,162.760892455922,124.80440502630316,82.5073500077162,-3.4100175454769186,-0.8719596029305687,0.6177282421009959,148.6037239839123,167.8036421359136,152.41711402500988,0.35405544322904553,2.200377147425621,43.59493087395868,71.73048122508338,-11.22700468173087,-75.16931543765159,1291922.4978877318,350243.67280230764,1.0038918204322433,0.8983357684929535,0.006213536470042792,HOLD,AMZN,2023-01-05 08:10:00
175.00586884826774,156.94475397971576,131.5356581675844,128.4150604431137,199.31601529898288,60.546071077002104,2.3552959689859865,-1.4618989583310555,0.626153713823183,210.09594145154793,110.4923810840693,138.39548931020894,0.4566793501003451,0.7555996134582984,53.88022837800025,43.958956364303,-78.19029416157602,-50.60173806640594,718079.7012439399,161174.90968979985,1.0478799701189394,0.6525865120634339,0.001972095000112607,BUY,AAPL,2023-01-05 08:15:00
90.18793072285634,167.15980505929306,133.331029701214,185.81519716097338,135.94583756113897,76.61951586483552,-0.34023615046245076,2.336065498146366,2.0461141976684316,238.0312625019317,176.11571116576226,178.65379571697224,0.22721201144976041,6.183311311527872,64.21507265582717,82.33106324724056,-150.71249163349202,-42.52784656087825,460500.8811542359,-2030046.4290319132,0.9852159099659349,2.569944500186665,0.010556316252523425,HOLD,MSFT,2023-01-05 08:20:00
161.22169709542717,179.7435497526145,107.92538920043955,182.93782733601742,109.55364006786765,33.00737875923674,-1.884026660237134,0.9006014239366584,1.7821762156682432,166.36898821576,135.95841413702917,134.21498254226015,0.7146136119042007,2.6920822594487572,57.16308320569221,7.578492561371014,-41.3957009411622,-38.682353489666006,365319.247436368,-661255.4099006938,0.962160596502103,0.991338683050355,0.051894064853811914,HOLD,MSFT,2023-01-05 08:25:00
186.83006977419876,159.02859520629133,124.55794008487166,175.013397323374,155.57214687613006,43.81645651792035,-2.910389991587047,3.288203565378283,-1.3298328304564078,112.58880980446116,151.4691380292482,132.70605302283602,0.723946286942923,4.749860294495036,81.02927338289707,24.332988581234126,76.20875424339152,-34.00807045906906,1096518.8243271452,-1802164.44314611,0.9628474539503001,0.40360702684602034,0.010648953251139324,HOLD,MSFT,2023-01-05 08:30:00
113.71076943926384,152.4426825939483,116.65424107984114,210.23269719400312,134.73823273356373,52.083327592764995,-0.9055699032739738,-2.4078106768155947,-0.2700459445560376,189.88735477100386,176.23397429208686,225.782488587631,0.5251788804671601,5.24064998847472,35.65488689208663,95.69639630247293,50.94171914258262,-18.707640480171076,1364773.5572404803,1778250.5308811315,1.0810082477813154,1.018023936113554,0.020142618087875465,BUY,SPY,2023-01-05 08:35:00
200.1771716051311,121.56794990016124,134.68802470280158,149.34114151221814,123.92389233145083,70.08842194504598,-1.043710915794308,0.4697155883065325,-0.909654348020648,158.63397533126727,154.9223425875401,161.3610587972328,0.7402581712217492,2.7787562212800845,43.20826188302524,43.48041803242595,-82.15405587781333,-45.173849717761975,340852.37006207264,924161.9895727533,0.9976633591638998,0.384055726799968,0.009788627968273683,SELL,AMZN,2023-01-05 08:40:00
162.57057028098134,126.63337709052847,126.53256254176092,172.76422162892285,116.12387567603848,10.148877168526532,0.29498725502266865,-0.6519133635814905,0.7421551742781722,122.82871668035799,136.6602583274909,147.53341085216883,0.22014807208085352,0.5571366047280059,65.1913712455686,61.849822384335496,-52.45503823086298,-26.171728249639187,394518.9391983545,-1257639.7284453246,0.8631642404398181,0.09526674152537469,0.02629482953377054,HOLD,AMZN,2023-01-05 08:45:00
128.84964432724774,183.60203860531993,104.32487697833128,133.299168748927,232.0512081687783,73.71779732347153,4.292085361347243,0.029479502772810934,1.415005752824045,167.67095747916514,161.86668743192757,136.67002983004306,0.9763089265033648,11.361473235799151,44.19469374305711,29.245019250803324,-31.196135328387715,-65.31719667885594,616310.882609944,839761.4059666928,0.9803752694967434,0.6639881446324224,0.027175705481779052,SELL,MSFT,2023-01-05 08:50:00
148.32692767026882,191.09006217117937,195.56475576423705,230.47583721179916,141.45344299447592,52.538663728494384,-1.015842652906129,2.7761604690180235,-1.3165853859030257,114.15911743038689,115.81347195995801,143.69195448934116,0.5045203621193753,0.7863543500702245,35.92329419656174,47.90532741020641,-9.55140745896213,-39.883221656840234,598231.5930426077,-452295.55288982356,0.928293736558793,1.967529440026732,0.0029711168623838603,HOLD,AMZN,2023-01-05 08:55:00
166.74980737565167,140.8566869106384,176.31351827573076,215.4762768779526,91.23297919001368,64.11595882013228,-2.8131284865594677,-2.6092392996773768,-0.06320453445223755,166.82664781932763,91.77514867460425,187.4359199340472,0.373242324671639,2.2276899355593884,54.507021669641354,73.98302960147436,-51.523811518231454,-25.731051074111583,1849312.2173615224,175583.97154512885,0.9691316063279536,2.3988862156170017,0.021180432147746994,HOLD,QQQ,2023-01-05 09:00:00
152.28016174237234,149.38008241759823,125.52451446200035,152.38017390456935,193.81129277016603,41.551368033528256,-0.6603571495403759,-0.8590712453478009,-0.6318646048146721,127.79147712115487,168.65069285773103,174.85736511759885,0.4040333161852905,3.726232056363649,52.27379166450233,20.65790317020913,-30.625294106564137,-16.320661217092056,574314.9904847562,-2026797.8310665593,0.941127987777601,0.7846969334883995,0.009766709633558208,BUY,MSFT,2023-01-05 09:05:00
166.16267977339106,120.86156875018702,151.81053491634026,164.37075935696615,167.33212715331712,79.7253520901042,2.084013988720535,-1.1221933179096844,0.8444399482528874,91.12043964349135,107.1837686177448,130.53209125946017,0.728957520380472,0.3851098658866939,80.12068730245528,32.43041267274033,51.23902034259301,-40.74038492199147,3835494.700176353,412420.96262505057,1.0953428879443605,1.2023869848740052,0.03928614223424475,BUY,MSFT,2023-01-05 09:10:00
122.37979220761902,183.18270535802336,155.43662724553238,195.49752317967378,126.00600706940637,17.758162804614496,-0.49536291619300166,-0.8550659886255146,0.4094854578835981,101.83966183281613,163.04625926072075,140.0986756629898,0.765134376376313,1.8783086460061904,35.70521271357758,23.973869989433965,-49.98735823906034,-56.122755481529964,372460.8471635719,416422.06306102825,1.0159311607582076,0.9433827804510703,0.003435150123327071,BUY,AAPL,2023-01-05 09:15:00
155.08082472108234,167.96250471075336,174.77714636933692,147.29153584594857,121.00642733941575,62.83562091394741,1.302954493415022,-3.1660212713826223,1.1758142234156344,138.7340869993476,143.53081906177167,110.5368869381365,0.52333477636057,0.9405602210967626,81.87005468480886,25.971028410701045,28.09551688499364,-61.10869990731541,1180324.0100423603,-1794635.092640537,1.053342328813247,1.6650818709778956,0.04554476606147878,BUY,MSFT,2023-01-05 09:20:00
107.5885650928506,206.23652309391247,124.53487433349804,130.98802973440945,169.20418388474693,84.07263438895697,0.3399920829443487,1.9280552415565886,-0.42106274958100975,177.56537778925625,139.63756919354944,157.895634997026,0.3517345582993331,0.560192686342342,77.49983476516063,35.31757246919818,38.09587352671752,-72.73422614579295,1422693.8800246806,1286684.4833319373,1.0945898054689083,0.10894991533205468,0.014329225189627107,HOLD,SPY,2023-01-05 09:25:00
146.66321815953899,121.65030768460784,172.30266959956066,179.96767203222024,141.59245017531637,24.243590414311207,0.12232976631331478,1.9876440841572296,-0.11664924688905683,203.89242674682438,116.374814588799,30.968656662178738,0.29360080081056,0.023683298304926173,67.61969655555598,23.279240887362132,119.9311825831732,-36.68299187669636,995344.674020369,1157315.964033369,1.0145929524217019,0.5131149833444597,0.00590138360903589,HOLD,QQQ,2023-01-05 09:30:00
122.8827707560563,136.65976302945347,131.30236739482663,154.51005587467745,91.22066544664696,9.356867329348539,3.174451507651112,0.8728219493640604,0.3941149744146093,209.96482257042263,128.74282882247064,103.7678288962267,0.6748036974660574,4.111044818020328,24.211117705344034,51.35037224691597,-34.36636286346933,-70.70669503357547,457360.3109191397,191757.06872388333,1.1275668914570334,0.2917981725177229,0.008149207697412616,HOLD,AMZN,2023-01-05 09:35:00
127.934101722307,154.94337767576718,111.60343989578466,157.85582238864833,202.61719893814006,79.11400379516921,-1.9362620185047354,-2.0075648022536523,-0.27105016953587724,107.08009404120772,140.34010183302135,152.76900883083442,0.6739937500987268,0.29209084291620785,56.7952176967455,18.990498681664533,-55.90783243160104,-64.42497539153491,297618.27820486046,-393822.71056748217,0.9234249667065524,0.00659761207591205,0.00010047028333258377,HOLD,SPY,2023-01-05 09:40:00
187.08279525631312,167.3946861317731,163.10341398286243,125.30331702182511,135.9802861335213,72.71253457707648,-2.0813191588343636,0.4164619913016346,0.29900153621634856,152.141392678118,144.96432529185617,71.26273507656147,0.6739895100034494,4.209390058293848,53.40394177188569,5.269833428858848,-85.9953032711954,-17.750225769430017,927053.8533665495,-293366.81857705134,1.0705050459556718,1.7714857776204778,0.05987840883729252,BUY,QQQ,2023-01-05 09:45:00
182.73930361782806,141.52997087357102,177.2689606030607,97.03449125237131,193.8671520944728,40.87235743571899,-1.817586934391146,1.2989779994432942,1.270148421966446,138.6417642510929,117.4237905816022,218.52560853876648,0.6322213483355494,1.836037442017849,60.403288122738296,21.177145171304556,33.023616791446635,-59.64431193272848,1074791.8219735727,1646449.2836971132,1.0098747694062666,0.14408478489767518,0.005097194672489008,HOLD,AAPL,2023-01-05 09:50:00
168.27414362721532,121.811167286389,209.6977243382671,159.55655711613124,187.35304873897144,50.40702433230554,0.6906445149406498,0.5825732653577922,2.1335972795408114,156.27876766655135,158.59055204434407,123.40005565453528,0.40901844510058377,1.9407313329555191,66.7421127241242,10.524647865817045,21.428470822465652,-17.960948407423878,297896.98260738025,1824101.4800794835,1.0435560780902615,0.39063869620319663,0.048100488800878874,BUY,MSFT,2023-01-05 09:55:00
117.23061705982263,174.44222586770712,115.00686837274466,180.95878532781438,118.96971366551557,60.66734375402253,0.10686350531086994,-0.07404100006476712,-0.48833077934404806,209.36616392252944,160.1793670578149,164.51377981896022,0.3817534808647338,3.5281150040360734,67.94054767537295,51.51986767869451,-5.175683325809123,-47.12714636595462,410210.00449249236,-551929.0966392674,0.9928455646987269,2.016479615967896,0.03834152428770547,BUY,AMZN,2023-01-05 10:00:00
140.50774650915594,169.63406087636744,162.47299212701972,144.77418402956667,179.99569593089444,74.7950452197533,1.420260058876951,2.1158705981598365,2.147533132779986,165.64031965655587,152.0971574662204,188.03351783754266,0.7807083705353092,1.424420041565252,33.77000371999094,40.58304765804369,16.156687384876413,-29.246121400830866,1980958.1228661267,-1741973.1246639653,1.0327356138265888,1.2776822663003549,0.008587306088152164,HOLD,MSFT,2023-01-05 10:05:00
186.3929309993755,120.51177698308825,134.75496890516166,197.96574462588373,129.45672350408955,58.9317352627814,-0.15209437796783348,-1.0637098149514428,-0.5022926700770772,190.3718436186509,129.03299728468053,158.0568183637302,0.5954257604947427,0.8841064317988904,27.968460869880357,28.700813134124758,4.148915508578183,-59.77460533063527,1663432.4192901521,-138562.5843272869,1.0212410308231,0.8386661797383607,0.004737544793747588,HOLD,SPY,2023-01-05 10:10:00
154.25150740919713,188.66328403316487,164.5839677631008,129.47467758670257,92.99898239588174,26.742555545859332,-0.3912055248555211,-0.2532482972692801,0.8689265622845058,237.40144835412994,161.48661038128813,149.84649734453586,0.6722208160240701,0.298872549553432,45.44900441416061,68.37954109620873,-20.433232515735785,-82.28831562349845,203072.33077550156,1280567.5537181261,0.9951816768892384,0.3714514906019651,0.01112374125933238,SELL,MSFT,2023-01-05 10:15:00
219.57988619945084,183.10596127589812,108.23776121921874,118.24945744109056,136.26205501933572,25.49365221542386,0.6583131016864421,0.9384004943369619,-0.4943960680827652,105.22996331599508,155.52648525768402,132.96681905900468,0.49997651842595653,1.6898730799710053,55.94579444605888,46.103815745287186,-16.785407925910768,-78.15394895519037,2708387.7740692003,-655348.1377192368,1.0071889751164234,0.7242708874565631,0.054231031759505416,SELL,QQQ,2023-01-05 10:20:00
161.79953518183115,152.02889491743377,113.4307556075359,149.8486301697238,160.92912505328837,78.08617594512451,3.3929164404888605,0.4767614362873554,-1.0295928602564584,143.37705603255105,91.1466856426731,110.45783191163542,0.5954647752675936,1.6111409547544948,61.41192016824755,15.780221493132352,-4.839724138772206,-38.686267112676624,988949.725736241,-1038221.3604795705,1.087871393389859,0.05788109742536414,0.0386369377648776,BUY,MSFT,2023-01-05 10:25:00
155.76147349470094,150.3879358712811,125.6031294208379,149.35703758875871,135.11790056010986,16.261125196454536,-2.3245832964016153,0.8399463604137254,1.2227260100852637,179.99291548723855,145.2829257356386,135.7315755712015,0.8768761343741677,0.6959868627376333,30.643895025600305,50.4201318437884,122.56633038646882,-50.26214743544578,686677.7162028209,1894352.3662321607,0.9635653531421963,1.2993736294727904,0.013412777567668012,SELL,MSFT,2023-01-05 10:30:00
140.72650607392495,164.62173313347722,146.9741011417021,176.6389994027271,139.78854977224697,70.58683811034808,-1.840312628196435,0.8003049589500653,-0.04914978753855528,169.3293005396906,188.328912350177,153.09093896797546,0.2541931466161136,1.8328661122709506,77.78148895941393,71.22493419897438,45.52405272838344,-9.64237053035138,224224.81949368343,-1458285.5073928635,1.0770863120752419,0.27091104247460457,0.015773282391655666,HOLD,AAPL,2023-01-05 10:35:00
154.00622714346846,122.14890789231225,128.97296833654113,127.2011896299525,183.3069813478584,36.406785381784736,0.08219470382089965,0.7872999157930003,1.2839983334151266,196.70306598746726,164.29812734158904,149.2216675386065,0.18587801239363377,1.1573771461694318,75.951293036734,52.187387578269664,-58.25459950095869,-46.03314736625363,1310056.4445498646,1406398.9654979063,0.9625959386248815,0.6523896583657376,0.010506820138243816,SELL,MSFT,2023-01-05 10:40:00
145.4259049085837,148.90094437492246,161.47635859783549,195.77901557807672,152.19481940870276,7.184212550732075,4.064947322274659,-0.5472276085185481,0.752014046061744,146.56688730484854,168.83636602198527,121.35223480133035,0.5671187463531501,3.274956321833267,81.34855938248079,33.87410251613472,19.857239524006033,-28.14932271345724,2535717.3473866233,36422.88258154546,1.0333323911867147,0.09923457505430441,0.057919898722102826,BUY,AAPL,2023-01-05 10:45:00
171.2432603006577,83.42849366172459,170.67236545644786,214.94134280026412,123.70105066145143,65.01301016920351,-2.1432983073367864,-1.046258306466428,0.41111414131397833,167.20980062833198,122.47194470677293,181.9032686756177,0.6380055080824816,1.6396272737537754,94.25278380325388,51.70476449558772,-0.3511366599578671,-83.66936392894226,67153.55690180416,-65842.96592572171,0.9972695490402393,1.240595186291481,0.09004874875243109,BUY,SPY,2023-01-05 10:50:00
178.70106950383752,174.29366936508808,159.98943853113389,150.74739113701307,170.06090971001979,52.85321865573067,-0.0199906247556806,0.2057081795663797,0.5511559752582244,133.5322409406138,143.14103090368798,107.08319914334972,0.6233164698342673,5.426484905486763,39.83018516399845,35.50579448456285,90.29196654778148,-18.718434646183596,735521.7664517796,439988.3415698682,1.031449477719611,2.2617438774673264,0.006825971845850894,HOLD,AAPL,2023-01-05 10:55:00
126.42031618476152,101.15520332674421,185.4696909915217,191.9907334458982,154.93026700862737,51.55250059140541,-1.7548040319720308,2.26678306065216,1.0886435432988102,197.23522124272597,135.4215975120689,167.84729874042887,0.5857084601005795,1.4595516605098775,69.23748587642022,48.31879543178166,62.94007020385655,-67.55756547105742,2096645.081007773,-92718.2903141624,1.0151959347071968,0.608689025079983,0.05980329926426452,BUY,AAPL,2023-01-05 11:00:00
110.06301139326666,193.10259485286997,155.39566573638356,118.19209373999168,73.3518559561387,35.806562101645284,0.7963575760306191,-0.037291053415742056,0.9264481468249857,161.4732456943674,139.94412124721333,175.521146507965,0.5993596351444396,4.369520616991403,41.85763574969471,62.71449814423746,-5.035825275769541,-53.04470863728906,3047507.769279678,-73142.42927447747,1.026059726601879,0.0868937226767886,0.060084270981494374,HOLD,SPY,2023-01-05 11:05:00
94.9138388069011,138.0963971810065,114.57758224149582,186.40708931782132,161.85058741314347,90.05192365981986,-4.128524544890844,0.8990976163893278,-0.40452976354780945,209.1319591110575,127.1425173038935,157.14058934485868,0.5577905701652497,1.4701276230109748,9.66801484359428,25.28062733712873,-1.4156532488675135,-32.261860771354975,74874.15821395277,-873241.8725580784,1.0318381459885806,2.9017841543376823,0.012827956794617006,HOLD,AAPL,2023-01-05 11:10:00
165.2397398073763,141.6499905420647,179.0844128384585,185.5128450739028,160.75486123148306,50.11305056098537,-2.072343443175568,0.16865598916826896,0.42293443184520274,209.38748718209328,109.1177581652291,199.91664106508404,0.7226491547936587,1.6330482825448345,37.833258268648585,73.06831250361516,-56.828699044003415,-24.709894075703755,1565683.4054145338,-362314.93996429804,1.0096390092728413,0.5924864802233614,0.010719514566997546,SELL,MSFT,2023-01-05 11:15:00
116.89900181478379,129.16798281746483,129.87109410985008,179.62999296607612,149.6036338874258,44.31908976831045,2.5566884033118606,3.050587782324438,1.5006153871350185,115.14336152630133,141.6083510204031,162.167219963725,0.7728034208474807,0.9139631562337776,91.42246235907375,27.9101771114588,32.74861215386877,-29.681264748995755,330459.08752182557,683009.8074572466,1.062492716090775,0.08375065016224757,0.040697735609097244,HOLD,SPY,2023-01-05 11:20:00
85.41328221142551,139.3588337823377,167.76046249213925,151.5019811561506,175.75101743208725,37.06493181302334,0.01864267559213356,-0.20687406158925675,0.045290447294866885,214.77351722600363,120.4840594390685,191.36299339620618,0.4155029468433722,1.0222150718675247,89.2240744792353,43.436044649002994,57.32707698985161,-53.34510311498889,779804.482632038,-1195378.5631511703,1.0261743570290136,0.20878107906878507,0.05731452386656907,HOLD,SPY,2023-01-05 11:25:00
161.65735813592892,190.5559403544411,184.34335541387765,57.464033880255,128.82819247020493,24.583646398590467,-1.4906885900995752,0.9042554789167616,-0.49409266627603105,192.5880282114395,154.6505936013784,69.99480702760624,0.8185239033742894,5.409157087317579,37.71127903584653,53.89817044878601,6.087477677193468,-48.43228153828705,1531239.1383947607,873171.5148187826,1.087664016876732,0.12765688816423124,0.010295986187529084,SELL,AAPL,2023-01-05 11:30:00
224.78998552298373,73.36574030394762,156.41720026826,131.46473140313185,159.09499366462703,62.21184281316281,-0.09162208863616059,-1.078333479317219,-0.6213834467477355,154.52050476376567,139.23280951539746,178.1381811744682,0.313152342851305,0.5053568927829495,39.07896632836253,20.42642587514778,13.225903969846547,-47.03631234313971,787753.557980345,-183382.4039102569,0.9889053967257324,0.22005499620935873,0.013553427803498512,HOLD,AAPL,2023-01-05 11:35:00
149.8178726538032,186.30896158264562,107.59602967088375,131.97068743409272,101.99121886497942,39.67729858252064,-0.12659051773159724,-1.680659955187099,0.8491543040802064,189.44296273561795,91.82011406853852,167.5703264028224,0.4540875547727436,0.25898249385425487,39.906049601607016,22.430188229957963,-16.325372780889005,-42.83798081627003,116601.13580045533,-1198552.3270686495,0.9632837868026534,0.1693495676302461,0.008136296185396671,BUY,QQQ,2023-01-05 11:40:00
175.15472323354925,158.14070443305124,122.0446958372552,120.69584198206472,161.21271150196495,2.351354203975994,1.1216161303219814,-0.010352591398730224,-0.2404251346503542,142.22395239739086,174.5457340760709,166.04565247919933,0.4265243218228848,3.5463965397099786,30.36208466833747,19.54319395448335,44.08936357129633,-53.980113189418574,892903.5111131439,-125076.87878243731,1.0230170863335164,2.5623617481051766,0.004687739001112872,BUY,SPY,2023-01-05 11:45:00
152.45488075642695,111.78935056428354,178.06861167212838,155.9117761455061,207.5917908661969,30.669939456218877,-4.151569530093189,1.771646890807617,0.3622350395549847,207.63659591809733,150.88300950882513,168.5155084081059,0.20580020796202828,1.720344493718637,58.54417827881472,94.46079274925235,-67.05895490652819,-60.155240622148064,125348.85790177225,420649.3687708754,0.9285065052983282,0.2345512626940911,0.11152754389776227,HOLD,AMZN,2023-01-05 11:50:00
147.03331040426573,115.74062820852286,140.7719328589296,138.5931697433205,119.15430942597376,75.37788453329676,-2.073334632305086,0.9503834116913219,-0.28806388987016773,163.47146428508458,128.55091929105095,135.5665011771146,0.27714445786546177,0.6699591828332029,65.23917814442524,53.45985916962114,-55.926371882428995,-54.516851492393094,426857.97098643536,-787108.5846305009,1.0545342533156845,0.5833365760062323,0.004185547172218516,HOLD,MSFT,2023-01-05 11:55:00
177.57229448963307,198.29179081624608,146.98933837355415,125.6124156875193,126.20593604036675,68.1624093921481,-1.9097484621011234,-3.129600650445587,1.1739456577013931,191.07839858221044,131.59033858994383,172.7663262954179,0.7047569482361226,1.1326774436072125,50.03092834173686,64.11724769077934,46.454470429742635,-44.50251296945305,816968.1263933065,1410866.1406675777,0.982412175221438,1.3088849163834477,0.033659348032992205,BUY,AAPL,2023-01-05 12:00:00
141.29176367434047,119.63479360171806,163.97061040409022,118.11839525606976,127.69953671325344,30.489553028851464,1.2588424941668612,1.0992889238202572,0.1502164142534984,137.92009990249878,109.29699149814523,203.44149430287015,0.6720090394867375,1.4884819445506046,3.931155293639177,25.90365707073781,-70.52762843729437,-61.54065314516339,4757736.096064724,908851.0999616359,1.0459363315870336,1.1300197685465052,0.010914682252238676,HOLD,SPY,2023-01-05 12:05:00
158.0217694221571,113.39948468212121,162.4080715520081,129.10358446447268,152.89994677404786,73.72201888239894,-0.012620727329461156,-2.297025604219205,1.4281692662332854,169.8597801399824,138.43955377104066,93.66526174160683,0.3134531630914272,1.7936638608705582,21.280385160836524,73.9231905700574,-31.6743813897865,-81.26750680984738,1298028.2620155397,634848.0891819398,1.0182379132113397,3.1342173780766105,0.0017474463892422154,BUY,SPY,2023-01-05 12:10:00
159.6509341858804,182.1194362709419,151.96999530963652,187.8879747791977,117.10891181438845,79.7504400437062,2.881199784158778,1.2599882495555788,1.3915440833480848,191.00805132601232,157.0295033338238,185.69828787441844,0.7003360445588382,3.441309116246517,51.512182586824416,75.05871319968475,-13.925158686628652,-34.158561264565165,361404.24345011753,-246643.04527176515,0.9979170653357102,3.3822646280090596,0.007858791869941152,HOLD,MSFT,2023-01-05 12:15:00
129.95728639070853,158.15658628857742,139.78329071948835,130.8471982519202,161.6374213607294,85.15601952952063,1.6582829611167713,0.8166145962864206,-0.08814491896441783,170.77126946721816,183.62293656936782,146.13551930098242,0.20697310720566736,1.0029137208654082,17.1802035821554,52.11142471195276,23.5591548381777,-52.00280980577728,2091938.1491703643,843815.5368660699,1.0162756814784333,0.8455864772087591,0.0017358508124712645,HOLD,SPY,2023-01-05 12:20:00
179.7612704860957,119.86223270390803,137.18328885669106,135.52196139413527,174.40519836407495,76.10336246727762,-0.6918094444080075,-0.22470816876275754,1.33334392748678,179.64895612371117,137.78315540842877,130.21291383357348,0.7013391315852506,2.2571315773244773,24.201035509717194,28.479145344915352,7.69596825118877,-21.73440761797982,256373.42883948007,1153902.1387443065,0.9284671654219168,1.395552843067005,0.08029187624616425,SELL,AMZN,2023-01-05 12:25:00
144.75120729913775,154.49874926213857,166.44747063228357,137.3856763192561,165.03041640361354,44.43620841135948,-0.09909203559104195,1.0908789095881026,-0.3377691150910298,133.40888051294905,141.22433182995056,113.68324061083466,0.6301500721697806,3.6007970423879567,50.424414364474224,48.66713818549934,-153.88631720421827,-37.367782757109964,484495.02495960635,-604399.141520952,0.9795649954390334,0.4878340854146242,0.006163149071314166,HOLD,QQQ,2023-01-05 12:30:00
127.32764521521466,117.22741949079168,158.83923827669483,162.84779244190142,95.94753723085782,62.29464539068791,2.5877692828673573,-0.39619949626630524,0.26614697645219965,170.65880894805852,169.81299950099802,161.39493432262483,0.8327006464941258,3.7128962395317338,33.1973209130971,52.26113541696642,29.049675875971133,-14.802975401521232,1041347.6080955886,-8529.382619048114,1.04014297097237,0.5608041497558257,0.027411273347096518,HOLD,MSFT,2023-01-05 12:35:00
166.0952953071121,181.02464195267817,138.56749998455527,166.59998363291305,178.85502995475818,57.53175171715088,2.866429700894548,0.2240455442269933,-0.7797074425641423,133.58922508383097,111.02963687281446,197.47655651150907,0.6660920827313889,0.5867168517762058,5.548776775708293,61.71852067501112,-11.048327138093859,-22.611412611439953,528584.7693248052,-161214.58948975868,0.9335905215024863,0.11022949657793324,0.011089223015687056,HOLD,AMZN,2023-01-05 12:40:00
123.04596054626889,179.841128946194,172.0528078248285,54.570990744218804,177.1210224276104,81.85214491486394,-0.1913589915127846,-2.157345619705721,0.5935551388401173,159.35733640165233,143.64040346912944,138.33215604181493,0.40526764171320495,0.8620983469181348,56.72022522511866,67.67896109763043,53.32684311302519,-44.42033320192781,1307767.8256265416,-204122.67376680727,1.0294712487324797,1.1190789127342133,0.02275279589436541,HOLD,SPY,2023-01-05 12:45:00
150.84543472107384,163.96018596465828,141.77414712175542,184.69232684248345,173.90484117038912,58.41472544203771,-1.9700742713235473,-0.38429892049679604,0.30129634931573807,142.74733949516266,121.09366297182507,170.00051875194814,0.5638530031941207,1.807272449238701,23.5624203554128,47.16078466463242,-48.491955242946716,-49.92688822741055,1051558.5815841705,1402956.9580176591,1.0432041478835496,0.31554492266025985,0.005889390420933413,HOLD,SPY,2023-01-05 12:50:00
149.7264301006739,158.8498318374105,123.70844564164017,197.96377709580014,160.18526745967475,18.303696889762364,-4.201727080112442,1.385793856738694,0.5141988983641825,152.83807318781456,143.27905503022967,149.6852295039304,0.11973383044723752,4.3391245061426185,21.96607935576896,54.621626802882076,78.7874676086743,-34.9294537656508,1100467.4681840974,1193657.398366237,0.9677447217496497,0.083230873071728,0.0019773834545573367,SELL,AAPL,2023-01-05 12:55:00
182.57686697494734,200.83564374602122,126.02573252741638,118.39403080442658,155.60567942615398,8.899797520951532,-4.202205680505854,-1.9967389777389615,-1.3601276184082869,98.69306656297654,163.4186809860168,100.69574992908416,0.4683847906715643,3.1255484599349295,40.3120075341241,46.348258202660055,-58.777733242376925,-21.049388581855784,545182.0146729853,1027776.5157692143,1.0664694146913984,0.10339677302273201,0.03306235654609558,SELL,MSFT,2023-01-05 13:00:00
164.24094698639857,147.99058982164675,120.53147909225585,120.8864561684853,179.9716819437919,71.81884178853252,0.9441651905484176,1.2279355252357256,-1.9893558670589484,160.92631313654863,98.69582116442295,144.6198264169989,0.39539605057803273,1.753961686818362,53.28422670882615,49.20140338507193,-23.131821491077584,-5.9040124816089685,56707.850128003636,599996.7319907333,1.0406068361254293,1.2814910085832398,0.02522610223598864,HOLD,QQQ,2023-01-05 13:05:00
149.24919123764568,112.54377623737597,138.18974958490782,137.5918915910953,206.70540462810362,42.755469776716446,0.9039802018890364,-3.0280795849187974,-1.1326309113099182,156.236456726717,167.77906185591547,130.0593428087827,0.7160673692078223,8.237311062028263,61.370173757701785,2.1346369481583114,63.008433578116076,-70.41348935569009,2061265.8811132554,49554.02543999384,1.0690334339021654,0.259972444276825,0.0023173188850682124,HOLD,AAPL,2023-01-05 13:10:00
174.53298897600862,161.4842173849692,175.84310695840483,127.80787137738865,120.40878609905451,54.116339990439634,-1.3507929739477262,-1.7843937567451649,0.4991186481272361,106.96141907322463,148.99204235198405,119.59571059897374,0.3987501168808379,1.156023219534902,40.95298491063929,41.07965174183595,112.74938352544221,-95.08525129901064,76905.6692541901,-164372.08939916565,1.018379928240125,1.4696120716379004,0.02625698656221843,BUY,SPY,2023-01-05 13:15:00
191.7062264705194,210.5814114861134,124.87262047423728,159.1656599662914,181.34376187384316,21.323269432532047,2.6029738885119893,-0.47218027992839173,0.6734531083159477,171.94430809154238,143.4977195144366,137.09005673099165,0.6581781725684392,3.696032072427682,65.75115346991028,67.21457283190469,-58.68505624706471,-45.231846303758545,623685.5310481428,446734.42441426846,0.9793979876547401,2.3636098081817547,0.018208193667499664,HOLD,QQQ,2023-01-05 13:20:00
166.73430919055588,117.55721520442444,149.71189402545258,89.71119083651635,146.41348705977643,9.597715053125237,-0.41388531905022197,0.23037750005194324,1.129336792163099,188.91080230366092,173.6499916181006,140.44946586885436,0.5658951748673561,3.412122087266432,47.806185278868334,21.581802610703672,124.66819232833177,-36.95030016912165,359450.6131440436,-1562345.9099408842,1.0584829789685721,0.4168023098626335,0.003762492865323702,HOLD,MSFT,2023-01-05 13:25:00
150.31057859530142,137.15611699918043,128.58276635931466,116.22631654282432,145.10980843914197,63.868068465649245,-1.176794694471485,-0.8590690197469539,-0.4045111673191136,171.03459248322665,120.23332499200953,180.1969391398946,0.5406790376589681,4.772766439726729,37.22105275975764,44.527788302770325,-118.98444757570563,-58.81979841154885,351447.1332342916,894429.3958992771,1.0006090926415896,1.5792777075919135,0.03492876969963669,HOLD,AMZN,2023-01-05 13:30:00
110.64491302949521,160.49338114304356,138.49227396821405,201.25431040559704,102.90407928853885,81.54239591116591,2.3423236962436187,-0.9000107076819728,0.20864201779814023,187.49894873504556,106.50481373349143,150.7073493626376,0.9381176843254895,8.79279561821807,70.74943018172134,91.53195509616243,37.796138164393895,-88.02055043475568,256990.30705372267,966897.9540135791,1.0469703522685117,0.5599271495156857,0.024006239632785253,SELL,QQQ,2023-01-05 13:35:00
118.04659010773882,146.38285452982782,107.24896970036869,122.29696104486342,140.45631771453816,50.47337830105077,2.0771211162270675,1.6607405691534938,-0.7010262337469865,141.5556556086656,114.38935931175558,107.85470638227031,0.6488667776615582,1.36915480279571,24.351781947644447,57.28637545585743,88.07096859237777,-79.0767157124246,316977.3421437032,-920150.662609908,0.9774552760596339,1.4793605834631047,0.01413758814547543,BUY,AAPL,2023-01-05 13:40:00
140.84325886935997,118.53089258868056,139.48654427108656,191.7897048992936,119.08205126094754,63.58236107624266,-0.10319177339152735,1.7830352625938224,1.3673968138098644,152.5526120547268,153.31766010880187,186.1973584782596,0.576170081453034,0.4353909598445662,3.358801079571308,70.31194408590098,-51.59900359640071,-37.50814015075741,3108705.9621197684,-1348816.591792835,0.9727858587700684,0.3663257516388791,0.003935749537536517,HOLD,AMZN,2023-01-05 13:45:00
131.7146339352215,181.6557356869141,140.15736550487594,163.37082225888437,135.08436711482162,45.19220513323249,1.035061925449317,-0.6365928477142666,-0.7093492458268409,162.5961425436519,127.62592728704294,161.55328279525511,0.08697973126621038,1.2356911674810314,16.247569574539614,36.023450138759635,61.443874722528,-67.8248477312818,3577440.7705912394,548407.1402423872,0.9628805732288527,2.680732083808224,0.015537728998041345,HOLD,AMZN,2023-01-05 13:50:00
144.39086091043663,217.60122166051778,158.5071986008924,94.10343313317574,116.0544084866555,73.18881923747776,1.2874274593652442,-0.5911685625737018,1.1785285360087074,165.10966264064493,118.1616176938291,158.42745526963336,0.24698953395005555,3.846720908378142,49.588671829256434,34.03972799084825,-25.562776446663943,-17.05191011131177,846122.5205951384,-1531052.4495903673,1.0707606299533987,4.35882418574662,0.003551694057550185,BUY,QQQ,2023-01-05 13:55:00
151.6994977469132,153.88394377071722,150.58202283138425,172.3305342469186,135.5327483806098,69.48164921565345,4.350533757759767,-0.43058145167687667,-0.25131217024049174,77.76148497667351,115.56618165420775,176.20576423059362,0.38060707106572755,3.6170785430199706,67.46098636211761,70.38735415348947,-37.49356400273525,-30.844963117357953,743718.0164356002,300907.6930049328,1.0326664893283333,0.48800944827288756,0.004065647912581,BUY,QQQ,2023-01-05 14:00:00
165.89078263070192,120.87795130791999,115.04019687619888,148.2346463298287,136.8166892892979,73.0962549065864,-0.2620408480849993,3.3266180348227197,1.575245606769096,127.76900293535847,144.36893652204847,149.3518530781975,0.34451511148399977,0.8188556212664716,45.82619205951814,49.11279922118893,-67.80575990305363,-35.13631182223827,49573.81269777369,-768019.1679231719,0.9259319032483124,0.2218034552417064,0.005524115069737613,SELL,AAPL,2023-01-05 14:05:00
147.88503665822725,101.53118424839575,172.10495610108856,137.4250542000083,151.902647553164,55.80768639259015,-2.3597433610948784,0.025443224332498106,0.1829576633927227,195.08204770979214,139.31152005181718,133.90789526930942,0.5775731883747983,0.09692473041597982,6.4100463199785604,37.76410610081777,-3.9423400513744067,-36.92451370246662,1628291.6159912678,-1415438.2424318467,0.9845038177144566,1.1562335579742993,0.02125593650085211,SELL,QQQ,2023-01-05 14:10:00
164.59504931478605,155.73927943663543,150.25757600554988,159.83862698150412,100.55750413126007,32.16045084474547,1.2509567763545304,2.356524984672595,0.16108736892718167,132.6183310052659,104.53020011778457,160.39719203376956,0.23163729813242037,1.4260553809088654,39.98066923474793,79.46925018529676,7.1538947669928215,-26.200447596415515,186994.59821626358,727557.9660630526,1.011193466058744,0.8760952121184339,0.022767153159733277,HOLD,MSFT,2023-01-05 14:15:00
151.9342324443036,181.11632029948774,149.95983792943716,167.18827153813734,105.6344555676403,47.97983772724676,0.12443014885706345,1.0980258973455637,-0.754080114733209,151.3578407339078,105.36451165996986,168.68785879116092,0.4667598374328399,1.2852919300675838,51.765363186571975,35.625528290518275,-59.69189231664647,-22.25613331223514,153831.3764123504,1409423.376287073,1.0757205694387775,4.76391520098309,0.001510889849867275,BUY,AMZN,2023-01-05 14:20:00
90.73600300938386,162.25503239486144,144.77044116537152,174.64293830318783,159.8574281219158,67.76521023012356,0.22463671992330517,-0.1572978465915382,2.167017072484586,158.175487687795,126.82806110101207,161.4428073890487,0.5605145091167968,0.17933302172095464,50.9958224019637,81.54679081202949,71.21888794712208,-76.20560597968516,551770.7616343505,-390217.2036867292,0.9858098550548469,1.669157008288677,0.021047730605452227,HOLD,AMZN,2023-01-05 14:25:00
121.81993818543737,147.9278847724344,132.05606381944452,189.70409112153607,125.07685648789703,55.24490929441072,-0.06244591764774039,-0.9710814856298753,0.9908157774907052,113.0877027043626,162.9523229804431,174.3305839747605,0.6304030302907137,3.168417285043429,25.474965950385947,85.65520933216786,-30.38962058950785,-12.684785552798933,427006.67894106486,836187.4835593143,1.052923157946501,1.8024441665815378,0.0007041878993189098,BUY,AAPL,2023-01-05 14:30:00
145.67737332835154,130.3218504463208,150.44505849371816,165.0603492089074,181.23589370689794,35.18089556129932,-3.182649213443744,1.1687845821163585,0.5119562095511138,215.30574656942602,129.35266894712737,153.01356927939713,0.7022867811228081,0.667006065175115,69.89510261313976,48.60806535741091,-1.9245519607429378,-70.36420291985465,101630.36755456658,-762016.4526434557,1.0848377991772948,1.2963820327469122,0.047074790057373736,BUY,QQQ,2023-01-05 14:35:00
113.70915771476677,115.23509101845731,156.88971089821456,107.97970915883641,155.7580916604514,63.51081138399191,0.5227581320696006,-1.1791959542739108,0.23955462139635955,158.90415841971668,103.08794238259397,120.13237491225689,0.20025398995939542,2.0755166127086055,33.59825515825035,78.59258270899755,11.585303826370252,-10.060301122158021,160091.63482720338,894801.0044953483,0.938045588240747,0.4319975346884865,0.030161551888146735,HOLD,QQQ,2023-01-05 14:40:00
167.99786189988615,173.04253978974646,101.32760771636113,136.8433453551619,167.2028645061922,36.332826510360974,-0.7183123753226256,-0.5797695678208703,-0.6607331523918664,130.02386812944874,137.8345160466275,131.12475571895072,0.5211303141374974,0.21403012879356814,31.789032746799705,72.04860104294998,149.79041167351602,-79.1162748676891,4871367.419251394,-483849.13079027424,1.0032346136907369,2.7464135059051458,0.025775473471170915,HOLD,AMZN,2023-01-05 14:45:00
195.92252497031092,175.41314864156757,131.5309790663476,246.17754672859587,191.32076961262683,39.65258894292751,-0.6181360444727253,0.9882629765572237,0.673271044960149,182.69597735855695,140.95123765547277,191.17821910214636,0.3012478260330639,3.942296351966895,64.89725586097033,43.27135225040579,64.1331752247644,-64.9244271077351,1327367.8775081276,1432866.9190882621,0.9676547623798702,0.6267419299348743,0.00546793384185746,HOLD,AMZN,2023-01-05 14:50:00
186.5628555509195,101.62810639927801,138.62632573991027,175.18371393221528,139.70867564580283,71.1064733319303,-0.7963542445814378,-0.36087692769109025,-0.0667026254657238,149.6146595452269,102.8736081452786,150.98196754637985,0.3888514462721724,2.6885743226975327,37.66043820672931,86.31634588229127,40.77884717351713,-43.004331247054964,912690.2107674172,-2246052.5621591522,1.0729513647569477,0.5098982571504527,0.0877335179223828,SELL,AAPL,2023-01-05 14:55:00
143.59671387209377,195.6951693454205,151.40426514235696,227.8171936259679,131.76539883751173,78.25645044075881,-0.07840238539550655,-0.5924291220938565,0.05752042296663656,162.0571582822509,109.55520149039455,116.17491726052454,0.5521520941482071,0.9834278721182705,81.26679627654929,83.3192521066405,-22.07132084821957,-72.24060402473002,361854.7463704107,-519832.06433780084,1.0286802941407622,0.21596294868060475,0.051623982799091764,HOLD,QQQ,2023-01-05 15:00:00
194.72178410549856,165.22213662682003,174.83277514817814,196.65389063037392,175.1510775679644,25.537469296150324,0.5208998503390361,-0.46191608448756294,0.8909705245069403,209.30993578587555,158.59845958809098,113.34435514185067,0.8722265208645518,1.9857440166055254,58.31912945212937,50.41127413505827,18.693974067539116,-29.97960575590937,559386.0140773137,-360766.0837093091,0.978255759767896,0.36234388557035635,0.013463907623475798,SELL,SPY,2023-01-05 15:05:00
154.46002371606335,189.9878393543738,125.70647963508044,159.73766628978396,164.28540691789058,65.92811758789051,-0.05861103334275622,-1.0300545074847647,0.2844526576283307,141.05822811072824,109.23930516881975,109.83136628537258,0.31332552436564115,0.4151652378488259,56.36848076019073,53.387672873578076,23.8556335672038,-72.93454186927453,988817.32725003,-1569738.9349148213,0.9513216858854341,0.002257219586443497,0.0007060822797843778,BUY,QQQ,2023-01-05 15:10:00
139.8874208664588,107.73616754544655,132.55095382955395,161.64502623299575,143.38009070536097,34.130803076686846,2.3096302390271957,0.67419697796172,0.01815076616077974,199.9974747545096,159.6520681172688,174.71561119683128,0.6727376091653701,8.456550829324042,57.4954700804832,9.795783885848396,-1.5419204804287203,-29.21492300041355,1533772.0612617605,711649.0829836575,0.9688529946894651,1.0785291328146758,0.014323842269646298,HOLD,AAPL,2023-01-05 15:15:00
131.59792009377182,107.02527533753684,132.18664723383625,150.82943872394094,190.74373900867826,44.503504533448876,1.5123355991796414,0.054368590984891156,1.4356482854186674,148.02310030225595,101.33168780282602,159.2928705721453,0.7005272626061658,3.1803300870831843,6.5133920431960215,55.3274160951335,47.904676809442584,-28.95519610967472,2926376.740416514,-42930.704065248974,0.9527690282558209,0.9300514381303383,0.0033441880686337477,HOLD,AMZN,2023-01-05 15:20:00
140.92590940535615,143.5309207069811,124.96181024738647,96.39025229291201,142.63267070480208,10.018767068442614,-0.14620007132833704,-2.0342580917924513,-0.8188703195614008,162.38887489067716,102.26471007058149,205.34199697126718,0.6708165374486568,3.1112256805604197,70.11526347742993,63.82875501454093,156.55258923076022,-82.9443964850369,130883.99003762932,778476.8192086365,0.9721671091798069,0.5158937475660319,0.017963983508484965,HOLD,AMZN,2023-01-05 15:25:00
138.35469544376315,163.08353280685583,136.32033762219345,152.57751207898318,149.98320912667344,82.94253214915207,-2.070751783823203,-0.7312002381884768,-1.6548767888540477,170.60953085742136,140.57866374923057,167.28432832383038,0.012512608586584296,0.3330071685258023,52.7028434779929,51.85942603414745,-55.50283413243747,-79.84306838079424,212749.87680032715,-738787.1477244475,0.9689305831156377,3.414502718281558,0.08622889644285764,HOLD,SPY,2023-01-05 15:30:00
155.11248667126463,201.8908246878089,164.27005549969928,190.7415856813503,149.63667952502774,84.86796930873109,1.161056297835679,-0.5505620941236831,-0.7959977166193544,147.9385118368119,121.1340455976578,169.08876091693594,0.5106561267172446,0.03578529572094112,26.058015165676927,65.1940796350389,20.692976867202333,-55.76664390226074,838338.5015221451,-1098353.1887017062,1.027096272336855,1.1812535393595185,0.02828760641163551,HOLD,SPY,2023-01-05 15:35:00
154.81721943149594,169.18236741445395,118.65411261589136,132.81152016572148,120.96218315304587,86.62753638632195,-0.6298111438364212,-0.5610661865919943,0.15204181076527454,124.41423061544398,126.63037390258052,209.69535028699752,0.14529966064507668,1.760744042950096,7.386872847202257,62.00494688647294,19.55577143552966,-25.70514445620704,2788610.1364187757,-552355.2272853327,0.9604854613696087,0.27801720533569235,0.007779793200665391,HOLD,AAPL,2023-01-05 15:40:00
150.09138060460242,140.719561695639,155.6953598788226,165.1824959699779,151.32756168459173,70.2732946986597,-0.3414901766693268,0.8986376506724316,0.6945501040036444,175.86104969212204,143.79138179753951,120.93624197383929,0.12989391248441484,0.31125162889998326,70.06073296788634,16.495906908005484,-11.85276269169657,-34.203339300573845,602469.4236303866,-1204313.5756657962,1.025367565330856,0.4759440287163733,0.010022764944673157,SELL,QQQ,2023-01-05 15:45:00
163.1081450923905,117.20892377002323,102.45244424954161,179.25091346858233,190.90280532195473,35.29174403177869,-2.6373701218523875,-1.0532902423359092,-0.7441139651061446,199.25204614033927,125.89638727957045,104.99330812405297,0.3097409866239768,3.0321998658126903,45.58441109791049,41.489629525481156,-33.47149847954495,-32.58416247858113,1004975.6944239305,-330506.1036634571,0.9661893484001404,0.7252567329210851,0.05785453846394448,HOLD,AMZN,2023-01-05 15:50:00
185.71938824359023,184.9000171815745,130.96655008894484,122.89022594200078,162.34904946128526,48.708401613331375,0.8271416326172074,4.055812788883838,3.6874668014983003,181.93822401465928,116.29644557280193,166.58669695716594,0.15034529277117833,1.0759693633425542,45.32592866963376,79.1465453158969,-36.05906182599265,-54.28114526089038,347751.2700951932,1341596.7656225401,0.9412385588499682,0.7882341379731883,0.0023343844436891944,SELL,MSFT,2023-01-05 15:55:00
178.4866240632397,119.05883722747855,136.76276749455036,137.55830834100274,149.93190279196796,23.128325425552962,5.186771490898703,2.078333373325461,0.18216095444462005,180.92744780084882,152.2625932102653,142.67813369556848,0.6629561477747231,0.8267755665224567,75.64232228096002,41.83060321648232,112.07122222124595,-59.722751904147785,1669924.7545017907,273274.01849505183,0.987583513778341,0.3224603670301645,0.04417516258258671,HOLD,MSFT,2023-01-05 16:00:00
105.45306094650289,196.85405664316966,186.87149182285162,119.42683230473091,144.1469815650299,74.33664407256538,-1.012573263572149,2.071104618958647,0.1517815684066938,143.98438831591747,144.51777889864425,158.9261681407191,0.6566963102811891,0.15300469961945726,65.57205766212503,6.114305212945768,7.927216327066466,-54.89054786449831,929530.7742461773,664849.9461458186,0.9686228603391763,0.2869360562570162,0.0015491427810029861,SELL,MSFT,2023-01-05 16:05:00
73.38236595294136,139.46846051180472,138.1299423811828,125.69070058593897,158.92601085219053,55.56342472894996,1.2452046763456415,-1.5505482192109494,-1.2896345078352776,184.0926213219159,141.08138100479331,186.74290737187906,0.842371427665792,11.075729427228676,53.40680841966141,48.364602925653365,50.66296682763644,-31.13246078229124,480956.77286364144,-444267.4090261982,0.9424476199493105,0.3558516277328211,0.010710976738520917,HOLD,AMZN,2023-01-05 16:10:00
178.02959733717822,195.71746217853553,89.96891316372704,110.79663092310203,171.49299885467556,52.952447428218484,2.4917181623766904,-3.045864917738813,-1.4427987011490615,172.53499372314528,139.54640674115225,172.8467619635284,0.5465467041532378,6.247621367752308,42.398912829850744,82.96315711275298,-13.993506834677504,-39.41068239326555,782243.4895081442,-937035.5638262617,0.9693407540463611,3.3064225895881205,0.02736522546450083,BUY,AMZN,2023-01-05 16:15:00
108.99363904753737,168.36793870177834,95.02777732846876,123.18564923590314,167.2771649266926,63.78738454661009,-1.0459542009262923,-0.5086040919229079,-1.78309546463869,190.2013618282352,119.95162690564129,195.4956546710341,0.4300811858422688,0.2821985603815104,35.22866036189417,80.18233619256615,21.648668136095914,-72.41040384090941,1186647.7293321034,189378.75106541696,1.0791434651185565,0.4455453200093236,0.010052747860457751,HOLD,MSFT,2023-01-05 16:20:00
143.2570379432195,143.89013531672626,145.85073965866704,197.42258178553084,139.04405414534062,34.88815743222611,-4.850378307354562,0.44028880891748234,1.3714190019041985,163.45379741772808,114.73939033940944,122.75760334742043,0.36198317868498625,0.8093656408943998,55.7105682790338,56.718679635219885,25.82715961351081,-60.414961733098885,240178.66880266016,52026.933871562236,0.9794532235674269,0.4686324265638137,0.016931569152948696,SELL,SPY,2023-01-05 16:25:00
114.89660921821921,132.4181088452162,160.34427139474772,122.70473506911064,158.74344782330343,35.29622565313456,1.3910229865266666,-0.24293818696503358,1.2124509509434849,180.8868652992673,131.3817256344662,176.92118105546908,0.5769883222417099,0.9911764037491412,57.78723377253899,54.45315760905951,-11.95560469551229,-58.164726653933926,417707.3662450092,1088832.0596906878,1.0145888360633035,1.273838250481656,0.013497493783405722,BUY,MSFT,2023-01-05 16:30:00
95.94058687259941,137.7727636796176,154.38639644068132,156.04669500994208,163.39819223444835,29.573633896975792,0.15862295280561423,-0.7947345232887091,-0.0014525987778563727,143.08693425163142,120.36610021984201,126.82495809248586,0.6985039381855978,0.7042309315375327,64.6032450136871,86.72153849047281,13.198670076236455,-27.77176302041367,288362.9393190996,1263815.953409293,0.9659475402302447,0.1776433472473616,0.018559364762375505,HOLD,SPY,2023-01-05 16:35:00
166.24388184614364,160.8495007712571,149.18925264502477,135.9081998825294,118.78415037419065,45.62331606539119,0.6226683645014279,-2.6114818434052647,-1.2149116447837478,184.33782698817834,139.6880987347088,200.06802768395266,0.6212783291696746,5.450450492474122,45.69925902401478,65.78658832403754,64.19019902345569,-81.31611883437375,3222871.6209596964,953729.1047225477,1.039143292932016,1.0304766707171753,0.0037492028060077476,HOLD,AAPL,2023-01-05 16:40:00
172.7746548090794,150.3146948865315,174.0564899376417,189.72370998518204,154.04691623551082,40.33329665879448,0.10979119702942401,-1.0082119100846763,-0.2775250111399096,115.91260772435821,130.20897273865555,163.44366755370675,0.6991296507403033,2.5555388839032753,37.971687896271085,24.113021982301795,-55.636758919457975,-56.165642744047574,43918.606803640825,2090323.6229188696,0.9342563946139657,1.0970034011456118,0.017259337619290136,HOLD,MSFT,2023-01-05 16:45:00
132.70468797819842,130.18565775793886,131.5102194815717,193.95719349131573,84.16088341092915,40.071989517868914,2.319606725321832,-0.3646202534659111,1.4214381748525053,148.28677501805083,140.45022063035154,165.20629734375117,0.15126273705479576,6.243335149355081,24.801958587603522,9.373291139307565,11.287154334188259,-57.104568377185885,58096.60301973307,62091.35347047787,1.0573845856972195,0.06669009108620372,0.08726704042482783,BUY,MSFT,2023-01-05 16:50:00
72.26873123565271,143.03105769047104,167.37276390067063,179.6502394284463,163.47601129463555,65.02301962434007,-0.19504645136389867,-0.7430507666470486,-0.5041548835536127,135.592934327701,137.67763715207047,132.53984712344393,0.6729769554843081,4.150985138675341,68.42655665864666,54.523656918686136,28.614101863545265,-42.78701126026302,439646.97450605925,637354.46421418,1.0457526140362516,0.2106533772001144,0.0043107271732942395,HOLD,SPY,2023-01-05 16:55:00
133.6126665524255,150.35731089157449,104.19962787433957,161.79630569928815,168.81029163688044,79.84135858356646,4.34176880971686,-0.7515883207396437,-0.9020427812995114,282.705499124072,184.13174173487366,134.0587558010715,0.47993669972537517,2.809254936248673,23.739156298692052,18.459959615503916,39.92001966837025,-38.95993666960465,772248.3925200962,1221134.6399781145,0.9941139002601539,0.6282793418833306,0.0013859088986805717,HOLD,SPY,2023-01-05 17:00:00
161.7541201620764,84.13797716755563,122.37630417654835,144.60609482109126,171.42638377359378,75.52229593526961,1.396098516629646,-1.1974307507786033,-0.3810002280680549,182.82467287969664,105.34508936526376,162.1585572069275,0.43153334721526665,2.3878278437451104,46.444190399892676,55.83093382755323,47.994225823371636,-68.94893559793816,398833.0105024301,834900.967090493,1.080694452790838,1.8043429056883762,0.00994471745775052,BUY,SPY,2023-01-05 17:05:00
105.63265293677614,161.74504344366096,99.82396512670459,113.86000946588001,137.14859443491298,70.41160606242022,2.0229705891331924,2.4822876524817463,-0.29286094960750525,122.06666710355299,135.31631816880306,202.44792690033844,0.6345587039581062,4.022257668197426,68.085508904916,64.0965348011672,36.20880170278189,-42.628474658621386,1944438.1417880377,1000991.7641533575,1.040086916525364,1.3180499606631473,0.009379673305304906,BUY,AAPL,2023-01-05 17:10:00
155.50079759337467,118.6083632584958,138.1288674832552,214.1929241959103,158.27140505072106,45.35356302425049,0.01313907017468113,1.0626709574229745,0.738086795904378,112.1294461749818,112.30735253057303,197.47152085174733,0.8701173422685492,2.3049750697461047,55.779126642480094,63.39729943584672,59.72583817373416,-34.82105805532755,185587.04396300114,71540.25627480308,1.1174945928156919,2.0671264554836957,0.0026874850462021444,HOLD,MSFT,2023-01-05 17:15:00
149.54070452481014,113.40002790382765,143.84346956834145,127.69046343191829,191.718615366235,61.66011814047988,0.6216910110305511,1.4340149064444132,-2.207231205176024,98.90047889779547,127.92322741306415,160.75440311733476,0.6796338805971693,0.41828356779712333,91.19446673890221,27.990072520196208,-20.274987185844918,-33.913409050976895,453541.5946800116,-65227.85647615373,1.0386976845343059,1.9038518344691353,0.016948151302541268,BUY,SPY,2023-01-05 17:20:00
167.37874498803265,97.37966958667869,147.852537305663,173.23668310505093,191.41308944873776,34.28075750373629,-3.379270908894064,0.40915821150680887,0.16932911066387568,120.10962257937034,119.57484981340221,137.36093470844773,0.8343003594778969,2.088967179324446,20.87388911408018,20.565614503402546,72.9278740180131,-79.276634868005,669334.4840064888,-297205.5384605564,0.9452805525106893,0.7164199317925526,0.011510563284666544,SELL,AAPL,2023-01-05 17:25:00
153.58741105242459,94.18322506396329,146.5470838221784,185.9060983239487,148.12481902320317,83.92596550288232,-1.1539705350941951,-2.0026467693266303,-0.6968142404236677,130.2932643970322,155.97435979444055,167.18727425079777,0.6541910664702093,1.4472195387752702,70.25674539295042,31.83765342304118,6.180671284719042,-38.44601304501044,225853.02654061664,-195543.67780674732,0.9679440353532219,0.973612092689688,0.036266161737124096,HOLD,AAPL,2023-01-05 17:30:00
120.80793177355334,107.33657490663133,121.8111667297068,134.23102409902947,153.1795889218868,45.73675845833882,2.1553079258107717,1.1076468070321088,-0.5355419832670971,125.86263491063964,103.15220009179603,187.63391050775016,0.8563887627602558,8.0230986016264,54.808469396294356,39.18417345470166,43.67671482699029,-65.69622448457442,342617.53350888396,47411.35580273927,1.045975976816688,2.5357675477448143,0.010996779433816864,BUY,AMZN,2023-01-05 17:35:00
185.89714504993475,126.72937127108528,140.24397888966962,185.21640087411078,182.327334342033,78.56981304620044,-0.13374860808969752,2.022333850585497,0.7544597233303035,143.65017406470787,159.52018900217303,156.3539760132448,0.7417121202470974,1.4265591564775504,11.24465895103217,28.97321157607431,-65.45115030632941,-29.555413692952502,2945224.968474838,-668364.3152430902,0.9255557818964163,1.351208083401991,0.08489840019125064,SELL,SPY,2023-01-05 17:40:00
145.2441128091909,206.59777412579706,107.56383328485629,176.45482250684336,103.97593954213475,60.92985780490163,-2.249756610782493,2.241088374971084,-1.3018077347303465,189.20755465548615,153.24222770375374,138.3815703342531,0.5280800038314751,0.07842779130721185,64.81751952503153,68.80073026587927,33.15255211349519,-68.8616464279422,734442.309984107,-1116266.6311035622,0.9968144159942798,0.44297489587562505,0.030268818000431696,HOLD,SPY,2023-01-05 17:45:00
149.18086381470204,132.22360972314388,179.08072437830626,207.2948427322165,139.30772771968927,46.6482043005114,-1.368417149648183,0.935457633051014,0.1799303118113388,153.0304157868517,191.38539351612832,170.3738200101067,0.6492147294089682,0.6135653617243332,48.082471971020624,54.701568895139054,7.711848796320091,-27.450593078856834,2037658.955000965,-1150842.5384908398,0.8503241783002295,0.4313385601633156,0.013367161947599246,SELL,SPY,2023-01-05 17:50:00
122.00196122780412,153.33250318804093,137.40934817755,136.98091307434524,189.0671136661027,60.742325855160495,-1.3845649387714367,0.0014814887385179764,0.4812744546497187,184.95154770798013,185.07531109417292,142.80955163004705,0.451186660119657,4.987049610185876,15.13714130963292,47.021112081846546,-15.032897958456518,-60.78922521917508,313843.0127279782,1282350.7611762194,1.0470171265886197,0.4566880747548353,0.01606794047467214,HOLD,AMZN,2023-01-05 17:55:00
136.70153246425468,160.01444159518985,132.77784702390773,110.85235144704913,178.25601625054298,82.36500815388304,-0.07784590836018612,-0.0028373468937262615,0.5796073501379316,122.72195905374375,120.0519602824045,139.3467103784604,0.13562172008050627,6.559180956452258,23.14235602443494,85.54244689372929,64.71534207933495,-39.230543797525854,947702.701161655,-424671.7692866289,0.994491785271809,0.6835992764513865,0.04031065563834603,HOLD,SPY,2023-01-05 18:00:00
123.45591857919297,151.93195558647545,184.72350821110206,135.82432782577564,160.07791332949714,34.17247417718218,-1.6684099335289329,0.7781769683676647,0.706866783741549,146.61086147020453,170.9214826649355,148.31574632140115,0.6303590727535953,2.6075757940929227,55.020667392181345,16.1364505187893,11.221792009222012,-24.60791720779103,1440728.7389309898,602349.1096719572,0.9785121036434131,0.4501821890050394,0.029758041972670374,HOLD,SPY,2023-01-05 18:05:00
144.8116182022973,145.6766961782202,113.94383666126926,158.6833133610986,103.82502784008139,43.48851017612548,2.8461232180175036,-2.461512294296883,0.5719050117982476,127.17033348495066,131.89098666486032,169.99809287168645,0.15106407764125426,0.11708935771883706,53.71032814082647,23.713316335138114,10.082257654416072,-54.70712206471076,547466.7664603845,-147557.33031823963,0.9959904288142749,0.20765046823240565,0.02144343588742336,HOLD,AAPL,2023-01-05 18:10:00
201.35125440427032,112.14118709202266,116.86032214920077,153.8628072667218,147.50269300876514,22.456243283232837,0.41641021733767475,0.9578693387506312,0.7192658541312512,175.4952487272333,147.61141653933475,143.3240135199694,0.48445037107699385,0.047645826656715365,53.28313444513246,62.62838523821964,-71.43025586721961,-81.47437615914085,980064.7512559375,1326735.0697186023,0.9644897408936597,0.9036684263703259,0.006207006032960578,SELL,SPY,2023-01-05 18:15:00
108.84296571205931,191.52782644837635,117.59449187828587,139.4099873192144,131.30253811250202,79.88355355096596,-2.7910293727457605,-0.7285281655306524,-0.8808023308628828,153.65959981272022,183.0022820041757,148.88358430879154,0.4483885474652545,1.3062958595495764,81.55156600423769,42.50864033681139,-34.30365458941302,-31.487815270728763,1989377.676857318,-1254149.5192752304,0.9452089956326974,2.0341643967574377,0.01056442054532856,HOLD,MSFT,2023-01-05 18:20:00
101.59315806369777,202.21589930913655,143.30321545751295,90.90568131272823,158.9311670845164,31.170466443302118,3.072281403787552,3.314200184704431,1.3656736844771362,222.05773020750368,121.0446065485355,154.30373583248402,0.7407869432084792,16.046864046940094,37.125715780807475,64.78534264036645,9.200083472147693,-11.589389213829401,151736.16263390463,-176368.2839526595,1.0023172182477944,0.6783540656244906,0.030946620203030246,HOLD,QQQ,2023-01-05 18:25:00
194.13510982480827,97.52023917631942,155.79079074093994,167.05545587613142,124.71959945615359,86.52260539691878,-0.09156623192056842,-0.4507460840331097,-1.1845636870990603,136.5350694070526,141.398505449927,138.54557899892833,0.2705437474132996,4.069651393828992,24.411262539964568,50.26710192616177,-33.71671652864746,-79.82245817864701,438104.66559444903,-516080.19464298495,0.9793276952914349,0.2473706441538939,0.01974850064258683,SELL,SPY,2023-01-05 18:30:00
143.72028968544402,117.27914227340861,163.49188670294583,215.1150233306304,118.22829815076177,85.04018278654948,1.0119861331359743,0.29180558714915994,0.3703444894493176,123.61389266455974,91.31472220861967,196.48663191091947,0.3667367800104734,5.409340465731649,59.99899675878354,86.91163965557193,72.59848880606324,-47.142894338207135,1736724.4376226403,-7159.876578546869,0.9505074607162821,1.6769160143235782,0.06269957746190352,HOLD,AAPL,2023-01-05 18:35:00
129.9278178402025,139.6056897286898,209.2998829373742,166.85603961993613,87.05404166949076,29.18166936308864,0.613482618752189,0.21707936201768807,-0.6808915732198839,170.38589170967177,162.19831361996032,205.28732889050707,0.41868790918802534,1.9538949536879506,91.69189317798937,23.189899897627885,-14.670267139425302,-27.04387937749882,262529.4465199504,911901.8275032545,1.0951642228029437,1.4095393033790218,0.04125314566840598,BUY,AMZN,2023-01-05 18:40:00
181.19714062188228,119.06386615269426,88.7641886449809,171.49233660971242,185.65414054930105,32.77129779047201,0.8348440624992134,-1.038206171451725,-1.7178137320846552,153.8325656814916,192.5662467262962,140.91578286530338,0.5462571525123484,3.91976075523926,13.374208700825935,18.12257373421043,-48.20406627542938,-56.90812898987531,812188.2084602986,-101098.09879614726,0.9951510365998961,1.2046971439655039,0.0111406529737535,BUY,AMZN,2023-01-05 18:45:00
131.8315338078941,163.17896660367595,160.21838972811042,170.31824979696324,137.00688465670828,75.86189493109416,-0.6870180582001129,0.685953149419878,-0.5701098510004964,177.587908955314,154.33140928946787,126.07178861548738,0.4109388556970709,0.7704380241916419,28.112552626071334,28.990973507137767,-55.813222344217294,-70.8848628815722,576281.1003738821,-601973.6786625584,0.9786705441108505,1.1230824911024377,0.006957629310889177,SELL,QQQ,2023-01-05 18:50:00
204.78029140640808,126.1518339278016,131.07173568569422,164.7054934362368,153.71437351107605,54.10982101073897,0.6615257865168247,0.5131353694064766,-0.11845005646544954,157.84147648785958,174.2028854512428,136.08024829437318,0.1811969133503542,0.05549074211361936,33.41650106581832,50.21453291543425,-6.667282798874316,-72.43451823421651,1093317.6747386837,-2674.9130473199293,0.9980578368567474,1.5245188602224868,0.002649350816705279,HOLD,AAPL,2023-01-05 18:55:00
170.33777614017808,212.9516820341981,130.33962127778065,181.81331093977903,148.93285650577457,3.449669032683384,-0.2984732296634386,1.534207251882361,1.3869088340596765,155.07582658904565,168.54876525525276,163.3746473362946,0.8484408482853455,5.008194307829506,78.15122215957838,14.95024549527921,42.565728635936686,-37.308314690918515,1102636.412680057,-316034.9526172372,0.9953314145971869,1.7735047758367766,0.010472408472140765,SELL,SPY,2023-01-05 19:00:00
135.36265775562893,183.7164578303079,129.50569679365307,164.6519577979413,116.976982011185,46.81604149403141,0.7242095533145729,1.080671164883832,1.8196725713055433,136.62107128817433,122.33495833197081,147.4199720990228,0.611170470358782,0.4929027220365949,48.52378461901294,56.79713246284881,-46.97204641103176,-41.93476148641901,863891.0506872783,464564.2309213773,0.9895760025268845,2.2847745174701823,0.005141307414535171,HOLD,AMZN,2023-01-05 19:05:00
214.7192463979651,154.37722091896646,122.28075822980067,141.99433057109516,111.2280526565542,49.76720002479747,-0.3714542622342996,0.28072112957705014,-0.12964070924560472,150.56436263703958,148.1050348840933,111.63584408841842,0.5272633855638508,2.607485765655375,56.68575894523503,42.255763102359644,-52.269584210400275,-34.19576276007831,2933328.206146907,-2551880.796112235,0.9288319134393556,0.9414321378604379,0.00033694045772038306,HOLD,AMZN,2023-01-05 19:10:00
131.82855230989983,178.80958789959197,187.1131208650863,126.52835487971987,118.84054622008293,69.99125620054191,-0.5800833753389267,-1.2281700991115259,-1.389028820603181,106.4615840823215,152.34759759583565,145.3255608115538,0.3673860621298411,2.151553910983758,60.02480267010484,37.256145819817434,-28.80722604480971,-28.949552081142137,192767.45739554527,-347786.15018435486,1.0663008948940262,0.5002035766751483,0.0029749708050497816,HOLD,MSFT,2023-01-05 19:15:00
172.26286116027921,181.17701273071927,166.05743317534757,144.0328430310184,127.30494683511822,24.294515161134576,-2.9240656181801343,-1.1845733731537345,-1.3061207588647534,201.91840624571063,110.83972120012044,162.21178627147995,0.48083363873835394,0.3443390432691113,29.728923562139265,66.25484321028912,-3.3711561483712673,-48.72439181102266,1802337.041263826,56714.70646710825,0.958977032461309,0.09419668290843229,0.012066550440724567,SELL,QQQ,2023-01-05 19:20:00
158.97877741219475,131.0815753582527,145.57989946393437,162.0521438864213,159.99818741041415,94.13600607716344,-0.010408868403343029,2.4855161008881463,0.7718693127423429,204.43873843535448,176.11654754094684,179.53914926783247,0.49010756660791743,0.43576233527870734,48.12070156370495,32.87966004063233,-52.85350625491914,-60.75750942063508,672203.9958537348,785454.1537254993,1.0792608461210402,1.2816331661360563,0.04458977283287276,HOLD,MSFT,2023-01-05 19:25:00
189.05223868196396,123.51348266374106,178.775393812175,141.88534524406487,125.12847009438165,70.96259658186187,0.44922733311330637,0.13071989063690465,0.7081572558078263,192.81271128259942,127.3826306694441,202.70732749228142,0.30846205718196523,0.7981883357192722,20.220591884459534,18.579595436175957,6.062960345802923,-36.97709425814309,1084153.7080298974,899375.8929912212,0.9413043010537128,0.1522280463563566,0.007741489191218512,HOLD,AMZN,2023-01-05 19:30:00
196.84533590180558,150.34429188908942,107.18677586752811,162.05883786020578,201.39471894783864,94.6716464152676,3.6977481109644996,3.1148387734423952,-0.6073676181233753,143.97552107703467,134.57943144765463,136.5573258321937,0.5157996255293016,2.828816995083934,57.749911170779185,37.46639935439861,77.81986110804226,-52.3215762737176,319856.67419226555,-673204.5744127629,1.0460651151450615,2.028899223033673,0.011636415717710784,HOLD,SPY,2023-01-05 19:35:00
150.960124471973,173.84908373493832,111.73237171672685,166.05280427841336,179.81453107679454,61.66723977218037,0.9587320132766484,-1.2273880180141847,-1.1742279297823626,138.01077844210306,133.4088930063897,131.29710209113523,0.6950911183485601,0.08007011825480989,77.83956609012577,39.809948727574216,-0.6850013169218825,-13.199432780653408,99392.91618166925,-421995.3005780155,1.0518635222940997,0.5206649318097245,0.009692530714733617,BUY,SPY,2023-01-05 19:40:00
127.3974638896145,152.17181195960254,90.5508066951328,178.6617418006458,173.25078648997123,3.745691285484293,-1.4493644848198506,3.2907164459129574,0.9922747294398715,177.46833927735202,140.93708576103788,142.48379220916922,0.9349083203608244,1.0453536124917475,51.032190519429236,48.329188088869465,-20.400029013521028,-68.08549654790303,1503754.6283561846,-1684467.8527338062,1.0037983990706427,2.088575765355545,0.009208190391976878,SELL,MSFT,2023-01-05 19:45:00
163.7991642881735,100.69010553427009,127.51463649691782,193.04943900284738,145.4102329258055,47.32687846734706,-2.0293552505794605,-1.4152700529659328,-1.2279891832805916,126.69279878898016,213.24194215650724,121.63332195222705,0.8165545238525976,2.187925466975234,68.75514236313691,45.29912951923887,55.91479661268291,-22.163305899603586,290018.8478456541,113043.27087058377,0.9109342501259681,0.7307963593986723,0.025648696982679697,HOLD,SPY,2023-01-05 19:50:00
129.6685389074368,123.91526668147473,149.04246316761882,154.49623739132343,194.4284220716145,57.70733348697714,0.5348757600102563,-0.6575786620288055,-0.4443121908369156,199.78302566469912,124.83661248342608,128.99259430736168,0.19563627418477994,0.37620674892158573,60.69497419984919,42.99673769682107,-57.59162206783213,-44.4112864251388,494776.8425055275,2488296.654720163,1.0054513585381588,0.604190066797283,0.01410566178469541,HOLD,QQQ,2023-01-05 19:55:00
210.4016174257987,145.78081409216867,147.57146444830835,110.15114991527486,142.4598310663663,13.60047415216876,-1.489895318712888,0.6632155188134509,0.473492435420027,76.66150295199802,101.35352575535055,129.17145149503585,0.1961190724436244,0.25434280081685123,16.025399382408217,76.90010241188924,26.531437398367274,-37.84250299626711,48690.94837004098,190845.4296141006,1.065490185387099,0.45188084738058526,0.010499939286102407,SELL,MSFT,2023-01-05 20:00:00
154.09605993248212,145.7300318702251,148.733547776497,140.95666890178592,148.06215757537262,12.739231961610844,-1.1369536602809645,1.4963078894494855,-2.0009054484548625,144.1822157357276,144.0901477404447,159.8070521623897,0.6146819496077266,0.9892886370523505,34.722671643653044,72.49672012075439,1.3403759474287038,-54.12012190486071,1050404.9048822392,-691214.9157982469,0.9311880651830917,0.0633094735221697,0.05740754362453612,HOLD,AAPL,2023-01-05 20:05:00
139.04035346063674,207.17626530369424,109.72357922334795,153.41000215701118,154.0992361924781,67.66785530843859,-1.4962522318984843,1.0171199090776473,0.9533482552360615,122.73925653451029,118.42485380973709,125.01440240876161,0.8895708630923413,0.67531168362389,93.12870012859103,24.935519969329363,84.62614699319849,-60.93532324406841,1162986.4863965092,171203.74823554215,0.9808400521437397,0.011594916696741536,0.006467220717563818,SELL,SPY,2023-01-05 20:10:00
155.54040917594725,106.42036172803006,165.07886856535055,93.2553998023331,170.0546912163003,19.444569535341156,-0.657173560597041,-2.8696664084709984,2.3802813702286687,203.64191748851118,129.78450235706194,174.74093362784154,0.28603637611376065,2.094483280684968,85.92193035446637,28.216987203290568,62.70526531567112,-26.366907449586023,2319318.641650269,-2047609.4156037976,0.9536017537377477,0.7106785140623493,0.03577725252862219,HOLD,SPY,2023-01-05 20:15:00
109.58621131410911,163.16767725507623,150.99068795597495,196.43726464327943,168.10724237008955,72.5539165859198,1.472244664753251,-0.8586054682969936,0.11388882186482913,197.57161223266255,155.49585097195234,184.47385957783052,0.46116622544197944,6.984556445885611,49.2131269189075,25.129726378522527,-97.78734339865522,-3.148380634566121,2216596.5825012443,752826.0781650118,1.026671207744273,2.313723568450336,0.014472368416829006,HOLD,AAPL,2023-01-05 20:20:00
120.85157884468046,192.6733932498487,163.32635703664997,156.5560932003349,134.7462416466619,50.70630767328016,-3.9796755862523763,-1.7182848292556965,-0.03465261036366321,179.75306702705717,112.81119323972905,116.22471987127459,0.45339341907327,0.008957902947352806,14.445007865986634,97.78082423562175,10.467571535727313,-42.29453470715933,1221240.0849887147,1313394.5151746788,1.0818910861664055,0.8821553114546515,0.011656776831582798,HOLD,QQQ,2023-01-05 20:25:00
186.01241723833277,216.14349236268387,97.6809455602487,164.2032907065691,133.0101884172214,70.5163976633907,2.589299848641383,-2.0719692515919004,0.044325434365471546,227.04692068111257,130.89739477778795,110.85129655397564,0.09195067889670978,4.6533439835735875,52.41124618573638,37.917967284640405,-72.96542604194288,-26.347903736371798,388798.35926274967,-211942.4312948247,0.9997365704986165,1.9832435945889064,0.0013007098019244463,HOLD,MSFT,2023-01-05 20:30:00
130.29317163085813,135.86807730448118,152.78727146994476,195.6968468008405,168.19708871456254,53.03081482987019,-0.4082723549795233,-0.02434841622122056,0.22484938870529922,160.35041943364777,147.32432205505418,133.92124291092625,0.756049760566362,1.1355788297646672,43.46045592128394,83.56633658639464,57.0327859717023,-20.412298439042214,469405.78757026064,-831367.3535018447,0.9633836963231944,8.311083442770695,0.039108033708589146,HOLD,MSFT,2023-01-05 20:35:00
118.59267051954181,162.74288358160598,115.30586900206183,131.8354294354449,170.45709751673698,64.24333489895898,-1.2681646957720083,-3.167357652320152,-0.7299733950767141,182.09402719675265,120.54131475897188,137.96018362547986,0.8108810144460372,2.1813342461126113,34.84038115801621,66.17662160478956,-47.6429459287641,-39.581497304333816,480784.3103864379,-434954.13438509847,1.0944496596424083,0.19676545905394313,0.006312373283334195,HOLD,QQQ,2023-01-05 20:40:00
166.09958257581857,165.09281071595942,135.06691868621596,170.36934178828895,137.1994662553138,21.10109286483315,1.77552051134928,1.499860600747588,-1.124332658559483,104.08442107217978,139.0107540289051,187.98187625757703,0.24992650346578754,3.8079808359709117,44.096234625144014,34.54498188384283,39.3500507436931,-72.88509879070604,138839.45589251042,-374644.0171949732,1.0113904395938558,1.0775649710232584,0.02274847746751039,HOLD,MSFT,2023-01-05 20:45:00
185.57112463988992,153.86445194659873,158.3591224659096,148.48434806073806,101.38435790964638,71.23070412411379,-0.41250021889350474,1.1171839683510614,-0.35310915243344193,148.79538132610693,147.31046368587783,148.48993094815629,0.3673021243179457,1.7040919817814533,13.201022459754105,40.987445272266086,57.57449962032195,-16.383147136238613,2942892.4276408143,511437.632505429,0.9984851025921754,0.5394099149655446,0.04150552490154045,SELL,SPY,2023-01-05 20:50:00
171.568599319952,145.0346439628208,147.27734015639783,146.10922025549058,142.78051711975266,93.28747494051058,-2.09371235991281,2.4291146758407844,0.15360191986532398,163.85154206175633,137.09200710337217,162.59128098540458,0.6139364127672587,0.20475621756303164,13.77652001367008,16.262207172181473,-91.0876620585061,-7.232141718825842,1704652.5853690132,266317.1596856977,0.9896460888964191,0.23421099480418617,0.015363323207497432,HOLD,QQQ,2023-01-05 20:55:00
179.8814305741745,161.07926168500137,123.71150050551702,127.28984359025986,167.70577396477577,66.19504550505904,-3.043667144901373,-1.5999680176364568,-0.9984104400366497,127.91506264866037,143.9231625313486,162.5360446841624,0.8926150254677105,0.30303038819787037,77.82927178451588,19.61225983603272,73.67691334688399,-86.81951023939124,156969.37138991986,-92962.02903647955,0.9445107910643473,0.2756266462217498,0.02047015466894439,SELL,SPY,2023-01-05 21:00:00
127.29614734291617,72.03261744340944,145.15682890461045,205.29930283796887,203.16250539259343,13.448046473149594,1.390889472785107,-1.452366045452347,-1.346608626889406,168.9432852878425,148.9208411896465,123.58237547942498,0.6066713278221898,3.1144504836402915,5.746597462191005,52.54275036227492,56.14561043581282,-53.59790366553451,2927397.130688041,1203.5221488203767,1.0345603008192301,0.28057885114115166,0.008315827186414522,HOLD,SPY,2023-01-05 21:05:00
107.34567999774468,168.46208470187895,106.71161711890892,139.98399871758173,113.06126112978014,31.862612807708473,1.5194749221164277,1.5782455219221119,-0.440420127574344,91.09413253234335,123.16900254667645,142.47908436130248,0.16774245329162477,0.5203886427506956,35.39031509378583,77.65568108222067,-52.66744379999525,-95.55718047264821,1852937.979108864,-650276.4634342381,1.0452693703209062,1.308044047145909,0.02593192894236396,HOLD,SPY,2023-01-05 21:10:00
195.0400095586646,151.78533710985903,173.7566848974574,174.38285590066246,136.2028624150828,75.66210276706798,-0.8260969776696507,1.6916901857756845,-1.3334113861368384,177.50460777878223,103.29543772282557,149.6160399038675,0.730685926405108,1.683468938193112,68.20831396588694,84.25839218604396,58.065639272204294,-89.66477372453285,2511496.629511539,611865.4662230978,0.9867396324298366,0.4385080461486818,0.021377389351966286,HOLD,AAPL,2023-01-05 21:15:00
140.31960483473594,141.32575309665205,139.8678995125937,91.99976360089804,137.3178931542387,68.95703596831456,2.6426497227599466,2.022986456389466,0.6717969451862478,144.78803672948902,114.11091621141438,161.32760764125612,0.20194363354891703,1.1175141071823766,57.792044160467995,74.43635655880179,-59.940325376169845,-62.8039878026999,336374.4110826848,13923.653858019925,1.0349457964420026,0.29535717770381287,0.011768035980607987,BUY,QQQ,2023-01-05 21:20:00
142.47500950634858,209.40586587158674,172.96374860638315,189.75963295007318,189.67416018294503,79.50631721501054,0.07166188882865376,1.7312441706321855,-3.4415792471851825,132.4427819626823,110.04575097465639,106.97232810087675,0.3161228215096361,0.7237741005341934,46.608480103820426,16.213961873034812,45.42820457060183,-37.859662822751616,408825.6571528215,-1562953.4170245777,0.8943025476995266,2.1712117193659313,0.020135370705758934,HOLD,SPY,2023-01-05 21:25:00
189.84582425547174,127.75197943628343,131.83670782259892,185.67075699062588,147.951754986241,30.505901637755393,2.656009771542963,0.328718007986021,-1.1681339241923536,186.01778306770765,170.81134769944546,132.16241242956914,0.6861681353294051,3.0926216875015045,18.739472858454693,98.70130923062274,-4.561432309141842,-40.31556838789115,634737.5927925862,732036.8887648459,0.9867497569747137,0.03494825775452817,0.006094113206854696,HOLD,QQQ,2023-01-05 21:30:00
166.6869002820198,135.90772032804907,131.91060028983543,155.11789152951368,121.78020321883203,23.651262320008705,-1.9147352634323196,-0.6900965841983346,1.413529805095847,211.2343359055057,96.5996855980795,150.3452912868114,0.14411218227075667,2.6276992449865597,37.51132911433536,67.96054670150282,-70.98357843199611,-85.00610547758463,253861.3831893855,-296335.88803949294,0.9689816144934619,1.3303591081102317,0.021448392294385728,SELL,AMZN,2023-01-05 21:35:00
163.67663316244824,207.746599066142,125.89533033405384,144.73784108358643,165.7608584876546,27.44486368105911,-2.1595922917658146,1.1024984981496768,-0.22171849381178274,191.21343510931416,155.70245658868606,136.8114279682743,0.6479870658964588,2.0775319928301386,69.87948753215096,37.55885469674648,73.80685834176528,-31.311572261555614,626278.7302272685,-409159.1001079071,1.0095554878954955,3.2328919245735745,0.022340098309511554,HOLD,SPY,2023-01-05 21:40:00
214.95007034703252,123.0381608545043,166.9043482923269,164.80000017963414,136.8608443987716,40.32480522551661,-1.0272986073620138,-0.6627766342514644,0.18392932627159647,131.599702103212,122.88597725058199,107.9348244414488,0.34650563237395465,0.932569484725608,50.985822308769194,43.32938444534718,73.6839558304416,-50.18451202366501,9244.28259559799,1817972.5787274283,0.9443736771298533,0.9825461327353967,0.011771697646960087,HOLD,MSFT,2023-01-05 21:45:00
130.6944530885957,131.49654151190384,127.2642210667881,225.24130114816927,112.26838179926136,43.2214330298896,-0.799128738120076,0.15792532116245495,-0.12891970800619026,183.38541204903103,165.884499038004,128.32559360072992,0.4298687111797276,0.5135824877261179,41.5522306712565,23.058560552855514,9.62212342877896,-24.205389264392977,2099942.83238268,417603.1930298909,0.9152712034144833,0.7944336864792326,0.005736940915242735,HOLD,AMZN,2023-01-05 21:50:00
177.83520384243712,143.5892372970745,161.11488581037943,95.57642563508847,122.21680078171548,85.67243109695048,2.3021737206240207,-0.5726703489632494,-0.6273183204530441,151.04168725946664,129.4483262122702,108.22594175763827,0.43103087758960845,1.450906704847483,49.33832282674964,73.09393666437862,1.1236395448139762,-81.59762896997609,177088.12331027925,668698.2695449891,0.9855272051648813,0.06341550911635686,0.032497729071956354,HOLD,MSFT,2023-01-05 21:55:00
151.71039374691253,173.22203446388647,135.43869005826775,177.0248764023721,201.02125863267858,49.539751177530974,0.5866861800911478,0.3999489186941243,1.0951930995855286,199.53013112345872,140.77438816422574,191.42834977736428,0.3747389098371842,3.397676284510518,83.68726966800914,88.38744419038765,-20.05310375798703,-45.85781168736061,694844.2776317839,-590059.7761906815,0.9960091304562297,0.6990823809565562,0.0280588172289198,HOLD,AMZN,2023-01-05 22:00:00
158.05776836589772,154.2340752205994,95.6009175027095,122.82824633107512,160.52627664948386,57.75820497749755,-1.5184853638530478,1.8631002884472514,-0.5718616155932046,167.7390759604688,152.93439697948773,140.4108134847371,0.22274713513335503,1.7144639431546569,29.966339817097833,40.62242404020234,27.661139523659134,-83.70423886238513,2642634.6186863766,-588746.4180276392,1.060163430110758,0.44848349601702814,0.0011757281458964026,HOLD,AAPL,2023-01-05 22:05:00
195.85405279237594,109.22123958543212,130.74214830533833,151.3626113184086,152.23280166357628,82.15025848533494,0.022317823247143567,-0.5241738497059614,-0.8284815597870121,108.38980305975802,171.35641961700367,148.03475034241524,0.5942054130772708,7.022447075358201,62.5784215431475,48.0452637892794,20.441834029040052,-61.1330245854983,1720271.9505873995,1426677.2119424175,1.0266583254824901,1.5055311333842971,0.013634976518261732,HOLD,AAPL,2023-01-05 22:10:00
165.23507268868872,132.0349431061843,115.52229464092879,144.0678361894828,141.50318792563863,58.92178190240293,-0.8561035682971655,-0.7520755640897375,0.6567619783725123,151.52801064511942,125.74743461841487,120.63271660031835,0.5303630767162176,0.03111577358234083,56.480955192895756,42.70008942643441,76.31813641756241,-18.576992600386085,1496665.5338563004,2472042.0307058697,1.035393920329233,1.670123823607236,0.0019326621505766303,HOLD,AMZN,2023-01-05 22:15:00
166.14888237148898,129.77936700363367,145.84756809205842,138.29381575047182,157.76446526356395,56.34137007997173,-1.6075162286600277,-0.15920408755862134,-1.9306522347345203,131.1151912634712,124.58889311031228,156.9213302182994,0.7320864273408744,12.810062435201704,53.69031094075362,21.419174113009095,10.510115879758263,-46.464435657960784,929998.3517589716,944824.8464515234,0.9038390247316991,0.18344512526739576,0.007700393698977787,HOLD,AMZN,2023-01-05 22:20:00
182.17522011929407,145.68336864330863,115.23980660813774,151.66511587031266,157.40707838007484,15.584413625006752,-0.1594835297953268,-1.768469915715691,-0.2854235209552161,132.79726326586373,152.78419828406203,170.85203486139378,0.17392915494402902,2.3514773073432567,22.139187521577046,42.96022246796448,69.99294716015937,-72.60817108336167,573186.0491382839,-2537395.8487592596,1.054382963096723,0.738655274540655,0.01097190495677606,SELL,QQQ,2023-01-05 22:25:00
139.05141811371345,160.77530975889488,168.14937751786542,115.7065233511107,157.7650648462198,50.68766159120486,-0.3817122209841381,0.9961807252018475,-0.5189570826434774,148.62735429768196,100.32492520754612,122.51376675283925,0.8622710660401111,3.5756227527192026,58.571206819892986,52.33516859325065,-93.02147935062585,-58.89438238562678,590658.0512585983,-747607.8807678535,1.0488025609228693,1.9656683246927724,0.003893216825429784,HOLD,AAPL,2023-01-05 22:30:00
124.82370997982981,160.54617267663917,142.72310349117433,184.93377395609494,152.4453527083326,83.84614654394102,-1.5313572359684837,0.17477835535619912,-0.3041546491212015,169.59744863761796,97.06155781247782,123.1880272515168,0.8053197260073797,0.8157932269480869,21.854998399579504,5.889680923811493,40.522252348885814,-32.00224608013863,90981.724403056,-61932.66388135944,1.0242894885742453,0.9795677390113687,0.012656189055285039,HOLD,QQQ,2023-01-05 22:35:00
118.65572417936899,94.71964737854793,140.56010013103153,94.58740764164479,175.0639501491665,47.64802816665398,-1.5527280429251102,-0.05308319116582204,-0.4883837695554094,191.78169611771648,149.17423808308175,135.13217770237608,0.17004386964208856,1.4199411190471167,54.2153759562215,39.795903747846694,8.89837605464508,-33.29811279950381,66979.85106917084,-154255.87293293903,0.867071978761118,0.6557956540725158,0.024498563349508277,SELL,MSFT,2023-01-05 22:40:00
91.00930231871995,179.91822962682568,161.39730344468956,169.27246441050696,149.69313038002193,30.88855319115302,1.6291931531795762,0.4929789186117284,0.37508757173384666,141.6101586252311,156.73043717333812,107.99736046897594,0.40228038178765146,3.1889926705119325,67.13677694357102,63.65388547754053,17.949091998376545,-25.5290719294203,1854306.4960345621,-156799.15698475184,1.005162211075462,2.2833862875944653,0.011488287095137826,BUY,AAPL,2023-01-05 22:45:00
211.68621389820967,155.5770653798987,169.09767335189656,141.55085271889374,119.66183493342083,38.82689075265328,0.8468317108503568,-2.210927887527869,1.099686220039962,202.44365345223744,148.3455101103319,161.40676889786278,0.3769934114805649,2.859652317409595,43.33149205762257,24.951696679212343,90.92356509381538,-88.95224283799232,525350.7505209913,-1424230.0791667765,0.9702925531066006,3.395848710074489,0.005335112418246312,BUY,QQQ,2023-01-05 22:50:00
116.90374902834951,189.5359614278172,144.49753120575872,114.53040339816148,130.62731327297396,61.880403657573154,1.8873374592139287,2.1009786732205398,0.4593369247856475,100.41587610665164,137.55822656299824,172.76997401731157,0.13401213061544462,0.813034609583818,72.98009190630883,29.45849937855093,55.356090930850634,-51.65549398109168,55529.67241813301,1922603.9362780664,0.9816382302793306,0.26823781542096775,0.010716656389954962,SELL,SPY,2023-01-05 22:55:00
143.36239129242685,161.32594981872015,125.71999251126773,158.47626785915824,89.62943919530863,60.224423223665944,-0.5675035256434203,-0.7794726076928169,-0.33691361786768426,130.6736274408754,126.53881011883185,107.02283028880339,0.5185999947118948,0.7843384873904466,66.87625809773975,83.28925232181318,-17.51638886574972,-61.204201927010814,1087833.4126314938,561345.4178232861,0.9615503871232489,0.20186668853573408,0.017949713128724582,HOLD,MSFT,2023-01-05 23:00:00
141.69560100333237,181.03968873207288,100.65075959719677,102.1775652253927,209.80451348127178,56.66807598436965,-2.1754714402465574,-0.5621354534496656,0.6314334252071935,231.68919491048297,179.68897229389884,176.42949120722992,0.5342700951445835,2.1742245535038576,48.423534148861016,46.00910457619684,-42.61388681814176,-48.849149205121826,1149807.9051367315,-763381.9032705354,1.0177280439658185,2.0012203263513624,0.055100420312948276,BUY,AAPL,2023-01-05 23:05:00
159.22220093427302,161.9963593435038,127.8487560741205,153.2708422950283,174.88263775858061,61.13124864042917,-1.1478042740883536,1.2975559079798997,0.7485912982505656,120.00855146804658,182.94219533200106,176.45177822183456,0.17091611445420224,5.425899814322427,63.14052850666957,52.331446566217735,-95.81650620732677,-13.564294227355084,258046.0668849985,-580086.3907636866,0.9401704087398277,0.2783253124538545,0.013840747616070887,SELL,SPY,2023-01-05 23:10:00
174.4721163761789,188.38677268608245,129.56969383380095,106.46793895003026,124.09788514612289,77.82352553269796,2.054628011940009,0.9168501274579737,0.3609287229901454,203.79469587364994,142.690374122144,64.77472389412902,0.4603186164287145,1.155305935809108,50.60091137010744,22.78614524439408,22.51765990396373,-81.77644692880455,528853.1301633536,606301.9373178063,1.0051925652456752,1.8828134075018863,0.04376067809245442,BUY,AMZN,2023-01-05 23:15:00
175.81420465079236,163.66751908053337,147.6764363248074,166.7607066981706,140.54465451808701,40.64779065240116,-3.20080879705992,2.9982941900264075,1.0486498944735392,159.0907138816293,122.90672009883227,116.88823098326824,0.9599426487981568,0.8706380676541943,23.402114661833153,59.76488579291407,61.496317709077175,-67.35124968650159,851964.8939865251,-253764.69979174942,1.0648220859426518,0.358372158648138,0.08341065552574918,HOLD,SPY,2023-01-05 23:20:00
132.50767684293186,145.06254260671287,136.37132797154933,122.42056532382799,129.893705773807,80.10997092294528,2.8894217690467556,-1.4477596572072255,-2.347395646413385,157.51992927993462,114.77227946586194,131.80299821282213,0.2596378396646058,4.501637509506221,25.924620410841797,57.11283815997734,63.403881231800426,-37.17295826006922,907038.083607997,129540.87828726762,0.9733194015551044,0.019373098405801398,0.016375043915593475,SELL,AMZN,2023-01-05 23:25:00
144.98634858640764,216.17304161340644,162.1983243012857,137.5681914550621,195.27641634122352,61.873493219575984,-2.220319287290672,-1.4064731134991666,0.02676439775223908,192.73415477414008,150.7796355008863,167.05170050080716,0.6137797254087313,2.298060741530849,32.8314617724273,88.65380607507207,-20.178534254519327,-21.587971037190982,715628.9985901853,425627.5992947741,0.9795551641860436,0.5480761541138041,0.0031815303187757334,SELL,AMZN,2023-01-05 23:30:00
158.477398514649,174.67111366839677,129.67541821823275,161.4063804141812,106.40368507187213,53.410367905511876,1.5593530318857758,-1.7938040619345879,0.3078534436267028,187.83080221377955,109.28781405872287,163.13956267066658,0.6579362245718436,0.9829480908185049,27.101100132593082,23.233417587627876,62.542911400353354,-13.076602806881473,452865.66441958735,-511852.5864100049,0.9369914306654332,0.04120448556872054,0.0416389645256726,HOLD,AMZN,2023-01-05 23:35:00
142.53926621449358,165.21233263013238,143.57397082867647,127.27865242104845,152.43428176456337,47.72908851956583,-2.0409170984177374,0.2002837623830419,-1.4812357116409642,206.68129604029713,109.86659016700469,122.25230938864051,0.6394910288191604,0.11796393397738977,67.88523049694808,60.84384301487782,63.52983966431485,-28.123885967333557,71302.74503188986,1729644.8477194824,1.040384095079205,0.23318274492475047,0.03966173696024006,BUY,AMZN,2023-01-05 23:40:00
198.2203672805998,109.71086750384993,174.59968607992224,150.1451520106143,145.74416472305455,20.745459826161444,-1.190336099814084,-0.40586914343927216,0.22077121842169814,151.35306347116997,127.89374448904348,198.73754938142565,0.042106458869631644,2.5565973997639055,5.703126713106159,64.15701326448445,48.29753349114172,-64.15170699861417,22535.646132784786,-2349909.0992230335,0.9530564187124821,0.6526998422409985,0.040584183896196536,SELL,MSFT,2023-01-05 23:45:00
164.72924854914754,109.35077147609387,153.54563034887417,103.55742396016468,173.80515892127343,83.71152847824173,-4.114954065008704,-1.0429476859687674,0.9149506585392494,165.0046835014438,152.6796397094043,128.99789245166247,0.784542981588643,0.8704671208827813,26.020685891009087,80.69737106735019,2.624640170619226,-65.32794708174964,615324.9142338419,-775784.9210801246,0.9664587483869329,0.03925583822507203,0.060135488456118776,SELL,AMZN,2023-01-05 23:50:00
172.04633358149454,156.7814644642556,143.4990614577859,172.18801931507699,145.87972316825915,34.69822847074756,3.707597122049592,-0.09850938659452525,-0.22387475118136693,151.2432315364113,176.71827995802252,124.94258813436907,0.5901314655228106,0.1463593860936295,21.539316264762054,51.52768930557093,-2.2638992482140208,-21.599064483589476,226828.66672123066,814939.10243256,1.0373778656972121,0.03377887972535243,0.006471310585964664,BUY,AMZN,2023-01-05 23:55:00
169.88643806002239,152.36563593304723,129.95138895162057,208.47724177762467,96.25373370033695,45.56936528608383,1.149661500097281,-1.5482131499352674,0.6565393821360263,121.08396912341433,146.27002039115132,115.17424794010702,0.07576448620334465,1.8949905745684994,94.26830624467286,33.38199726047023,26.751801635698435,-73.09792562515554,2788536.7439474794,-685357.55529787,1.021587431999143,0.1685932008816786,0.00811221904508903,BUY,AMZN,2023-01-06 00:00:00
185.20421572455976,129.57632304975053,129.16921508212556,241.35068377311876,141.46646496072677,54.192654448683584,1.2673970307250204,2.3189316481093876,1.0227533286706472,165.97200608936913,152.41558279923618,144.64282989630058,0.13116541184943978,0.7801883091226087,82.55307629209277,31.04714943954205,34.11401654352809,-16.627233813395105,1022810.3015624481,-161205.13922567066,0.9168531764195184,0.6212983052182052,0.023237240257732713,HOLD,AAPL,2023-01-06 00:05:00
155.4306467611112,152.2294809883618,123.73466867620131,154.91738069332607,119.83513346170025,42.53899261130727,-0.985735645343808,-1.048847963606647,1.342463772162648,154.22895088162855,164.56625617780955,177.12503743843874,0.5042168663760057,0.8263591010286825,51.26895061552238,62.48815392911807,-23.728408978421715,-13.226766568501535,880701.8889585492,1245445.3087220856,1.0270117379061159,3.6503107671931834,0.0165978276136145,BUY,QQQ,2023-01-06 00:10:00
111.0950415613246,195.65880784130786,131.47482835542752,177.22253250550997,151.38738639669683,62.46127791512958,-1.861508700499761,-0.8567170105611612,1.1621538808555265,94.5015355099167,162.23533901034958,122.96115322739128,0.6403290981204428,1.3046636741955249,16.383864749504472,21.717964565317445,-18.09059104558765,-47.65492661081526,521805.4358284996,476908.3708857358,0.9868941141305407,0.09806975024996824,0.04055507026103075,HOLD,SPY,2023-01-06 00:15:00
161.99063855257924,168.86207423650896,163.89164596860786,95.01997846696034,192.0253110956098,85.41185886884867,1.5530612144755749,-3.5803500618854365,1.3656067662506852,198.8287740255744,126.20146833940166,156.25264581066622,0.5701250278999815,2.5279748263861057,12.200425760447667,55.431605969508894,13.450216085826462,-47.5489975943178,399769.24936839676,120923.93050148968,0.9946737759188963,0.9727560441886808,0.00587417176591334,SELL,SPY,2023-01-06 00:20:00
130.45929318624513,113.76974470741786,139.45279321769328,200.08749844177882,96.81724267303166,95.426052750326,-2.406249183497574,-2.4682710489218334,-0.49954753554920805,165.1836126799418,161.77953821476225,156.1007950785903,0.771315516589936,0.6468409032599723,56.29217845626457,58.588137445112885,-30.927025692922673,-44.36843039758127,198216.7782031271,1170409.8171806897,1.0728466170048365,0.6873107011335684,0.021482848411234292,HOLD,QQQ,2023-01-06 00:25:00
134.1414995475073,144.6547351857117,111.25567326546923,176.83931215117138,124.99331793800289,94.15966226644454,-0.3342537204784059,-0.8820618692238757,-0.39013235211168124,135.49199072096135,165.79491653712557,149.0562910595594,0.11256111237208706,0.16882061438521398,55.97287983429793,33.117627301644795,-25.417837455576688,-55.36445101074348,62027.633290724065,-571719.2883088444,1.0427408982473065,0.062040596523426035,0.0564053011281455,HOLD,MSFT,2023-01-06 00:30:00
167.5909205626528,123.85100557442317,189.20423232649458,136.51412976156055,132.41921138649508,43.77011783647454,-2.5014602329174367,-0.458242971399964,-2.473445893668184,171.6348851843898,147.7680230833557,159.66326038184445,0.5833095772766324,1.1047739825529335,76.99737423956977,60.152230651440455,-87.99314660462177,-15.20043491535791,1006482.5489400906,434073.01257085317,1.060851755547638,0.034738330906824995,0.0048636562275597315,BUY,AMZN,2023-01-06 00:35:00
187.14849214300907,136.36900250774318,152.99912977862908,191.58978560924828,137.55106713760367,43.05625157901931,0.2478968931706659,1.079071557559589,-1.065168065731695,141.65614665305597,143.4119151978001,177.18277871329684,0.49585047588491804,0.11298287453010943,74.36042783703974,17.957408922075256,-50.45344274247532,-74.35602342166638,1510500.0077177854,513691.9952258189,0.9518920507981624,0.2508181097340067,0.0073310322505456185,HOLD,AAPL,2023-01-06 00:40:00
150.63814730208185,135.59153003111072,109.82641498717076,143.85676554734908,171.20376992315732,99.53786999557832,-3.8338255289425685,-2.2434062669110766,1.2184490601191387,167.05230812456415,154.9861131206724,158.18956101427688,0.4079759053856708,2.38981807523217,58.080414335956675,57.16247245351198,37.222162065238855,-43.219115796016695,1950258.2533695048,-1164277.617408378,1.0736992225840722,1.154391768584198,0.01046531281220475,HOLD,SPY,2023-01-06 00:45:00
159.2649903779689,133.67063252187984,133.9537768189794,137.3431941435342,143.79366747315837,20.9799813595903,-2.9611575467220543,0.6782561209370692,-0.6048565073281402,208.5521843944482,152.3751436438538,181.4032278383616,0.7131682100075297,6.40027831152562,49.24325627102177,34.21126752071334,50.35267772368574,-69.8747479121786,1288470.3670577453,-852436.2970356058,0.9604847008905938,3.2804403561326874,0.0018224599980338194,HOLD,QQQ,2023-01-06 00:50:00
201.06644833905713,110.34593884079815,147.77215957071044,167.21071761367972,161.47408177161336,37.663704829354,-1.7196389086647654,0.936279878706131,0.39758837285119886,173.95626364712493,93.42490131172893,116.998122352764,0.5589634651653282,2.1503314855478903,78.7916290765437,51.59418979747,-1.9626331411017317,-30.85450388471221,2272549.5296463715,-1711348.0483445383,0.964015921107892,0.8121058157823312,0.003892815587257199,HOLD,AMZN,2023-01-06 00:55:00
157.22259538465704,144.1703595544543,187.61480233243444,117.9726560054298,130.2268086880467,15.613575333574465,1.2295061482106397,1.015419186578402,0.24072660945678057,142.9527001094317,150.72111371031318,136.73357141924475,0.6119422530908296,0.6442446411576649,12.66856500459928,61.65351473505187,39.538895569009,-54.14003812928306,4063224.540468444,270911.50752338255,0.9951974498224554,0.04685293840818146,0.00962836674916713,SELL,SPY,2023-01-06 01:00:00
228.05049342541184,131.18177089458072,117.29718854352826,184.69199246079833,155.8977303625381,16.74403292197396,-1.0626354225238632,1.553489670940039,1.2406861651433425,123.91682427494821,169.47759675334953,117.0348059536829,0.5241548911599507,0.4010583582662603,84.60541367017392,47.59020296666014,-111.56164464762499,-23.352037077957583,3261469.385442882,1242471.539173234,1.0271917149959164,0.2983730117930719,0.001546119005577088,HOLD,SPY,2023-01-06 01:05:00
166.96528936894632,60.11653929993196,169.40101798389867,118.20832601834101,172.33392892633145,65.77485622046147,1.967196646229405,-1.7428801433078256,-2.0203822702982475,134.99815314848448,164.7168699893705,166.43688695409955,0.659060266326131,0.5299726835995089,67.85233662197582,57.539649743633944,21.403116355567484,-70.60788261861155,897052.6841253287,-797779.1722271658,1.0627488244065306,2.852884319155887,0.009008558820109465,BUY,SPY,2023-01-06 01:10:00
97.17711722532547,209.5891607350499,179.98716067430857,118.39824672565804,127.03101350788735,27.793839803066344,3.001396555318929,0.8118467310162012,0.35263009484274094,188.42136583292384,149.4287459656322,186.65499618284898,0.22607168493268343,0.5010551982566472,63.30814513547448,14.87476129440367,-72.9613177920475,-44.45926848437813,253860.52816768113,-2354291.2677016566,0.9975419845128604,0.012599580279952683,0.005598029389318799,HOLD,AMZN,2023-01-06 01:15:00
172.60024863313598,180.66308962650015,129.28364237313573,122.8899267709333,172.44074359419545,83.04439934353516,-0.6172862593765874,2.6477413518590662,0.3363673927668584,158.02004514643897,143.70130343963496,140.71011682339963,0.7631169195739442,0.7532612120751546,64.78595382336411,64.33199681488621,-41.99711774850148,-64.19375042686514,112447.15833734612,-49602.31634773514,1.0874279490123342,0.9219357531204988,0.039977239005707335,HOLD,MSFT,2023-01-06 01:20:00
161.43475154648334,136.71097825225013,138.06215952849416,176.3040012005159,150.57118306182704,31.716961643165643,-2.956894840541662,2.100404723269687,-0.8577974726390025,179.5913506460706,130.0781071791612,158.44629026135573,0.8479478387528029,0.20483343494692055,40.568181862157644,51.67669097055041,32.462149496026335,-26.538300157529086,5103572.978054958,1199497.4012053243,1.10331997830665,0.19713219015745492,0.01875506534244529,SELL,QQQ,2023-01-06 01:25:00
188.69258262248238,148.56457149221796,119.09226881565574,132.26318843136934,180.36380721446758,32.68496451228093,1.931359912552096,2.837933567703955,0.9602467824654133,150.21217624773723,137.13727168829928,105.1637532401589,0.09499521108026655,4.521333306390885,38.45083319098901,48.32859407521292,40.9548240143661,-51.824177480398184,368733.4006856477,-352694.74012094724,0.9411731554559182,0.06850488554768476,0.04575196501853025,HOLD,QQQ,2023-01-06 01:30:00
170.19544053809875,112.85036958047314,139.91347147299237,108.8641349002506,142.9574029976908,76.52720845368017,-3.083132343709736,0.36150474648869113,-1.3990352965905581,127.33141595288208,158.18380273954205,150.64653636152823,0.4557065975724888,4.3277429708076145,90.10659576679645,25.824201858813428,-95.26556055007666,-43.08308675355483,34561.48585495158,523461.52721088345,1.0675589752478238,0.29361461724145543,0.004535176002872198,HOLD,SPY,2023-01-06 01:35:00
145.84632048048678,198.87168633432597,144.0852506414267,132.61824000205445,160.43733965486297,72.34115474223289,-1.8065274102109732,-0.8877790303472313,1.0645358472303923,180.96494403938067,149.61402753541867,99.80520685085094,0.5381915209941005,1.9102515573671386,50.80611495578208,60.79580420274976,-83.37293688421333,-79.51972707098722,496012.70610376593,-2214526.9365987326,1.006330857816268,2.7644358643716997,0.0017036981965908543,SELL,MSFT,2023-01-06 01:40:00
113.27105291131903,204.91866084319335,161.49124995205926,150.97464413822442,147.7818130496441,21.52195580814634,-3.402128541852774,-3.795607632892989,-2.1556857596153813,131.68859550762056,162.59352342393518,151.81894127461416,0.3369674450021737,0.127840873711163,94.5740351307556,62.27957035556059,-33.542708354389774,-37.90533629440234,1378722.0446144799,570792.3213346159,1.0509787154687769,1.434473059407472,0.008740576840870234,BUY,MSFT,2023-01-06 01:45:00
143.72930228141925,152.70081184739573,172.25458677551117,114.20888052273966,146.11363213878263,58.18807966184257,1.9263294507086846,-1.8641068248142374,-0.9049202568184825,145.72238656094132,127.01762436837674,92.29891406643031,0.5844381572143345,3.25928879790289,30.380605741858513,35.24184450503516,-89.5904415278022,-76.10622633547594,2214574.091982897,1529540.0769799752,0.946561038378029,0.18780058035850447,0.0011615929036631334,HOLD,AMZN,2023-01-06 01:50:00
124.48438637372101,178.70591932556033,126.29759838445882,115.14620451090101,156.76791284677068,68.74308531669678,1.1441713651088468,-0.7881014621066231,-0.13988794267799,117.16296783064504,167.09011998016197,200.8343635133306,0.5058706705607638,0.12755992980314954,37.417296413992915,71.60579986048742,-20.692728474374057,-64.32789465829205,649252.4971390035,1849328.1827801168,1.061750919954625,0.0679608729397094,0.04299969316760913,BUY,QQQ,2023-01-06 01:55:00
132.58429650585833,153.2586033680177,95.81687339435014,219.5614826911867,165.1042240767471,62.94276341788731,3.236571449915222,-0.5176727113943331,0.21765979446459033,127.26798719266634,124.53885155696774,148.48064503833595,0.9024429884122407,0.22504156472639836,68.19883875009938,15.62786627850477,43.3333986355444,-89.48152540952559,348180.99859216734,994415.56530836,0.9729062152861571,0.6795324686159329,0.004168843725049933,HOLD,SPY,2023-01-06 02:00:00
167.65735213261829,107.89823683372208,144.46888051809395,124.46190707795562,111.51305264227985,38.13843360877349,-0.8825112190201387,-1.1876297357558543,-1.868083748368918,191.35029562607676,145.06954670951924,147.30498104031307,0.27003951254935643,0.7869635695121394,37.784762944308994,44.761093241771775,-77.6028710416544,-32.420695608270414,1506900.284100421,2553232.748438148,1.0554243926391236,0.05409834377109756,0.0030414152484035386,BUY,SPY,2023-01-06 02:05:00
200.0971351305422,135.64529893109028,152.338438249216,141.66264419926378,192.00900826453633,61.070207066266356,-1.6479503168215661,0.5093563902040766,1.0429093955848912,196.6752330821242,125.95255424486092,207.25010451138488,0.49788216455571027,1.1294035109688987,69.9882449723863,60.69971518592531,100.63510016373876,-12.234408098274335,700712.43001426,869673.5086537797,0.9977844603296544,0.5176147265441492,0.031002818356961327,HOLD,MSFT,2023-01-06 02:10:00
161.84014589468944,151.9578390031587,151.23544219212604,140.24841597442284,93.21010878350604,70.65590822387423,-1.0496212686739204,0.29221484696643657,0.7535600250617325,198.20165120841227,137.5389047982528,151.9818403297435,0.5147078942534563,0.873567792684031,9.647142014219597,69.44914963483649,-13.034447876809146,-75.2673734605051,89957.08354223032,-96569.04330119093,0.9936121329282771,1.6106950652675405,0.02492419105299276,SELL,AAPL,2023-01-06 02:15:00
114.12350813894447,134.36356843769667,136.8331688122739,138.51658215134586,128.45563670783312,45.91032250695178,-2.6655415498595443,0.06142936451432769,1.9033130814242465,198.32240376879676,190.8450012392357,101.7148461702604,0.9642550036429631,0.3611975576051057,50.87148652836464,42.04651411518208,18.609556583008764,-25.80306262510212,2187024.136609654,-467377.9900950875,0.9999551257283664,0.6944750514248287,0.0011728473523437983,SELL,AMZN,2023-01-06 02:20:00
163.33808004660423,141.4404016769489,148.11880249159836,171.88309567901126,146.17192787705298,50.11854637528561,2.8573035612577895,1.1779404105525721,0.7021115994891354,147.60888811171708,152.73389826336316,137.07576223343264,0.6002791844251807,0.23785925026186464,38.9952501925187,32.01209306059205,-51.41595522106154,-62.24062299380101,1066552.8678938625,-1642084.4668059403,1.0374042998085824,2.2714809714951376,0.014249260491971862,HOLD,MSFT,2023-01-06 02:25:00
185.89894459936954,145.25801327472655,182.88612020880618,182.34057441510558,161.37067907257844,81.9350002385572,6.75326781725456,-0.7044532324034991,-0.7364100104580964,183.28875395195394,145.6296974392101,208.35523272233345,0.08337917048654404,3.9238892070203506,18.748811245950563,63.17648472383498,52.06979578192843,-55.444212503718774,37506.786054536184,-638133.5464422938,0.9999457815657122,1.5666530880252252,0.01191496147267332,SELL,AMZN,2023-01-06 02:30:00
131.70651287041852,145.57364506403613,154.54335422406274,142.20945819098904,196.28517583224135,30.11844477648585,-1.4476235957540824,1.6439841843680485,-1.07129887026688,196.8510627127536,175.29905014874151,123.14244421593492,0.43397131858017435,0.9025403260542716,47.39671633242732,62.31717341034676,11.6925537452942,-74.62980143184035,9098.000623831178,-1098613.0163192658,1.0301352346808577,0.8102847605909533,0.009783160818045691,HOLD,MSFT,2023-01-06 02:35:00
145.97948499981246,149.5677547149245,135.6657893749229,112.43269482904483,93.25125535324678,10.989549538109413,1.1853961618164621,-1.8056779892934292,-0.42059153444004027,129.45938447767634,75.88230487125271,136.78352076323094,0.33859032897382185,0.49333460099404086,77.78453745926093,12.05153539435528,12.725166315917939,-67.11537956567304,91810.04336902132,792789.3904787139,1.0003569962440741,1.5625740795106808,0.002709526411337024,BUY,MSFT,2023-01-06 02:40:00
150.44064584187592,116.18184800810198,132.4950545726001,192.7820872911649,133.76917614830867,26.913346821929313,-0.3109782509447826,-0.45536992790459246,2.1808150497041847,166.78203036988234,136.02977189077484,196.40123850733556,0.7975198712414929,1.3349251705318554,19.111727859030015,90.13687699313837,19.338636349401202,-73.22141776053694,1725721.152060056,-1172548.822504673,0.939345656363271,0.09967295561036715,0.030962343192750034,HOLD,MSFT,2023-01-06 02:45:00
126.4530506075328,126.48951552616191,140.75369105805675,148.94908508170616,85.19499536602204,63.72612606978889,0.8834808563369818,0.4778141454959349,0.04760716444615775,155.53436731101016,127.50732878784905,126.86971639008976,0.3530606308683148,0.07503699860227357,59.82326966933703,84.41778011873642,-64.67074813219423,-82.9628954042213,656444.4260367763,-1030137.5203972511,1.0161661404750146,0.22484712584847744,0.0054875736538419415,BUY,AAPL,2023-01-06 02:50:00
169.44841301531577,109.46247202900092,185.918499045766,207.3702980754294,149.94865921730744,44.95162085903731,2.1193973716082786,-2.8780142482841122,0.09025389234465608,94.50274897606573,118.56137902243292,147.13741644262996,0.7846823356312015,1.8339878697881595,27.48667858687812,76.4986118443638,20.528181734992028,-93.9484762671511,408421.26619965077,957922.9452947367,1.0208585267174741,1.2053753685845157,0.012258470427052432,BUY,QQQ,2023-01-06 02:55:00
146.37155554176655,177.334466490586,140.41748226184507,80.14125127791479,157.1505075350009,8.023842827715265,-2.2861827376687365,-0.7558131603044552,1.3794609163016796,171.39765633264818,101.78377587013267,190.51362064885484,0.5459851252835635,0.5713404267950947,67.61320195540682,37.72820901611528,35.21450756629509,-56.92582911030294,286740.39913327503,-536712.7676081934,0.9291836673506411,0.005736393685607843,0.04258344633051821,SELL,SPY,2023-01-06 03:00:00
162.58597331721083,84.83059174479027,144.5051413869823,158.25290308106625,196.72387226513757,47.72346639578311,-0.9571811032611852,1.0676229599628142,-1.1645288260785236,134.98999894051568,134.52282504470693,132.78716164868794,0.7303985782961847,1.823583804259477,39.496881933885305,45.36106014293534,-76.53781903108406,-56.68846251933463,706958.0815910192,849818.0983363733,0.9837536809672023,0.00469023762897412,0.007661623775327562,HOLD,AMZN,2023-01-06 03:05:00
123.375234665937,182.60771029950777,132.94216072659242,213.39540268403866,152.61904282680362,36.627347694650666,2.4063111198733673,-0.6410124182756781,0.538960281037568,196.79285330871366,157.33765493597684,126.04339978777965,0.48407830511036004,1.9044844446469562,50.94681243299186,65.88586386784453,-13.473675132225152,-54.82370633152579,86691.67335657585,1758533.240680068,1.0355142803180197,0.4785866572459193,0.0007277246248392127,BUY,MSFT,2023-01-06 03:10:00
136.87625099029768,189.5904819178853,172.47458393604913,140.69554766597895,180.32075388327138,17.98404692558045,1.0176697890816135,-2.733919054853404,0.5163430005440565,133.31766699147943,136.3280207226183,94.70970962133556,0.44082344172449195,3.3133126341956074,22.80305787921434,36.109340423008845,-15.375993939532442,-69.18416232412163,960191.5758547633,-926750.7899970718,1.006680739781601,2.017982024961209,0.04398837932374486,HOLD,SPY,2023-01-06 03:15:00
171.67144073483314,138.93458239052137,193.99593136861688,144.78421045329165,166.51511244617177,50.82635686657318,0.6546394854557784,-1.331013761570071,0.9573574551117774,171.51890073856305,159.97269621981923,116.91226711369956,0.7480428876031355,0.5224821555404219,34.89937808465109,11.322884093226888,2.1202766892923193,-60.81488474513018,478886.7891316921,313889.37919856794,1.020744291081644,3.955446311353207,0.013620050686748039,BUY,MSFT,2023-01-06 03:20:00
138.81500543724698,69.90588736518104,156.2653262357847,161.45637413089085,135.94255408984495,83.67816783711194,1.0193676814924328,-2.0176789966650803,0.8522934503006728,163.9262922921444,141.7873835614382,123.49767575390818,0.40663986724693285,1.2452456156851546,14.356843073168069,87.25352002594806,36.08115918648955,-26.87641680910271,1955031.8552476054,2918594.060433862,0.9795432025688041,1.049351740979521,0.013745803913554911,HOLD,QQQ,2023-01-06 03:25:00
201.80891553700215,137.1606831409813,147.06932259463565,134.11853379568137,106.73117759623882,57.97945993248555,1.2157830184330707,0.7443058485461155,-0.058691152929314636,99.69556036229292,169.15425262080376,139.10616576812785,0.6214889622828144,6.534417442269925,77.76524780534714,37.167562618039355,40.906692314402186,-58.27752457043825,1404160.4298829455,660695.0163139892,0.9668226319228131,3.001259992485776,0.016033175449844533,BUY,QQQ,2023-01-06 03:30:00
138.01091443156193,146.0744751613354,145.91957082935588,142.01369817431254,157.25006894875432,27.32429637591874,2.315526837474243,0.17593086185276885,-1.383112851155231,148.78804266450643,127.43008019152782,160.71856740177066,0.3692328381877009,2.597481785463927,35.38927771321934,37.12697526985827,-4.991197892809252,-7.527203786794096,18536.92771744274,935819.1422040068,1.0164059015660307,1.8817286597135323,0.003967408717579173,HOLD,QQQ,2023-01-06 03:35:00
156.74054177255658,117.6820534021326,85.39233028035636,141.1899169858751,104.23693948563908,36.70946952409565,1.507547276658439,-2.3421904158205633,-0.5648800467247536,172.5047444109104,93.18321384945813,148.66112333850552,0.4152392222919487,7.405454427991249,50.42760737876948,64.30845306354229,47.79337584233366,-57.14444620258515,182119.25331399852,-120337.67549781584,0.848309657593742,0.22499786272135217,0.025097332116685175,HOLD,MSFT,2023-01-06 03:40:00
177.9777249561927,132.5434481857527,163.62877160712043,131.92253649835607,187.85621218008933,27.088631865300023,-0.10145335299415824,-2.456952337999887,0.8420959678984358,195.822760463188,100.49121380161054,113.05356418893213,0.20680081317613494,5.2446363939426295,45.089840238167135,68.0092958952838,-68.87336776215494,-56.46035431110873,642519.6842735595,185173.07343486976,1.0246780403149935,0.5174405421222816,0.005263206382550078,HOLD,SPY,2023-01-06 03:45:00
107.44902801200905,193.90585596590054,148.3541603998961,191.3234096064179,144.1381369388953,66.44592485738937,0.7060727671301329,-1.0872850135407517,1.854375626896814,160.64880865181922,127.55607342455997,190.8137308436201,0.17132954517547933,1.8870597268197384,28.00686615134125,47.62833129496,13.069123416701261,-47.00952348212997,1074935.6021797918,784088.5681370322,1.0516919451501339,0.9775588793406819,0.007166330752056111,HOLD,QQQ,2023-01-06 03:50:00
97.17573564057672,167.94781486905222,155.70855126651813,166.75449703348593,184.8553223453425,87.28397047535366,-0.13485799268550017,0.04693722541616384,-1.2229327546458943,191.71312347624772,117.99627433366518,116.93919954720117,0.05732744892500642,0.6128610791396153,66.13637599390941,81.57121767464581,-100.70485362047548,-67.83414599866904,1255708.1247998364,-1173720.1268873436,1.035772757856998,0.1640641998572957,0.01994941820652771,SELL,AMZN,2023-01-06 03:55:00
104.23031056289716,120.26307656865701,127.21344514790738,160.02010342730566,134.59356697602803,47.5628877463538,-1.4922874070767407,-1.007800892989312,-1.2887720151884616,178.80782851032765,125.23747547590344,204.1096443556052,0.466089737939219,2.8287635436764393,25.18696112885267,69.95705604997427,-24.900384028713876,-62.977693599915376,1694142.4774444127,-1341124.502838332,1.0004257171552746,0.3755724687284976,0.027706392755131214,SELL,AAPL,2023-01-06 04:00:00
187.87752310281547,100.07202491213704,135.3885780255727,177.87427222048373,157.06552359202976,62.468763200903865,-0.10325490404333437,0.5253398145821987,-1.573903424198271,179.97844502381477,168.46735269550842,154.53822941469284,0.44470501306678634,2.3954463865311966,19.6310752658223,56.43027521574439,24.086815285950735,-34.50316353050389,50471.12158013887,402902.8214181583,1.0556040538515676,1.412179650411383,0.02623241343637034,HOLD,AAPL,2023-01-06 04:05:00
133.4442556232266,138.18948047170687,134.72437658742066,143.54061333748905,155.28046572004067,65.03245327186724,-0.22762110463878296,0.4733585982906263,-0.7670499136936044,181.5435031696622,102.47257074907412,181.36101864929586,0.2307467729265706,1.777789506308935,81.2473807076524,26.785039213083238,35.707188312538456,-42.39289624087385,18656.148767408882,-234435.3928393378,1.0546533350294307,0.42259674778736267,0.0017362138204342185,BUY,AAPL,2023-01-06 04:10:00
226.74597857004755,141.59629661948685,170.54057460182597,127.22547781270718,147.6486764596723,80.22148359424091,-3.3961839155940483,0.7984556652575783,0.9475611856380832,150.38995209829912,177.70339371930388,165.89632819170757,0.8075039089243295,2.393525905705049,62.6404568873839,64.62906972934623,14.693777916819034,-22.900456521748147,917555.8650821199,-1321658.6600974496,0.9253598770245278,2.6027889674004974,0.028095448684140777,SELL,AAPL,2023-01-06 04:15:00
133.07257204027835,162.8859756208995,135.53100408492267,132.71602225233417,136.02021459810223,60.89079847429989,1.5498699188440996,-2.1200009496040995,1.3161911703164269,125.37993438675542,119.8555136260424,195.17246647340076,0.12618826412383255,1.9016940364349146,32.92024238305143,55.26214911617896,78.70305889646666,-80.61867287922432,1286727.6068305478,-1547614.3709142162,0.9805640539090843,0.5221846239735713,0.02173715896056791,SELL,AAPL,2023-01-06 04:20:00
155.5365390959111,131.94049862297024,197.06650805274495,152.0570573153475,160.7736805541156,81.69022441013391,1.8889268912572434,-0.41372974793719985,-2.0786569163582502,214.94141389547315,108.89974961659718,148.6990170135499,0.4392673875421579,1.4653526185198658,61.44905311341537,64.60311571415038,5.428173391797076,-69.26188588971847,1545037.4747724654,1035045.1076285696,1.0049653570538906,0.24815363666387594,0.018582250429253704,HOLD,AAPL,2023-01-06 04:25:00
196.26329857703627,163.34498726085585,155.77156047537594,118.10522533206714,121.21510209550375,18.051159290201625,1.0876178129264924,1.6131490759535652,-1.205174520483723,186.89148422987734,136.54074149496066,142.0029296588596,0.6575886538725679,1.0755561381299859,54.83512243652924,64.40243309215316,-85.2205265735556,-47.42567130360608,169265.85604868192,-35873.13803323994,1.0087605529748485,0.23587261000532828,0.0681488885485603,SELL,MSFT,2023-01-06 04:30:00
210.1827866447737,206.05462120180687,113.10793350010671,135.9916474692264,112.71694013122824,70.44792782091362,1.7694116394457082,-1.0077967614293992,-1.3922280129516678,157.60330932206284,177.47544123230392,159.14144255250844,0.6387887359788686,0.09147723636356468,36.74557221715992,81.74481277712115,-113.6846385391331,-54.41173853871214,3465288.552269901,-424924.7824444317,1.0269651221881309,1.1622385510651865,0.008518224418468527,HOLD,SPY,2023-01-06 04:35:00
211.84510729909192,172.46503067332787,141.78634266870108,135.4842674601141,186.28480679980484,70.55631859908559,-0.3518182711030994,-1.2203269609640017,-0.8676762879118334,181.60058856026473,122.19267256762414,141.7413090137006,0.2876980683416948,4.015178449886,44.44060821833681,40.040907252566164,-49.60351644046168,-90.21355260747535,260623.59496507514,-20762.04309848609,1.0258580752998343,0.4591061469104606,0.022982510408588022,BUY,AMZN,2023-01-06 04:40:00
186.25098691779428,146.55734478007682,128.70812194608962,219.98579935452844,170.81503966676303,37.1037521746933,-1.0281482226010648,-0.7324915152004148,-0.22234768836951788,173.90860659235116,124.97573381433733,163.6071734200372,0.14863750699334735,4.012985709671693,49.77620394340796,27.94077443270056,-49.92066784467313,-75.57326210317737,288122.67610442324,36897.58055774633,1.008222153488046,0.2708275043542405,0.017030384348834318,SELL,SPY,2023-01-06 04:45:00
180.72187577434389,142.50548586840117,90.14043825449939,63.237921922114666,150.9767482580672,39.56967507105813,1.897810740793441,-0.7701163866846606,-0.3974169600384552,130.1052996126156,126.64620356541076,196.4941768026029,0.8986256002524655,1.803037355641334,83.84420693931037,40.951086025681875,1.8772058332348605,-17.511887664582638,167577.6319697836,-211792.74710508372,1.032122045203515,1.183733707047885,0.009819150559680873,HOLD,AMZN,2023-01-06 04:50:00
167.77580847603548,137.29980597460386,184.98677350284473,146.25216891501972,198.95427147631344,74.75060817878601,-2.117566881850416,0.18220966825839038,0.5138192237763901,148.17616418756486,168.75077871350015,99.2850315348533,0.2707960649829374,0.6236334488945277,73.58080344581298,25.654596394379663,-27.567655274314095,-63.53761108191345,44210.48214905997,-1646806.8987255725,0.9911451215498339,0.5471396096419125,0.031045997904030675,SELL,QQQ,2023-01-06 04:55:00
173.35083228499914,183.41922737356433,162.5785635555001,207.22220137007267,140.96703443825464,76.23725922989073,-2.1868808514371163,-0.8722834180780561,-1.9266456705749981,206.4254197825915,128.845678996987,147.71933386330196,0.11080772216373433,0.05706860516129236,63.37407641335321,15.422327493473645,-47.58945037738602,-40.15463033603594,1659280.285201265,387040.4952113145,1.0692365244533115,1.8707548545093704,0.010321713075655402,HOLD,AMZN,2023-01-06 05:00:00
133.464428510144,129.18059662146092,158.33018294748283,155.89902285223852,188.6810965996694,45.22000883631534,0.8962774548134153,-3.0297133127551135,-0.5205210799256276,159.81454447029088,151.15557881445727,216.0178338286029,0.8483724180980857,0.002859651761966911,44.8833911982242,66.50326704770531,-29.140466295420996,-53.83154308239245,5659.521842498269,-986374.9651936309,1.092275796799334,0.796239561376484,0.016354068570776457,HOLD,MSFT,2023-01-06 05:05:00
125.45403349733078,149.35668126999948,149.1350915074926,176.10935914947498,154.26722254777465,23.24100825072405,0.8415263953834266,1.7779720148981069,1.3664009695094363,173.133094215883,143.01470650420572,138.29102568575863,0.8794681398869727,0.15140363038868648,33.188363183712575,68.63371261625308,-16.901954529081486,-51.973868073934185,623210.4968962101,-403661.2901910798,1.0633784495851906,3.581874618413795,0.016448141600177928,SELL,QQQ,2023-01-06 05:10:00
149.89876627767143,149.53593705643257,110.44956078268906,155.19444208319257,118.2574774977083,65.95506547688515,1.8601449186044623,0.7596314171670419,1.404511808423396,204.08662962091125,137.2500722789332,180.41183697841376,0.8155982671503206,0.89221900664761,42.67063095643854,28.08771374875978,-41.789175430494105,-51.489171725851634,96474.75989480485,448300.51909549005,1.036395034876358,0.46913096193296594,0.014321260785210309,BUY,AAPL,2023-01-06 05:15:00
144.89446132425215,132.94647421565404,132.90957151111408,130.64533180107264,204.4412057531255,28.926027235894093,-3.420884700256319,0.22362276267737202,1.6647457327227049,159.70893429428637,127.53338791594255,176.11872182558045,0.3688823962548629,0.41748535193577674,84.97015893477263,64.64064593746616,1.947195828323809,-59.56741128628893,45829.66527688853,777052.9346004557,1.0180585259888495,0.33143110857654395,0.01222773937405095,HOLD,MSFT,2023-01-06 05:20:00
136.40315852018173,106.82603356347697,166.04451936960032,80.25869009571478,178.72132539872254,69.39615914025755,-0.19548448158699858,-0.14125880933317708,0.39325373066446995,127.4028554607864,189.2245427699791,106.86485765522832,0.7309743119375205,0.6159276219408936,71.67347402276052,17.723860007358766,47.37055315145892,-65.83813907045374,2728103.8675192604,317893.27414288314,0.9979303935203984,1.034379326222643,0.003673147680264401,HOLD,MSFT,2023-01-06 05:25:00
170.89162342370147,157.68923510853006,118.71949925543744,158.5745819851617,145.36936906971306,29.233822571179815,-2.2607334417308507,-0.4840588498026548,-0.6550841942755499,163.96587024061293,209.8014968696081,158.9042534290662,0.933173662068404,2.405682737980275,53.7027773996064,39.63251222939795,-32.43653294019569,-50.37077007875952,1745256.6540357925,118353.49998399639,1.0336417555968285,1.232250718456175,0.005511006225800918,HOLD,SPY,2023-01-06 05:30:00
178.6591562571153,146.16988084433848,81.70576709372966,127.18058865272349,170.81513778601845,69.47608923718819,1.7105884264046267,-1.1999499701226155,0.1748623424948826,140.45788970983085,117.91345762293574,156.59031391729258,0.6775092494234549,6.395685868095495,25.28790774225395,60.3003188626079,4.143866075152219,-49.15143115955162,502322.31185400055,902089.6518353539,1.0129196791770305,0.017114087342017772,0.0026364384298752986,HOLD,SPY,2023-01-06 05:35:00
152.65220658875543,163.0072140830971,139.32234980547685,126.38926700271028,136.88889698006278,25.59551739614374,2.667498097255033,-2.816375047946864,2.5277184790485294,111.29483188709573,113.2145780009618,245.47135512193597,0.5928839717917643,0.4632988554139821,31.40789277406698,67.2925693795287,103.48822083125104,-52.86517519364523,613585.319182742,431058.77631828905,1.054534097637368,1.1067951151647988,0.025710250675356084,HOLD,QQQ,2023-01-06 05:40:00
194.32590243165785,131.991990806825,141.45606114931152,136.0324078086684,173.87447105178626,58.67841050433971,1.0089913537106125,2.441158453841943,-0.5305645711366546,188.1066479286099,141.0194666446261,71.2201647793389,0.5945081974505294,1.2533857444421077,59.09458144267429,95.54047205809306,12.253691556548603,-79.28496647062352,2025806.4400977504,-941636.1239847325,0.9782459535247431,0.19969696666892087,0.02727458929660504,SELL,MSFT,2023-01-06 05:45:00
115.74932657599484,184.62463896439144,148.38908541036773,207.8355650119518,77.26764304148122,54.34109566260198,-1.1156957105068739,0.03134041072434844,1.8328366920290837,151.02875098252133,83.17477707769058,101.38337158350006,0.8577554532829805,9.530537388119992,15.465051509185729,61.51627900238956,54.51910819200615,-50.631552296976466,1593746.2727182535,891112.5402001785,1.0561751000748059,3.1908470405818252,0.020351467710181547,HOLD,QQQ,2023-01-06 05:50:00
144.19021622160847,121.69678656364465,163.2129660878634,228.95480135212713,118.40595998916218,18.13020864903157,-1.497170305346588,-2.4166616360400424,-2.436790291731916,55.515799121503065,141.20747984838454,143.13851977908118,0.4893866798279507,5.3669414796072505,40.31102466347364,64.20725833522745,-23.628338792372347,-29.18429025363054,1176406.2899971632,822784.4909582192,1.0196782525516404,0.8580377825719357,0.04993387079955622,HOLD,AAPL,2023-01-06 05:55:00
128.49533038191586,199.36120852053676,160.94014530578022,158.95065400090883,178.37779232860888,42.257462567327195,-0.8236571946494035,-1.5392302753804517,0.5719853618714938,168.8732518123415,190.17965542464853,139.27122318956023,0.6702780561980581,0.8687056475177143,58.19224793191834,50.54292282645889,58.45166571845729,-16.562667126657626,769089.9610181096,167622.884769673,1.0291362067678684,0.1354073251856634,0.006156719599361007,BUY,SPY,2023-01-06 06:00:00
94.0039014878082,95.57090470515216,151.46924513109803,137.12744883482472,141.51033385343243,68.08737069599428,-1.682248784344581,0.4567207635355584,0.6472651543716933,169.30406836211404,125.02745160888955,123.49517739257578,0.7238513988208578,0.7704106024280781,15.949127796818393,50.43850777646822,-40.18263467209937,-12.420116016171818,936040.5757792912,631583.8611058549,0.9877829618690359,0.054158816167598545,0.03441006061354849,HOLD,MSFT,2023-01-06 06:05:00
147.519579424719,161.04310193670673,174.88828470216774,114.32875464156126,155.22626884666226,47.54372153810747,-0.31848229802391637,0.426797499511932,0.37358604994647143,228.27749962411116,167.01165400178087,125.40834715387399,0.6891805816667004,0.5545940757226373,29.834039079302165,64.7185540785656,30.081826487695118,-33.12375467956319,499817.0301241955,246170.5242091217,0.9976115563199547,2.116964643856443,0.004111812131155202,HOLD,AAPL,2023-01-06 06:10:00
146.3475747485015,162.2629204757987,107.02575547966714,166.9932851694742,108.59643013653697,11.447131072128213,-1.5017308342461002,-1.1212605936962774,0.4390643258527339,159.8542104461032,176.73361846201325,170.5282192335452,0.12093171656019891,0.3377910213280659,40.45897442432159,21.565126609695533,53.86029977671411,-11.059472538290413,750981.8747021179,-3270215.792337193,1.0402465409143682,1.9012886942108262,0.001404644038786628,HOLD,MSFT,2023-01-06 06:15:00
195.40349229726394,124.13328796177353,157.61454536193474,209.0529792020846,204.43600987106308,83.167005802699,-2.763298219586073,-1.616802139404467,0.5232154919327878,197.36637520357272,118.46033382216997,124.79373076505472,0.8643780605389589,1.2325651738115937,72.54845348533007,48.05000773864585,77.1067588134488,-32.329032586298354,775872.0391801477,-399416.13992045546,1.070931603242305,0.5693290506655662,2.576660638200338e-06,SELL,AAPL,2023-01-06 06:20:00
168.92435053664332,160.73181813583037,160.66345908342356,144.08510761519497,184.7158893115303,43.186713213799706,0.7612928558903188,-0.8583317374114423,0.5699889051318787,182.62963848698084,144.45713563234023,133.7672014762553,0.6658861929675672,0.8344292687086509,48.81068283662308,57.7953465436863,6.281745402234486,-43.17681727849756,2001293.1632091745,-160997.28585337434,0.9059656719863328,0.09156717521125397,0.017380194318953778,HOLD,AMZN,2023-01-06 06:25:00
119.27439527012385,186.38556009280475,114.01094284799402,75.87212669589682,142.9794434487401,21.359977052643384,0.9156480425013317,-2.89412478901499,-0.33073958648709817,139.3702222027785,148.85192009453422,179.91025805885744,0.4672376096142951,2.7317100995345234,83.37472971873729,60.382635050076594,-13.498547915761506,-93.38567560949161,246737.28065046636,-187666.39126745367,0.9990960175354946,0.49426749919381335,0.03016836355556562,HOLD,AAPL,2023-01-06 06:30:00
205.62277699002564,81.49543481937806,107.42823478294028,173.44158949809676,136.8591242941002,88.91920953303074,3.3988399848033803,-0.7134901358677196,-0.27103092936820566,172.19026104378383,158.22211076987003,175.29387024444264,0.28812920407849735,0.540644601575024,70.47787711419642,34.12273366727343,-69.14341146176984,-19.697015551888715,283187.69705723284,-493156.3541992103,0.9284962341590014,1.4293251931510214,0.03463057183976313,BUY,AMZN,2023-01-06 06:35:00
186.6310108657606,163.08234422472444,126.35144683810996,183.5327907664016,179.88813084259078,19.9026113830967,-0.8663874986685105,-0.6975358276538702,-1.3608158263370285,154.24534150193188,160.0445695518148,135.67272952188898,0.7228206618098151,2.6661308990495343,59.72325153398077,74.53442562037446,-3.6764849505736206,-48.510252094351884,236909.83463988418,-30039.357706451152,0.9864847916412063,1.0832136916454935,0.012722279647626433,SELL,SPY,2023-01-06 06:40:00
167.46293110405847,73.20187539009767,128.46146393711768,101.25293950765288,208.47411350506783,60.15176006250611,-3.7804093132978585,2.2899704471894764,0.7324890414061122,135.92892277370748,168.06249492148578,106.03136088405684,0.5782138188739582,0.6797665359087138,54.774532727740976,47.700362687716726,40.21073697815399,-56.3450755081601,865521.038114759,767749.6009056862,1.0397786423840876,2.0037052487275453,0.0012103034589827741,BUY,AMZN,2023-01-06 06:45:00
143.20547703450504,119.03005589430376,163.83548658756078,157.6474938772145,177.61280767434062,53.012043294356445,1.6306028453204082,-0.676027426699632,1.302275857744767,141.92013460589422,120.44689802528953,176.3783942719213,0.4539618990139364,1.7965518773652842,42.81758762733511,4.664966753734856,34.900929100873704,-23.87807171162236,1187960.735612852,246341.0896669974,1.0367145126976167,1.3910742847388007,0.0007283500055258041,BUY,QQQ,2023-01-06 06:50:00
121.21682289829562,196.87499094702835,129.63653040772263,166.43923251635516,214.15408002189807,35.49646812500091,1.8555125096950573,0.3792723768463875,1.7443846181759908,137.16968216362142,144.35056929060877,121.80464216387453,0.3841388590662692,2.0345997702162837,78.89821729371447,71.71941305912117,-0.9737954026521125,-34.344777355362375,272468.4302033053,-176711.6597506181,1.0703884338291494,0.4006788375464015,0.0498631909701267,BUY,AAPL,2023-01-06 06:55:00
138.8337967178684,130.5465389982384,123.5912870429699,149.66056633571398,121.32946012814246,23.256031547341674,2.284003276164698,2.3974313407260563,-0.8210800097142817,159.66091096323174,177.060341273518,188.75544649324348,0.7963377673233536,2.2281510137292306,67.5337039929156,59.01748350531291,18.53023760920986,-45.7103316529005,1129983.8646856858,-1929677.7173443513,1.0112825678215056,0.41723389281891404,0.0019509415416351212,HOLD,SPY,2023-01-06 07:00:00
182.66245859112558,112.78360106773083,129.709156582636,126.69533058926868,124.41839508503628,76.11189750467805,2.942648673431921,-1.60093262010406,-1.7240796986249523,159.83456987562434,179.76239352438438,162.58145428671796,0.7417765571266273,0.38556573850630244,62.895364824645206,40.04296682650814,83.54968907129216,-21.9942470649696,989106.4150115034,1062626.0472021748,0.9152494953933353,1.0434291667541953,0.03071118554621426,HOLD,MSFT,2023-01-06 07:05:00
206.53758917803825,142.06186813045954,172.9658083538553,184.5099911540338,113.33176645839953,42.22651544284604,2.9710614580356727,-0.9370359483161552,0.3763108297333539,140.757160642397,145.62725822927064,144.20190349865,0.5737942240451172,0.6645539333914091,31.82198282366022,21.282974047606213,34.05812609273639,-11.49474236335994,387249.28406496544,-472394.23992170877,1.008938443253098,0.3713139873950013,0.0014421060275287257,BUY,AAPL,2023-01-06 07:10:00
196.29730584816568,210.03719014490656,145.32608435942382,139.09184812900216,162.25281948948438,61.00424600121694,-1.9535528956664439,-0.8091061716585708,-1.1556261225154958,152.7134955892503,126.70944763527905,163.15446824956655,0.4828397270888688,0.5650327033300183,10.368200318903488,42.68755978687075,-11.70234948109817,-33.08524234138532,261129.52321738904,1730784.2091962507,1.0573867450674537,2.0223816453549324,0.00405085278133544,BUY,AAPL,2023-01-06 07:15:00
135.3345173464118,93.04953258381921,140.51872436607718,104.47404279360217,154.2681064941311,5.717460346392179,3.0961551096617264,-2.5118700477456826,0.5717682629720083,94.34120763769536,165.88081886761364,91.43918797679774,0.6461764740098044,1.7168004464018418,50.184224847778665,67.0351136099202,-0.13602572519946088,-40.187603671066654,2135427.54186762,-874337.439452475,1.0508097484131782,0.39705332018051265,0.0035554387037592893,HOLD,AMZN,2023-01-06 07:20:00
116.41147700132966,116.46070265081967,142.2498625324737,86.41681645857021,144.44146629584043,68.23159814631651,-0.6560706096377453,-0.39224853245610636,-2.2053448366806605,124.70418967997645,153.4054731295796,194.4069097411217,0.2312260786129531,0.15753757716091127,45.29589349044718,62.33527948357129,33.78093710630388,-81.03723734319429,843200.2960444647,713999.2775864264,1.0363181070421175,0.6712546060151016,0.006489887114974288,HOLD,AMZN,2023-01-06 07:25:00
154.22658740733613,192.9229504953888,177.30150835816306,192.3471846399779,173.27775884369896,77.17926221442862,1.5968736557673007,1.7450873440873735,1.087209461771397,149.76446251940501,152.86590810166726,143.72439966799087,0.6413929216321492,1.4606867207662035,72.11864358139482,35.29952744805112,29.71929182002311,-78.4953233918822,1217055.3823838863,-131496.8717330341,0.9863764159057211,0.04418972790777336,0.010405063472116605,SELL,AAPL,2023-01-06 07:30:00
96.94681903311445,203.73107030613198,126.27070683491895,171.73324724707578,185.96985815643993,66.03407453983344,0.5189854420616921,1.2683315421843298,0.15328034721060685,218.50868123237845,159.39430999002332,155.00878573358094,0.5380436985563918,0.18306218154463405,67.32583777017015,75.55388997249747,112.85618841969709,-47.89279718522456,2594795.0029367586,-1177586.1640369266,1.0658702760896919,0.12566576675935598,0.0026643657160844744,HOLD,AAPL,2023-01-06 07:35:00
159.69503142554345,144.89706327129147,177.8877072735026,154.8151535081334,103.23012772139474,26.06765548283913,-1.9454982086935686,1.7734086759893082,-1.9213384816302201,182.1632806077183,116.23216398313734,132.7064759303634,0.553190422004939,0.8221294834670717,64.45924746018204,11.814787765066818,82.53400478118819,-67.46724578740904,229913.3524522911,941124.282197362,1.0068020039604377,0.14144367035321212,0.07235635241922478,SELL,QQQ,2023-01-06 07:40:00
145.57192241103994,110.82841892420073,150.2624074730376,137.91121162077428,131.09083916296655,44.93166795759858,2.3207166949129903,-0.9507020942190465,0.304082646032703,125.79415764224986,161.1782788380786,144.87709534929814,0.6934176974820024,2.3212270577413303,82.5063159383159,89.69801927295975,-51.253067865887544,-44.921192349086745,431636.0026231259,-1614615.9121894746,0.9326825301736925,0.4217934501816463,4.0106470382034144e-05,HOLD,MSFT,2023-01-06 07:45:00
136.01890494395272,210.87530505427478,140.9895154506163,135.07205074549992,173.60430782369178,56.714822290451735,-0.9122030314328909,-1.6937729038208325,0.09496148915312223,216.51895234833344,143.8631694612923,197.93985915521645,0.5384422616882736,1.063976137430541,69.5229553280368,61.99374668387121,-32.517160365961864,-52.48123118280292,569956.6677010601,169542.87402715549,0.9727118507903089,0.12400682047526228,0.029578587462597443,BUY,QQQ,2023-01-06 07:50:00
102.15890798199614,195.8332717524759,207.52251244835705,117.57642724986843,134.96783948424255,41.29004855799744,3.7175488571453053,3.3840763060154626,0.522893209429057,159.94376078832792,168.53744587834905,141.89934389107734,0.2784654074261454,0.6579579132680899,55.69747792987714,54.04620344931498,63.91362526010522,-62.2985148764278,265130.95215184975,121948.26398373146,1.019964830185366,0.6108450189471998,0.014952407685641565,BUY,QQQ,2023-01-06 07:55:00
165.4080031970915,168.36840963286699,118.6090127550351,138.19341937408367,125.05381770925538,38.87403563695917,-1.5264863973215628,0.322159077737773,0.8020136027299711,120.28789160996352,140.51170450021763,137.4708006542433,0.3809333003432199,1.913481715566365,66.45627871964727,57.34411827328524,-38.83877452242659,-89.67223877169549,1835213.297436116,-730419.0373719862,0.9452826199398803,0.3135538207379933,0.0017892294082610977,HOLD,MSFT,2023-01-06 08:00:00
134.01897481014265,123.6279295318774,136.15785601082484,84.15720911615442,179.55612282951185,77.96733882936235,-2.008902282768937,-2.4185620560464263,-2.4163121096735463,157.23799101349158,154.5853996150921,170.49564979378124,0.5184798080786297,2.696218464013663,43.72683221043675,40.09254458231334,8.426149229754273,-28.416727118046868,87087.49889722209,1202487.1576325584,0.9721431794229993,0.3180811944292779,0.0025573918440641163,HOLD,SPY,2023-01-06 08:05:00
114.90249492869135,146.5291197748589,114.1892190209,128.44596308900753,110.3149979082806,34.97765751167852,-1.3257412192581368,3.840593227049369,-0.47120755822819277,194.47807678289803,151.43359035546146,159.31247805653675,0.6827016969675931,0.5876281624219466,62.63533494639266,10.047146115944699,81.22291303953341,-51.62691545330749,273331.44614243275,230122.5157334642,0.954139535967566,0.589690924404101,0.0178319244872567,HOLD,MSFT,2023-01-06 08:10:00
63.832133601550524,143.1891975686551,168.81154926340423,142.049999476765,139.95260576626686,79.33792212252865,2.990402548857596,-0.13496994200797896,-0.08903002503300365,120.31982925216255,126.35136967338973,196.61305201111418,0.8014198947590851,0.7116360540963199,68.7254469006103,78.98523918312435,15.604629832718967,-15.634208387925923,211998.5586096213,1750707.013575172,1.01848421532327,1.9230509783503509,0.007574128461539763,HOLD,SPY,2023-01-06 08:15:00
149.17455284848091,157.92553913846734,187.22972334129196,171.5161615100934,158.85932077414427,39.67727699470486,-3.134399872854342,-4.421049402660326,-0.29537247553782825,123.73520782184025,117.45662417373353,89.51433560587132,0.3386562456971798,2.0449360339451714,68.97176112987371,48.07848153362197,49.14578364629936,-10.577398282071384,3065977.257504194,276391.3736652062,0.9670049379125005,1.4343519475362225,0.011963628598003671,HOLD,AAPL,2023-01-06 08:20:00
203.16754790009233,191.53004314394008,186.74806953511597,150.72235317205235,131.78540258269643,55.70747755668495,1.8261329388721141,2.1817933034660797,-0.35102850418128956,223.22115078431472,160.16675393649734,136.18483060094394,0.807074888453995,6.717613023343451,5.7910154482413265,55.20440147855532,11.06989443583122,-54.45546265211567,987126.8066051228,542520.659417644,1.0317436660699328,2.1518034995026722,0.015934146832373174,HOLD,QQQ,2023-01-06 08:25:00
199.8377764364361,174.3825112341221,175.5987188286501,177.43753964401787,172.49466968039525,80.0353245999861,3.6647210187298884,-3.4655491324534045,1.0544502271524923,170.37495745970364,118.57833450668424,107.25540054544439,0.8606337604501534,0.48127012111251144,53.37698497431993,26.48947167959393,-3.549693993941224,-40.25695513923004,1259539.1099900762,-2134742.5073602153,1.0017243904930817,4.62288256758347,0.01703573798268161,HOLD,AAPL,2023-01-06 08:30:00
136.28711230241186,115.67871769045725,140.05948830510087,195.17232336362974,131.93369074407892,25.128465812087665,-0.3387634469171536,0.4326247070681929,-1.7312650679673098,143.49193027979047,131.5982535194705,186.9412657418815,0.2845016340039798,2.124064940630393,97.71665114374098,59.19975261024266,-92.06152294108954,-94.06306036982541,114761.34375421966,693424.0245832701,0.8952405781461041,0.011164154243882576,0.0174747167377411,HOLD,QQQ,2023-01-06 08:35:00
131.9336381891466,189.29489350058614,135.86897556275383,185.86144300237126,191.25858480337757,32.69006783790846,-0.7861727675853605,1.2636670512465762,-0.291483712761721,156.28253857476562,130.8424883776843,111.23343616807081,0.6918286335188527,4.741510343315482,14.945313295810422,59.0126750217054,12.849970815651075,-20.616584098632813,215684.63459104553,452207.25886561663,0.9975653988389227,1.179306469441453,0.0014525029107653738,HOLD,AMZN,2023-01-06 08:40:00
164.06322768225073,157.39396420039466,103.22075568764838,167.0563151161138,145.22761107512682,39.18197022499084,0.15979190592609635,1.0220906701651682,-0.21225642167361064,169.9933105411875,149.17792611055924,159.89333574865918,0.22924935348568323,1.2396698914357382,65.35894624891944,82.82821583405412,-26.501581756590593,-66.89134718685492,1660144.3864271562,-504239.3244007102,0.9527018698274514,0.12763969630969996,0.026978317183051784,HOLD,QQQ,2023-01-06 08:45:00
120.04843682435126,168.6119738757675,195.89683837954482,152.3796057337851,169.1381041011606,45.53907449679819,-2.2448183236030204,2.334134230216652,-0.10942406379726602,153.22912986800256,156.89369127113966,110.79332816152062,0.32031175352819047,0.7620647458693968,58.6389283507049,36.433733700478484,67.13936389442749,-1.9112959018412763,838706.8722235435,-730366.1567308784,1.0279293931640554,2.7618292456121036,0.006948759392188458,BUY,QQQ,2023-01-06 08:50:00
159.05375699458398,191.99622577835808,156.72445195371168,120.6147837307661,171.3807185894845,85.58725642954118,5.296528465804523,1.5256901881576574,-0.9773139884762714,207.24405069694137,101.08512111722445,135.01912074768063,0.5812610223118295,2.1984513447381175,71.75907767059559,28.91978384543108,-126.26931240211512,-61.22096963899073,46171.1975647699,-219783.75929848145,0.97723518793219,0.25727675198491673,0.002430495445470066,HOLD,QQQ,2023-01-06 08:55:00
172.9824083515407,114.65259251459347,132.70107737826294,175.67820964413812,130.17379991767783,14.068296803885861,1.3396208593402887,2.7849540849525543,2.1417463879505343,163.46255809469884,121.87140173794141,120.14086850852,0.42812504824201814,0.06387277426599516,85.52670999156669,15.6217534340829,-25.372353713793743,-79.39481557502023,833950.126663806,863534.8952464211,1.047798686409097,0.4307145379930355,0.00215617896794162,HOLD,SPY,2023-01-06 09:00:00
186.80799671652923,146.9252326388061,178.2014222246742,205.75191623108893,87.39540354032334,45.30831357097672,-2.441031904176867,-0.13948092453637853,0.9785886133918077,183.2297972736997,120.69478342581026,149.79357614024275,0.182173932321737,0.8930759886150036,28.211253931815524,54.806904472133965,69.42976106698278,-48.34338384114015,645091.451419873,-1160598.20976651,1.0625646475878012,3.865767680516451,0.005410354630981035,HOLD,AMZN,2023-01-06 09:05:00
146.9953777056014,132.05636345922355,120.68088708099998,162.94739326881339,159.82267263991506,40.818736340877884,-1.6143751386723435,-0.6204232582943525,2.2115354099435893,162.9160454438901,134.29920709273998,210.841435491417,0.8967652090227314,0.5967420642755762,56.05895427565052,13.658371883486423,97.80682845963885,-57.44476773530729,166873.92672221936,-1293349.3451703696,0.9645098986133361,2.0188538506289375,0.01981381643888876,HOLD,SPY,2023-01-06 09:10:00
143.88978749469103,100.96421723903633,155.16555085556686,213.35229274963592,151.1686504137461,66.9568610575017,0.3582675804859804,-0.5199788608675577,0.6402712334650097,158.69282983531988,90.19413021163456,107.23622746227075,0.31978643439785404,0.5088084865521453,27.512315993173658,26.643864004406083,57.63732314204319,-64.01110468637198,898796.7288941394,805508.3691860909,1.0483900840769431,0.0483588004922967,0.012770261752505742,HOLD,MSFT,2023-01-06 09:15:00
123.66052239730317,158.4012993281476,140.68427164272913,103.18170534204532,165.6747808272538,41.73806414491861,-2.5888470117966147,2.060471357551394,0.7622809242840801,191.2534578010879,168.3449979923859,115.87118939075678,0.5489152541944687,0.3963148014912947,59.92803952717507,29.430950886130187,33.466118178875455,-80.73886337426188,190939.74461929925,-405996.30368531763,0.9573862350863238,0.04800035394090136,0.0022650338213507353,HOLD,MSFT,2023-01-06 09:20:00
125.1935893788042,223.3466965475327,160.96692849700753,115.06677168705468,142.20417582851485,24.749313630940794,-3.0086421861754458,-0.9590681752235035,-0.004381943353212756,191.98723970065035,141.5099336477743,167.90942791880119,0.16749980989935698,2.6716839324317094,55.913654834106474,14.857963810256267,-86.20464442961232,-19.710784275146835,1668392.618539658,-143210.63291216257,0.9952224015818895,1.7083803710573808,0.0006577518622902024,HOLD,AMZN,2023-01-06 09:25:00
143.2056332429542,92.79766766482742,143.41066152034696,179.3664482479444,136.08716903597852,48.602581997277376,0.5875361619588801,1.2711063127388083,1.5630831246746923,102.82500598299146,136.64272670050403,145.41501750389043,0.25578569813982477,6.206625851605088,12.140413887857198,60.43529394851708,-52.97231381874445,-90.52555451176131,963616.4575907822,-123943.03442610159,0.9900617073007887,0.07297079880042102,0.0004994996321019676,SELL,MSFT,2023-01-06 09:30:00
161.02096520448535,147.03158166851588,108.72680272221939,160.45728672490404,209.25419032945098,27.56920333094868,2.0119966792653634,-1.2898573997662204,0.5655279918145413,159.32525042699658,158.87433311176986,111.82138257051501,0.13886093463971705,0.9715202925250324,56.94997103599214,62.000745885688794,46.4439892649127,-30.731523089691652,2050362.2327136574,325028.23912727466,0.9748667534045946,1.9087506484124135,0.010932227836649693,HOLD,AAPL,2023-01-06 09:35:00
177.4075387869975,167.21628805224321,146.88940931675094,194.04102965029784,104.82937815467666,75.16704229517916,1.8304439250088416,-1.2627327047853358,-0.19064884631419646,231.73982380612904,152.93833614406265,135.86869297101518,0.4231245716105402,0.10069970420798358,63.993688116353674,18.17888098071868,-64.48719324666921,-34.458624898000494,552804.9944792248,1252300.7064340368,1.0181788361335489,2.5852234622694747,0.031036490831914332,BUY,SPY,2023-01-06 09:40:00
125.90463147958965,151.69234604968543,171.22160354688404,151.50490749674432,171.01851435092715,87.70915042533318,-0.1194751396259689,1.7764268955488438,1.8465716502943963,144.384338303824,152.66849231768887,104.59103422935033,0.2405344743668,2.5381736570722717,56.857665363297436,79.09815079991212,-11.729360224465548,-40.23902546242012,717277.7743442396,-1063127.4341376026,1.0600740236255084,0.024125822303406676,0.017048934190253103,SELL,QQQ,2023-01-06 09:45:00
194.78065706878564,144.6061584245278,144.26958985365036,124.22478647909338,131.76194425449827,64.22216205328974,-0.5490188152455384,0.6549987752437476,-1.3028176142531886,175.89238721258047,139.60914251360404,135.29503049387978,0.743543736853788,1.5452655362496484,26.305977992623987,63.20034218626246,-15.56767624858543,-44.86763112131642,1429554.5688536451,429666.7321934162,1.02323597124765,0.24847009617489224,0.03318079681722606,HOLD,AAPL,2023-01-06 09:50:00
141.86629196872295,109.02350909662528,164.37787803972716,145.16501624943865,138.92664146778733,19.755183180221916,0.10334037780086712,-3.239462648517658,-0.7321170055584766,203.65412984430662,142.6177487805016,120.84515080212532,0.5079896558289351,2.572135221114768,29.000397112763864,80.34007928339891,20.96878658237061,-62.16658725668335,790266.6156251912,-23774.830694554796,0.9962438642043953,0.02346304861420333,0.007695274983302714,SELL,QQQ,2023-01-06 09:55:00
149.35898116954692,154.9836022882049,118.86176285814867,102.95411293044052,139.48691502278103,23.345554375647588,1.9842540775141209,-1.2807226000677567,2.810617924246237,121.21499771343501,161.10772360730033,159.32782745633023,0.4377721470786729,2.087703759283448,90.81924239998335,43.7644338329005,33.523881390504265,-90.27407958637495,848595.1372724315,308067.96620297007,0.9324839376808386,0.07562181405084704,0.003024391065870069,HOLD,MSFT,2023-01-06 10:00:00
127.5836496255653,125.2970806895222,144.3434801682537,115.8850984608949,124.89697177486228,45.71492433077702,-2.513536028919017,-3.856282342549684,0.6707034588386055,146.93529361669897,153.3012095910849,169.29401774029438,0.34715054751711283,4.7169564474525005,37.95422880402354,42.21463029526268,-126.93701356599951,-49.86730961466873,805955.3331495586,2236699.216643526,0.8745373713383537,0.7637256396832655,0.032491194145835234,HOLD,SPY,2023-01-06 10:05:00
77.27279219181175,82.3023488506434,129.38723862278556,183.1182079333763,166.13672630708717,81.52907110628557,-1.5548352843983841,-0.5632923897030846,-2.633143044022036,104.98401006763041,183.20689581571386,70.38288640235344,0.707991284760879,0.3026697455671677,16.601199521175698,25.336445860927487,14.244666128000457,-53.74587770441923,675927.2949638916,-1232128.7184019529,0.9843217664225515,1.3099409217153581,0.026027429815180005,SELL,MSFT,2023-01-06 10:10:00
176.52136189083149,183.8377666154119,163.67452100261775,179.9291972630275,190.7193078784987,21.80923425373144,-0.755531946784781,-0.4101387294189655,1.018932017783599,163.65607149160422,143.50344509025095,153.2118176866331,0.37410295892043993,0.37064052546697657,28.652800990264314,89.26673297879061,-34.029448636641156,-43.09699860177342,1638336.437029764,607672.9917070188,0.9179420408604769,0.6529148859923326,0.017788460785227472,SELL,SPY,2023-01-06 10:15:00
172.105316912773,176.75157459526127,145.7872890565499,163.61613711379445,163.10040983739984,17.32244370488466,-0.4844786913581355,-0.7110617106565862,-1.0231036064151164,173.46915510039238,156.26740227228078,80.90440654217754,0.3616189707184882,0.8357917742519331,48.96930950011678,90.61016521695568,27.807361093531433,-91.5183765797514,663999.4176258743,1099826.664070489,0.9436041793110699,0.487670406972184,0.043742310496304275,SELL,QQQ,2023-01-06 10:20:00
141.5601732864536,149.5498293055324,162.25184190841532,96.92551932926497,152.10145988636285,66.92203714988311,-0.1089418341954267,1.8097389277068745,-0.5743142539125958,182.5208659165022,136.92528856155621,150.1892339855109,0.46090427236854226,1.3521428729100518,52.27922886211226,61.78353336070277,-88.96244145253583,-44.571932737936606,2310562.2855502497,-1001137.108169548,1.0114247714203017,0.2315788401702853,0.01992184177262762,HOLD,QQQ,2023-01-06 10:25:00
152.00972151674617,154.87224064617106,172.19276065394666,140.53108558358755,119.40678502702261,82.81435906070344,-0.049805372725641006,0.6195810476792071,2.550940035193932,215.08214538183188,148.09275379501128,197.74570647552213,0.5504095868666532,5.199659644716445,70.88108956796731,55.18097324395123,50.79277151862811,-92.48799597450906,1653476.77359409,-245132.36519414085,0.9446070569881589,0.26994183131319044,0.014923176050499422,HOLD,QQQ,2023-01-06 10:30:00
165.47817653112298,180.22954038146685,162.2904643780347,112.80000356287837,164.50475797473354,70.32390972662296,1.3480494216596253,3.6987767682507844,1.6555162246666688,162.22282815884205,149.3950998557607,139.54917526026568,0.2659393117664613,4.749542458269401,41.78934328199147,53.64912964510309,-35.70578892584972,-52.383374806993174,1179085.2723242135,-516913.00880286616,0.9661037020279848,0.8732224510269697,0.01395555977320472,HOLD,AMZN,2023-01-06 10:35:00
103.12362429340372,154.7301897033425,151.8279608573411,189.64906412120848,213.69048895187896,49.190698675596636,-3.525632444352433,0.8011782179078355,1.9981115358353607,119.65825932949663,128.9025503174875,157.67728286118617,0.6487713284269278,4.109452891182035,44.420244321039284,68.402620387242,-19.347375568828102,-49.349722186376894,2289259.342121101,1407306.7966814945,1.0124063185632026,1.9363064937263237,0.01921399968860311,BUY,MSFT,2023-01-06 10:40:00
134.12841967961117,175.12052664283942,120.04469353721487,133.32089172599674,137.5791612861472,30.153370727577233,-3.202880104955736,0.8287848492996921,-0.6072988747752069,129.1671694653865,123.83913393061968,172.12162527932838,0.7545673969351481,0.5034125545137578,56.093493553043,65.29112086105265,81.53710795790296,-47.01897227033698,770229.7806738357,3790.9715511909876,1.012972693540822,0.5184717493353906,0.014539264264223169,HOLD,AMZN,2023-01-06 10:45:00
173.8279403886548,139.0755339737845,144.93034723332747,117.25607325499041,137.72049261944403,59.051723208144026,-1.330388736929093,0.40799118681204016,-0.29110657759487546,133.3202921772676,156.0290280721913,173.20342801147723,0.1843903699188024,2.6162708696449646,80.33341400185601,32.4408366328956,-6.820905687612116,-77.42671137962155,1725078.496975308,-1603623.6707080454,0.980848050331915,2.8072236025629915,0.0063683616696266244,HOLD,AAPL,2023-01-06 10:50:00
112.37131730492251,187.3595121572184,131.67273994960416,152.95347728388558,132.16732607057008,40.3666914900701,1.727178711840197,-0.4035199932723119,0.2186656225918904,167.2691893365463,151.36021050884446,175.03312369584935,0.49430341523877563,0.9673671297732822,60.060744760442674,37.970110534633896,49.39650040750305,-65.05179358890915,276838.464074751,2274796.5285603157,0.9234311683881369,0.05352617907043919,0.06152692411652327,HOLD,AMZN,2023-01-06 10:55:00
158.8067379649989,157.62357177798052,136.39840108239434,131.51505738129242,134.3175729651674,42.63693210771204,-1.3038995577110892,-0.9744732989693987,0.8683972296875326,242.24910701653533,176.68942048884543,163.05494918841234,0.7173242416848012,5.352606837241577,55.05544087970503,55.95062977876554,-1.2221090823976688,-62.66705919460757,75775.43424203244,1665899.738261292,0.9792467679933023,1.767324182592745,0.06343106361126238,HOLD,QQQ,2023-01-06 11:00:00
109.30254586129784,153.8215583081762,135.63664623124373,199.4798051265186,66.64101338982846,21.818442786678062,-0.08216447854856941,-0.35247522306609386,-0.34198398521737644,157.47852991752558,140.11355949449964,127.38866237888645,0.9894575469364016,0.4829608894120119,62.38320679717355,95.20643403975635,83.24874610207044,-17.759230913540513,1155184.6530455644,932914.9383185625,1.0069650610103846,0.41351838514427464,0.0036507365050847834,SELL,SPY,2023-01-06 11:05:00
163.9928994730058,109.89816733863904,120.50186063044389,128.4860512789059,161.15106157567138,59.57730844144693,0.2562808460240204,-0.28361731179730726,1.87837320346911,208.09193740141032,115.138939466821,169.3327563518961,0.8200037909811254,0.30457339372268644,54.73304609680114,43.182367285667475,16.99131975123324,-29.572436801279224,358978.02276589035,-211771.73146404335,1.0014775215013054,2.030784196438343,0.015125779180005636,BUY,MSFT,2023-01-06 11:10:00
148.9307555310755,156.60867562905125,96.06653527165025,107.22469570481181,123.63343470936158,63.08136613646681,0.6321935109212543,-0.14131287523424133,0.49118572678485567,156.00816665981947,140.2881394025464,194.69779060800835,0.5611082427307156,3.6952020727966293,71.12626916697583,36.124843292310814,25.83859043319492,-62.08619424032518,1006775.4041033223,-1099214.834851694,1.0514155178697688,2.5184630213559034,0.031176405358008683,HOLD,MSFT,2023-01-06 11:15:00
101.54604552283472,123.04135247516646,128.29642379180584,83.1067674957595,100.692106436246,33.72322398099731,3.1291502243993343,0.9539807120481875,1.4909311159920509,119.34544135955828,159.23762628236622,164.54832415424494,0.48984853227072656,2.523963831241053,24.232140464252396,43.47923837939593,9.00664417511953,-61.98230684481585,80553.37893652002,-252485.50798068536,0.9741207576958097,1.2053351760647297,0.001126662173350093,BUY,MSFT,2023-01-06 11:20:00
184.94218063371514,128.85151820414518,149.83448629810397,151.01483192277072,171.59569849197646,68.32584186726693,1.3892883566758245,0.4501102570009421,-0.7799896570121608,131.4265756436296,86.9620667677544,155.7044397637564,0.7222835694460781,3.4454559930791744,29.189496444715413,50.89639330396778,-14.807377657946342,-76.0382462117454,3115591.825160112,928303.8091660402,0.9314546253431983,0.43858748790080676,0.0026378026815013305,HOLD,AAPL,2023-01-06 11:25:00
127.96225269605853,123.53873115051636,111.29557386431274,134.01823635654637,116.53946644874192,70.4080402265865,1.994926284772451,-0.7753923912932525,-0.4188785722938289,134.48206184139488,139.84567564300045,99.75396171321925,0.06466082654798094,0.3438160629267044,89.68601176004036,34.06628875461065,43.75515707227097,-48.584460460676695,723842.8649256614,-191373.4843153155,0.9841101223762879,0.6105251404831873,0.015744454214618522,SELL,MSFT,2023-01-06 11:30:00
125.69242688956858,116.01295204302325,145.3920559117906,106.27505259162474,138.83992838348726,66.3756816130028,-0.25359274824141176,-1.107216103258614,0.24567417685497364,155.72133009580753,156.65957139693896,118.10699540088002,0.39656748528340785,4.3220441166754755,59.95677458439966,87.36810583553006,-37.366238589005725,-33.36848780757835,9571.919861181746,-558611.5972863554,0.9815270686822819,0.8024626091705693,0.000574974319926401,HOLD,AAPL,2023-01-06 11:35:00
156.0170759169283,211.74314209050885,192.50671060777412,190.05524676018513,192.9932717356574,39.981180550858134,2.9470077100598395,0.3364174216360639,-0.4591160508088194,174.1942282937098,145.86923419231667,128.4370076042533,0.13633395572184592,2.264050822616404,83.22737485539838,21.47865426683754,36.42873171151876,-61.667075491572746,646410.3271116131,-1477278.297420326,1.0057163043224988,0.6200452662449177,0.03579424303868693,HOLD,QQQ,2023-01-06 11:40:00
184.45912048286147,187.94017185965208,170.576413881306,173.35184471773573,106.7235260592646,29.665734538629913,0.14321532453444472,-1.390108556700536,1.0477243990202074,136.95100028734123,131.0415305021171,117.03944572771144,0.6726434894593624,2.108583068600957,50.5547740810093,72.92804590826269,48.05680874252573,-48.19284229616812,1559319.2818623933,-921126.6185077159,1.0669563831713733,1.5661618386458178,0.04129750113468465,BUY,SPY,2023-01-06 11:45:00
119.52534543064809,205.61102506432783,186.08853772801322,151.09702787400866,103.02205296206714,61.65203395645502,-3.910640391657983,-0.6403208515060559,1.067647711716651,187.67152071282422,109.93276076994024,145.06962132310647,0.21251576709434344,1.7473432491283722,22.098926028085742,33.05106493321725,26.837682101120265,-26.289596427797363,2004104.6135448518,-1382161.0522138535,0.9451770708272981,1.476342875731348,0.026659663682670014,HOLD,QQQ,2023-01-06 11:50:00
151.85039549543916,111.31314941333308,154.77819692331815,195.65843981346774,157.07918568687015,91.74685920065183,4.916773325655331,-0.7970182355774366,-0.23906307958743767,196.65250330742077,139.70205787155956,122.14293564599076,0.7489769972523721,2.895288619369367,84.33280333213045,64.77825191370378,-47.08731474088347,-64.78894752869444,618524.8470187183,119893.74359477464,1.0167971106962634,0.012736184950115834,0.03455999796416852,BUY,AMZN,2023-01-06 11:55:00
162.8644950099172,150.13761249732678,174.18774557466116,173.20115306875562,183.48462092031104,46.654845073220706,0.09236520438054946,3.6390701759729147,0.6579711807999087,150.78267064812584,109.39249464388803,175.987956549632,0.3145687131678709,1.074367651119338,66.63988203038322,32.488349487611586,22.375364614791923,-87.71569114772039,134602.2529181309,810582.8723086962,1.0209299393135463,0.16447599474462354,0.022277327439986436,BUY,MSFT,2023-01-06 12:00:00
170.79316821789433,109.19477124387713,126.90088173830532,125.66861115141016,101.76974846804112,55.761768594650185,1.0595450032303428,-1.9112685236745008,2.0418540868630988,192.13493115007446,156.82734310498208,138.03783916075867,0.7917545631181648,0.28502029611710017,69.66530208652657,33.73763744122424,52.42181578648007,-32.55681863933508,2366270.0546452454,-1275654.2911982706,0.9888862759358418,0.45184757882699983,0.003059916127787841,HOLD,AMZN,2023-01-06 12:05:00
155.29324665831675,127.12915368408808,128.8914933244504,118.74495475229548,161.2306921051153,79.57424941214865,-2.1372189247700035,-1.1889551159209482,1.044597447378469,92.02178084469439,141.5312686788591,116.52983501777396,0.6987312524093631,1.5498638976220511,27.228999320026194,30.73885331641874,-63.35019967338968,-58.252938268117326,3972324.7721226993,-1665406.517643853,1.0030820917046133,1.1160381469840697,0.0006061849045453737,SELL,AAPL,2023-01-06 12:10:00
138.98916482750033,120.45619049750276,76.52149484656319,178.17540942252356,166.42998619885077,47.20097959748856,4.394238898210927,-0.8333651503173078,0.6520014558527485,77.4616630559393,177.3744753388529,122.31841184176496,0.4970735509555941,2.7574617353612396,86.4528518314667,58.52525589726477,-76.27590019138599,-51.07819545434111,65278.96540384387,7593.294220417151,0.9978058650457298,0.2609725573449812,0.03768860824114786,BUY,QQQ,2023-01-06 12:15:00
125.1722933805384,185.18752019324685,174.65363685105748,164.68374260695524,87.2251854892304,94.82513598421392,-1.5865078293611024,-0.6779517722899128,1.2953167616049357,189.14761052430026,91.16688172862033,152.05259042364318,0.9014598488736411,0.3336385676510958,56.07649903116968,7.647579812747771,42.273728979136,-86.11614379025977,81283.60111713473,-228907.0136556179,1.0017971120271663,0.38977293452571693,0.024562633714815575,HOLD,MSFT,2023-01-06 12:20:00
152.58431649139123,136.11310965694722,183.50809949549716,157.43192857506116,172.9550401372166,33.99962215687509,-0.7704936201859748,1.499713475443657,1.680820167294172,145.2329490893058,131.5007873785224,141.53544044894116,0.1509935129245952,0.5072587853463743,79.94834725392131,56.99772072714937,-32.330133294035164,-4.1692681421389866,833776.7910805357,337993.95210968534,1.1057865996645877,0.6200454460032522,0.010165294289178513,HOLD,AAPL,2023-01-06 12:25:00
117.8358296404318,180.05138001082048,131.17056886631826,124.91207030819496,175.2981763952654,93.48225402626815,-3.0581891338246683,-0.3815818606544935,1.5179142862230117,237.1279877511294,158.3343796590821,151.25306975582768,0.8262623171802416,2.385047999208811,19.59576348603485,34.83208476138226,37.3237830068128,-4.631972067506716,763356.0385667869,-1499642.2511039472,1.0258596859149538,0.8905144123949952,0.03187494092006703,SELL,QQQ,2023-01-06 12:30:00
62.35948549516178,166.12362668765553,138.65120734006913,171.45432214418412,139.64643280231925,81.14160268267135,0.7291553920555163,-1.9862955911117277,-0.07197860371738857,156.75009890118133,168.56655707289354,142.60296132642605,0.3148670276144745,0.628465373316495,37.34032155786144,59.55170744040736,85.55757342987656,-32.536939116436464,888322.1685815112,1135112.0972600551,0.9514311693734107,2.3207129299124203,0.001095037905337282,HOLD,QQQ,2023-01-06 12:35:00
163.09679412473002,217.10916256314366,126.15344715772596,127.82403573971362,186.57039086894025,69.9779004761721,-0.5630307585408777,2.146371121496587,0.9022849998719265,124.99016911114842,159.34681262281825,201.53970234487628,0.4572000383415212,0.3725166568490367,75.00901164109789,46.884047023145584,-73.58673115707307,-42.724472216540214,381425.31514428207,417458.0961124137,1.0038908842840994,1.6328735364776508,0.0076863784146912,BUY,AAPL,2023-01-06 12:40:00
177.11804523258587,103.61667330580828,154.56633878693728,148.7364270530023,183.09366722974536,23.885161941102222,-3.087188376884076,0.3954585012616935,-0.2980604607142,219.03417565648368,116.17305529251172,175.6980253958595,0.4623051394982791,4.403527117383667,56.66879111262546,19.478007667031896,-77.94942246404321,-79.05646813787568,51654.48932190884,1131348.5904758803,1.1266039043550964,0.4450651653479888,0.00836644085685106,HOLD,SPY,2023-01-06 12:45:00
79.11202693374484,185.77699719360396,173.12331363258102,198.30221268438336,152.09353777151614,68.69380375495972,-0.1351418555772953,0.6307853419254318,-0.054444090948024576,182.95249814036785,127.96994386106994,124.19758339159623,0.5399777392844727,0.3508397113694341,9.380314231606958,30.054608730454785,40.12205970088986,-72.90050786527046,868336.9729981072,-465468.9696820098,0.9914885583770009,1.460948351165114,0.0022158409427268148,HOLD,QQQ,2023-01-06 12:50:00
119.70807885870187,182.39322611202184,101.43070065297397,130.85330445407533,135.456638290252,48.94845892747262,0.18958991935214214,0.9762552553288242,0.4792416198545909,214.20713547566962,84.10600090131827,91.62875057069468,0.35741204455712244,0.8436420162831081,52.37625602868494,49.72153992961338,65.62153756500533,-75.63104695685358,164221.0477460581,1016573.425451444,0.8443489618511991,1.7877156010667845,0.02707240615655079,BUY,MSFT,2023-01-06 12:55:00
168.57462783015595,118.79863485918897,155.2359632660563,101.66434377366845,119.81516322251129,46.459601878367124,-0.4949520160819733,-1.8480619001412473,-1.4484461823214034,139.47146951566506,141.13566967404444,139.2008722774576,0.46123744062097116,1.1187376602589294,56.633653366067286,37.90527654839731,85.71763475000147,-45.34636755883835,417425.0129617432,-567497.3465858095,0.9645819116502649,0.7388506682246337,0.0300589808856903,HOLD,AMZN,2023-01-06 13:00:00
211.72486409135095,178.2140000941948,138.08320570702136,118.31848986015646,147.87309471901426,39.404436460130896,-3.641775950914279,-0.010321399500800105,0.3686431404497469,172.7558303759306,169.08203272687555,115.88751149037343,0.2921612511101282,1.293061556849547,69.79048360167165,17.21375758380355,40.33127314288494,-64.73863629871943,873349.0110983016,974317.1025189101,0.9893647078081163,0.3510370226655999,0.017501559365175664,HOLD,AAPL,2023-01-06 13:05:00
150.62381123026225,158.08434889078686,147.83485979916725,183.81756245400393,166.09276759112538,39.52527486174956,0.5815916144595132,1.2318716914150907,-0.6914413753914558,129.3543681102243,140.17564678357425,98.14538384514695,0.13931606239691618,0.8966719183936583,48.056141726717726,65.37983261396649,-6.708209871602472,-62.52791918966394,233808.42296768908,-533120.8402747838,0.9911112076525026,2.865968882664095,0.010820808701866455,SELL,SPY,2023-01-06 13:10:00
128.15991176312596,141.17571220139777,156.47485004185728,160.15139639616672,139.27469416878077,52.14735993761995,-2.5352805932936073,-0.9604045580047269,-1.1861102777281374,98.894220604794,154.41720054453899,169.15326436929448,0.6864857682116348,4.873113151153743,16.341691501806732,73.58334137796795,4.794026304117162,-19.01541509347545,781896.9660436756,-1909123.8064509798,1.0761936917608186,3.2768376844302507,0.018681582847325677,BUY,QQQ,2023-01-06 13:15:00
144.5131067668548,123.28193539084,140.29493903067947,147.8759238819599,83.0749698421391,59.05278295587155,1.778434032095734,0.45999096017848407,0.7949140617092454,185.9852911255467,153.75116585792665,149.68929018205316,0.8221164731187227,2.1495486941733946,21.071595187284505,33.46768714839382,16.813377494681674,-27.916702654061915,1254277.7208448867,841104.1115156544,1.0237631772284879,0.25436490542068185,0.04573078375703809,HOLD,AMZN,2023-01-06 13:20:00
191.24629257444553,126.42671645652442,142.41032866485548,135.70899823002978,187.06141683729712,8.705667602520032,-1.1108219740326803,0.8152778240460333,-0.2607861873723936,144.01056789687289,132.07858967144827,183.67628386519962,0.685744151118511,0.8909956072346551,15.397279206074376,17.07034499002777,84.18298334662742,-63.302979044844335,68043.74464280682,-617140.0812093802,0.9734218337341927,1.537424786771087,0.008855615525451084,SELL,SPY,2023-01-06 13:25:00
130.62107462626395,209.49436287357778,139.65312081113402,167.53151704170207,154.7066966553468,76.76177761753253,1.8552377812305743,-2.189934126971565,0.21998696828150843,125.14701675101452,79.20370150100204,147.7824091809511,0.16245643159249085,0.8854609932678105,80.61584997080159,36.657361951542626,14.64909723657198,-67.11986142317352,966196.3960513662,947643.3906550963,1.020623703767673,0.04265143631765552,0.0081367363909502,HOLD,AAPL,2023-01-06 13:30:00
126.0242398004924,148.02048456872447,169.25790504470703,124.82864476831284,137.61126509969498,41.09882444088671,0.02816571960355219,-1.5486698846641618,-0.23637482387617492,111.41528012679736,173.5224900492223,143.44293005004982,0.3895103758569628,1.3981393647430493,33.878780886267975,34.61152961167536,-34.48612313935959,-69.2909370350335,712196.0792847088,-1625268.2526449466,0.9867862547834176,0.0023894965692219184,0.01949580595918224,HOLD,QQQ,2023-01-06 13:35:00
135.51769433453902,171.46390004594377,155.4689990031874,161.78129819656306,174.71475165269865,32.902462674454696,0.1307896408699069,-3.4271649536198208,-0.6166441037860069,166.3955779443831,150.80000576319628,111.7632528358299,0.510504100889518,0.06848571121193224,60.38527349096082,12.942543835761363,11.153071767168544,-32.79986708792954,102523.85882443652,-1774694.522013966,0.9877284735634814,0.43320627045068666,0.023017374832040614,BUY,QQQ,2023-01-06 13:40:00
121.40014175223862,124.2730185499734,150.514588443434,128.5998537979854,194.73915789448267,77.62820334832558,2.552594779065214,0.34010070277680376,0.11757043848094913,162.24492117746846,108.73169278997399,131.22016590520406,0.16206082879123967,5.224830298138973,55.13129065521627,86.84841682400395,-78.1335250562203,-47.86040525244063,1225350.7263453933,-408732.73729941103,1.0709853986014706,0.6208980494640611,0.012240517202414545,SELL,AAPL,2023-01-06 13:45:00
153.68010947984388,124.60441161335083,113.22620697269294,123.27489967119827,64.94265291536325,48.59046779218586,-1.6305312487191619,2.827454568622975,-1.362248247195733,143.07869826288137,149.27194758639178,96.16946840321312,0.5965242463405895,0.5054263548423228,38.44030115025072,77.03714801487142,-27.768483621759493,-60.41316346429515,372353.9704093763,14036.887331979133,1.0829415391302983,0.7903996564150907,0.03926011750955602,HOLD,AMZN,2023-01-06 13:50:00
198.7403537540868,180.45954427749825,135.53550641967115,131.60040208559963,162.02790949766214,39.639079871886054,-2.1915478662198957,-1.0382746507744707,-0.09623903738874413,136.40320233483322,145.00154582665638,181.1679863555021,0.41256329047482676,2.3919601012336043,37.385448442562,21.902714008406605,-15.380435708384411,-57.96271223394367,201255.9578675301,-1739266.8941623338,1.0271215497407518,0.47524054086558376,0.00868619280065882,HOLD,AMZN,2023-01-06 13:55:00
159.69237819348086,107.51271365345403,167.46672900847935,139.98696171251322,106.20052367568958,59.15843022556339,1.1114034790791665,-0.289031181321676,1.9807331982851426,186.81282564538827,172.7772086038081,110.4947674470843,0.3966295992430364,3.0076595779188104,77.53748887053476,30.101933156786416,-19.48566617559232,-89.21982807970622,331920.1460278189,-612050.7698848861,0.9696390474355648,0.13788130338692295,0.02048404927038181,BUY,MSFT,2023-01-06 14:00:00
142.42939493621137,135.54358696284186,145.94241432809807,150.4374452501215,163.97331520396824,38.384887469588286,-2.628097686312198,1.5199851823795765,-1.1994765585898897,73.12129626921433,151.80197701440827,156.62168067250258,0.0967485459747562,3.5133601990776144,50.673831883602716,60.356178948547054,-79.33166895158257,-71.28222040845895,790099.3074494582,-1146511.4149114091,1.0829806443556187,0.42280181886568,0.02204011281139784,SELL,QQQ,2023-01-06 14:05:00
141.24566193253366,149.02082233216697,161.48828673972847,159.53458544355567,152.83781607123737,7.0327669015050205,-1.597557445396504,0.39881346829735154,1.426158300716195,182.08398325102004,151.8915140354562,142.5992614912318,0.5202274969143247,0.3621861670346956,65.22326149393794,41.78593619900041,-59.33855558842638,-48.70334470620627,867634.5473300978,91941.1833640767,1.0230572716545587,1.7249935171734452,0.006986032378440913,HOLD,AAPL,2023-01-06 14:10:00
103.10427573910029,151.34117805520157,189.16279500819084,33.97231067428979,168.0717957932165,24.75996806391172,-3.1583232268448915,-1.4605352691627629,2.0867978044352475,176.28249284707408,144.98322139237033,161.65989036987577,0.5145560472253626,1.5387310564670977,39.485035156849456,15.706315960762693,-0.991084311382081,-45.27027501815001,185909.79253660925,2227729.6758613707,1.0100730151969552,0.4090364109501177,0.0003806271527137952,HOLD,QQQ,2023-01-06 14:15:00
176.49329331441476,142.6272014495153,170.9651517302204,126.15518215210352,134.02257156516035,80.69936429505326,2.30364512443876,2.289461380350742,-0.7855081867916142,116.93658757607218,120.75694422820285,151.03377196270867,0.4020761548758671,0.17476695527160419,70.0361760155034,51.16931599424893,41.924180894203175,-56.95084279968523,2758870.603023535,-437727.0955801554,0.9656008603191563,0.8972325346246339,0.035044498009358396,HOLD,MSFT,2023-01-06 14:20:00
147.66488408961595,159.8745934328777,147.32895844249356,139.46976072460674,92.80279664542543,18.18881395993455,-2.0053501513614793,0.29598636335079564,0.32760895834190185,92.29885122230837,156.81862985717171,110.31704004001668,0.5873429586695968,3.2673827823796415,76.11644843178227,22.082567165098162,-20.88347227596024,-31.571378242095193,398902.10275942367,-638985.6200400674,0.9925237794588736,1.1421776352161779,0.013171752038232,SELL,MSFT,2023-01-06 14:25:00
144.58560259228122,168.78567267453434,132.22527074510683,200.16198523546655,135.48895426229996,67.79125679646894,-1.3085587519264943,-0.34832344896711165,-1.2997293701154609,180.59956706777058,139.36454288448127,140.01935461067845,0.7207240595273463,1.332821740689363,36.70645625962619,71.53453411805214,3.760839938602456,-35.79748384595232,312371.90384429635,125283.73948920383,1.1144385230657876,1.3183998357647397,0.0020064664070696637,BUY,SPY,2023-01-06 14:30:00
245.79322703534584,170.0391263637799,81.16126009860254,117.43991653177177,161.2054290541935,64.98163594529119,-2.5801049848983157,-0.2241638666112496,-1.4493704328559087,118.91636862415722,116.18034111916305,188.0032355322087,0.26965067502267887,0.3451125271246665,37.29368526720159,40.259582483361136,43.868390528250586,-34.653146307246836,206683.2816881865,1960515.995953452,0.904226995843174,0.6694053716457753,0.06319313554860204,HOLD,QQQ,2023-01-06 14:35:00
158.96258725097059,118.4258857399652,140.7903769381787,157.2094917791972,179.4617698602567,75.25608366105165,-0.7708426123236303,0.8863033357168142,0.16717001293497277,215.06867204987415,123.52402446808216,125.30537731530265,0.24110891413185456,2.536517439066152,42.81989626267736,51.56756241227417,133.5352269917597,-80.13973116150743,128432.62262393623,-1111121.2476193125,1.1413326960128423,0.13434564133626042,0.007031673100915037,SELL,AAPL,2023-01-06 14:40:00
127.44626849714447,139.47534706213608,136.84968760457878,199.8409699115468,113.84506098582425,47.13964638315971,-0.285888729077663,-0.9200797563202869,0.40918016380882144,234.13235768956292,111.59607476883258,184.72431381259986,0.6397933918587346,0.8044502712402936,45.81540189522094,59.468690639224974,-15.809835299822977,-15.998983294308408,4021944.777014822,43461.53006805683,1.0838886341993188,2.307680339022122,0.012866855868179757,HOLD,SPY,2023-01-06 14:45:00
137.2092721138337,183.84288585630813,154.7591548598844,109.98500704168727,179.81181280619052,22.117350385424324,1.6519541128740143,2.3574311857323096,-0.5669150695221619,174.93649466277836,166.49204834511292,169.84880984513967,0.35334096121053676,0.24322055889903293,51.666702407209065,20.64213720312707,-42.077645989141416,-60.62519511464634,1123081.0869209976,2495316.9863592274,1.0736969644904855,0.30152255072634476,0.013235564871593887,HOLD,AAPL,2023-01-06 14:50:00
184.45337127590264,174.83941562721617,141.1523693256328,164.60720722766087,129.56383131060437,42.766634343187945,-2.6439126438606553,1.8879500107547613,-1.130993839659266,156.45051442254902,189.46965231040957,154.17891972377092,0.4324041872094017,1.236353368093917,4.981316882423449,43.02877398713606,39.50367826439483,-48.13252051622738,1546607.4036574627,-688347.2852782795,1.02096100857067,0.4139347082697048,0.009266121257136743,HOLD,MSFT,2023-01-06 14:55:00
153.39811231613294,106.81421645556809,136.99037351408015,126.32730131409535,159.8734964478358,45.449697204784606,-1.2018438658406314,0.01271966615472311,-0.7839273908828671,152.33411212530822,168.87904245567523,127.8218169800978,0.8141165119846717,0.5364036967529278,7.397354366222602,65.21794287869588,42.594867579263635,-69.4168836110244,513307.019445513,-513945.6475426204,0.9764450169201818,1.4862398217929094,0.0032876526876126013,SELL,AMZN,2023-01-06 15:00:00
106.851660650479,158.54439701056606,100.51502673731949,135.8517202467445,133.703181414031,84.16500001249779,2.84547693510664,0.09241407956596553,0.8910932893313768,100.29209125984902,149.4057567811986,158.17422888289445,0.6500640755367229,6.00035771946069,46.2407072857215,39.50144089562415,-65.39476769877396,-80.54114108399683,535478.4928051408,929289.8423237604,0.97473163224394,1.4419077774924098,0.02436762325671242,BUY,AMZN,2023-01-06 15:05:00
177.5768680372561,88.65324251875569,121.50080427124834,126.30045331349393,154.46511883136304,71.49900030443764,2.0821196098866137,-1.2690625795941062,0.8979242526661779,149.99967239436546,138.36365949301947,134.6909989523009,0.27747294687328933,0.8968339189744216,32.04312843701617,76.34450114136567,-55.939982134788956,-66.99897996043472,4334511.254008567,1803905.719160245,0.9359400952768637,2.267081795114928,0.004350342978020897,HOLD,AAPL,2023-01-06 15:10:00
129.95567743383018,149.4080470618111,156.91627602001392,128.58056613069164,175.75632903710823,30.3164696495978,-1.3556105514945413,-0.9560091020657722,0.6425090612225574,143.94626108532827,132.72662346627965,183.13849696320645,0.3802047578613015,1.699381666545728,83.53907570180479,48.01828706769467,-68.49420024574785,-65.8977614455209,224006.73628950646,1939183.507176355,0.9856214775723592,0.03433078366905748,0.022934570204197847,HOLD,AAPL,2023-01-06 15:15:00
206.19893328652637,204.93301050237932,187.89769077831735,239.10118873300777,112.18957768134392,67.25057633426643,-0.09894627064727779,-1.703094511239331,-0.3856041957915818,137.73391023679073,115.34260097826238,111.37844543546785,0.517709212212324,5.926956096290677,68.44817618705356,44.28509040195883,-35.81308880059325,-23.00078579777362,395909.60431985615,-148143.84899226238,0.9896407238762539,2.0755343789124985,0.03240067474250564,BUY,AMZN,2023-01-06 15:20:00
182.40144197143945,119.5632184819304,142.5618654063594,179.0225879062933,128.60282309759506,11.894905140896174,3.936070478616365,-0.3061117991832869,-1.0755616972612017,173.7127343840807,188.6697206497836,159.23988232892543,0.531095867219835,1.000830621098501,48.528146841583265,37.6426271932037,43.168564952470255,-40.82140051669174,217113.69254072788,-942716.0734148071,1.025049113003238,1.5713017982112516,0.00046807690623412517,BUY,SPY,2023-01-06 15:25:00
136.58034313023748,122.97030863525254,153.19527683935308,187.25561157715867,154.5488776202626,54.48840095915515,-2.387964540084991,0.093515279934027,1.3127606590060419,164.59582953880604,114.14941726689676,150.86273673156916,0.24296569011539335,0.8867292350521919,48.568081366585695,87.7738531977015,17.855593916645315,-54.50110508893656,332155.1954653367,-623881.7292055311,0.9355253761411167,0.7446400456179791,0.026319300916675635,SELL,AMZN,2023-01-06 15:30:00
188.43049085205337,170.9208934471858,168.81195392382014,167.74379157876788,221.04750983091057,48.112189610523,-3.8425220155002693,-2.3851166101866124,1.641167909472439,187.5165954448709,118.76324964473763,159.8558607367815,0.6679728255494758,0.3544427068847318,73.07500892556685,35.58685368758952,8.426836085498024,-68.76546915184674,1089377.6318815178,-1093185.2458483519,0.9513599677529366,0.17374149235015307,0.020324053906860727,HOLD,MSFT,2023-01-06 15:35:00
152.0356653158221,101.71595454371062,124.72765159499376,100.59978277113734,123.10430863499516,26.76616530513075,-1.0721886848363984,1.0333677326954982,-0.5249076974063555,144.4752326784198,135.11246310168767,171.53325079009667,0.7004745143653249,5.571058244560916,41.70389762212642,26.863435781278017,-49.08543773642082,-33.78130028472645,369495.14834361884,77030.28497172905,0.9365522229046209,0.7874440267517898,0.004357480160955047,SELL,QQQ,2023-01-06 15:40:00
175.58321025366658,129.01734910344882,154.17035108213605,164.63865505034582,210.20401657990757,14.35571936274627,-0.16675577917981663,-1.306324081300492,-0.1589006180018763,181.09174315083308,137.1770056956332,123.35228282961116,0.6095887254466564,3.226337510223707,92.76784050157568,27.8018281166739,-52.99264376376123,-76.05183363427702,2083634.704834708,666193.6693478874,1.0170070584066122,0.21560127202794807,0.01936184819098255,BUY,AAPL,2023-01-06 15:45:00
164.54198451883425,165.8932341274526,126.48774734169604,186.3337476642351,209.13269911025512,23.346395984586287,-1.6043909108062127,0.6177175855919695,-1.4670508897606058,160.27832186809184,155.0509832486483,123.32614500567627,0.7024681373383479,0.49951667957169044,73.20324569744457,37.34039223811242,3.7134683394889185,-61.52620399370574,49873.827113922176,195862.10439614352,1.0335083312488527,3.351181599075382,0.010921169513707816,BUY,SPY,2023-01-06 15:50:00
124.6093003502738,128.97142456931792,166.6206109622753,124.69121683074843,146.08066547895226,24.668234974358377,1.9538198668330125,1.2108753032101784,0.5339373980590603,180.87400498844585,123.16428420317283,156.46105132483478,0.7536105578406247,0.8089544756704301,82.39109771859863,84.06472424183059,-2.427938824803048,-19.58486892513785,438072.8057739317,-492364.9632472041,1.0658518317574153,1.2337875886591134,0.0017677074505190599,HOLD,MSFT,2023-01-06 15:55:00
130.69350503047613,140.92090038367084,148.78507619879332,182.89045334915605,140.05542421400298,41.63347729822984,0.42131138006302415,1.960580861705132,2.0757862212419953,157.27995585458694,90.28517231809157,178.93913740244793,0.5047944922557375,4.928133311649015,63.78213384614986,48.72919876208736,24.473390451241244,-57.89187857499124,1971175.7009659067,945993.9602763815,0.9590297703439972,0.9069249940422632,0.01483365263095286,HOLD,QQQ,2023-01-06 16:00:00
180.89882452743484,170.32557130945105,152.461295349536,174.53875871533052,128.23804404005926,85.51302177771841,-1.2088555359289859,1.6455801337126168,0.9436308178168978,222.231322042585,134.21440410570983,142.52390817622108,0.5784409963441082,1.541264571877311,23.18846036582169,48.37862037731549,69.38510473193045,-79.42556268734671,971217.9183843314,533651.1749511617,0.9885663689429384,1.678593030607603,0.07245093331735067,HOLD,SPY,2023-01-06 16:05:00
139.95674003680378,160.64638250609684,125.43503506453527,211.26528143403743,146.95392409001994,48.88266448263253,-1.0779739767502179,2.484963609654942,2.2119981995341362,74.54188735839645,135.89856979476235,193.1367894308215,0.7405666535754287,1.625367795761528,25.790490586800857,19.067172140479716,-56.94379234378496,-67.07010178392756,1473860.8941853286,483015.1777387969,0.9533025096117766,0.7602430253067481,0.020928569864327007,HOLD,AAPL,2023-01-06 16:10:00
137.8905461027401,156.00455188886207,162.67580899026962,138.6309435995642,106.79841702321326,57.50235864390715,-1.4926957867937611,1.223233998449515,-0.3903840994102916,181.89661011075316,133.86813328086455,141.0014360955151,0.6956760001328919,2.089069295469973,61.97625690150448,64.1056407309852,-7.466686264493945,-35.413193170912756,391038.6597554805,800796.2657524297,0.9571120430634664,0.06215185843717524,0.008025817659739937,SELL,SPY,2023-01-06 16:15:00
121.34632261951941,137.82633162189885,197.1178230307754,116.87644856717674,146.71282948038208,60.06891839019218,1.6594677619747387,0.25158607445693815,-1.307614840188023,189.9761240741002,133.53561982322947,128.65225248126347,0.7550948547565101,2.872346305684167,14.064844143298261,47.18161441027773,5.667508791474653,-57.05372779284863,460932.6325102917,320508.8928026564,1.0233436697517106,0.2997945689053897,0.01657941338821161,BUY,MSFT,2023-01-06 16:20:00
162.70797196780384,159.10183345806865,119.80220761429484,140.42790050007855,193.9064082155257,38.10848457437707,-0.9450679705640495,-0.7090108469098952,1.5043080027023767,115.66343511554886,131.23439973620688,163.62764980761642,0.35299103169272156,5.603146963646999,27.480400127886988,48.641549079870785,9.67014732796128,-41.2538780792372,2191301.749705166,-114983.53967709446,1.1334779151424188,4.000174218629392,0.02677305076317084,BUY,AMZN,2023-01-06 16:25:00
211.87574757729436,144.2880195970073,136.5060248088119,197.93827178123595,130.66744812569848,25.040081358165583,-2.385820958533163,-0.17915682395560237,0.17180449071600387,223.873788036992,106.89054452248773,133.61532139573436,0.6908361833759485,3.241251259115236,51.80670199733737,39.57653010332173,3.710028868961147,-29.368618118172417,1384608.5398613513,-1214485.2252460823,0.9735140623803471,1.902554632860596,0.003397790684889299,HOLD,AAPL,2023-01-06 16:30:00
117.97401257237182,161.73416829777355,150.7901868542023,93.49101181305718,141.77827088032848,30.126848341724294,1.923802761028005,2.4441927729976123,-0.8930573046829074,160.78209297747526,176.55500210116145,133.98905037497354,0.7002653318777103,5.452913080324401,33.84088057232478,38.35719650337852,-1.8331970287191857,-25.570713493836145,484931.4723554766,-301968.6903520934,0.9162120999967726,2.6234080033059044,0.015050669539749475,HOLD,QQQ,2023-01-06 16:35:00
150.72658370018274,133.09203924646064,164.66015529989542,85.81197710620697,97.96578577198275,44.4190096742846,-0.5528049664760015,-0.29676191065298846,1.8723208407197205,155.6358013068794,175.14015061143328,157.80001982627897,0.3648161789830346,3.436383448209135,38.428105689280926,49.80027584167361,9.474626278488845,-44.25539311886977,242528.02917077008,-774439.8960628349,1.096769191297284,0.10295342763219688,0.014139442151181956,HOLD,AAPL,2023-01-06 16:40:00
192.3666166624629,142.52293076861378,131.0113428677633,154.86064892581163,160.2218626439313,82.5680976355189,-2.719799706248393,-0.007716791607340559,-0.6060691790963968,172.99543015988502,174.88563765500163,177.9561561533368,0.37631778747895656,0.09509340247081179,85.59379277765113,22.726466793630877,25.848181037801567,-25.455540819543753,112373.92022186857,1762042.0243192401,0.9162888510697829,0.2850167869139041,0.009449999083027566,SELL,MSFT,2023-01-06 16:45:00
147.61075826262854,118.30126622343958,74.1742427464315,137.837142631227,156.9344505485412,39.54955743144196,3.4256434397321827,2.214334506741986,-1.1197898753354474,191.06263983891824,110.36112207154449,159.070160674617,0.05855691515061557,0.2500714420287875,29.3646957490534,56.34835964247401,-35.294738424043494,-90.86913884872486,1979255.7966591453,1661807.6197104806,0.9827091658955823,0.06532864185125016,0.027492501928461834,SELL,QQQ,2023-01-06 16:50:00
163.57115388749202,146.9497716998129,178.97973735410062,152.2472925816219,150.91107079297313,42.49536552800554,1.221093873261376,-0.3499831890547451,0.6016104825875592,164.62758424242273,150.09521314246228,153.24901908108254,0.7190948971029467,4.323785004940042,67.54517071874098,55.41488397215548,23.479877419478285,-71.94689813016561,1196163.8881143846,1435503.8435084876,1.0020713890142465,1.7268955470968679,0.01664867918519076,BUY,MSFT,2023-01-06 16:55:00
118.1281941555936,123.66997409113466,164.01265298960357,182.24997667954767,142.4951884933357,40.304827391868805,0.09249812413100292,-1.1922080182289836,-1.3017481219114093,163.52379092663452,129.42885754043087,207.70746788405413,0.6664535905450756,0.05617445610954268,74.42608167450702,34.724439904861384,25.73502024014449,-39.0238666646382,934816.5895404811,-403425.2561986349,1.049109751310576,0.1910398894482645,0.024005992311544905,BUY,AAPL,2023-01-06 17:00:00
162.84921291622945,114.5786064951402,101.42631173783337,134.3177809241967,140.21726243682636,66.19064586318774,-0.4236921110775276,1.6997781211087615,1.0223506889964333,189.32433992195726,128.06984944538556,170.8936315159829,0.6537256857774058,3.1614545591840733,40.62331270638215,69.08823096059206,11.749805256363114,-71.84176525221669,1498736.9367975963,-120924.49985229246,1.069337515318089,0.5277221288412762,0.018124890249567677,HOLD,SPY,2023-01-06 17:05:00
144.38567204986353,155.75983443566165,129.8107802055111,92.06381341022015,164.05700701102015,54.00165276336604,-0.5606794146851609,-1.2412630087864847,-1.1523123119218026,193.90959824584058,116.78389611337063,139.84527975675468,0.56991107392759,3.792157479719531,54.93787875200608,68.8549010811431,78.81483056130875,-31.41732939500513,2464979.6268802863,-641500.625889162,0.987592120913196,0.3140287936690409,0.03036816967743218,HOLD,MSFT,2023-01-06 17:10:00
179.5718998703959,154.3821932757298,184.20456073818315,217.4234098303982,148.13550195234131,52.85546898945791,-0.60147731906673,0.6057260907718118,0.2514900346627837,171.7801528422571,204.13905550510887,183.08113969394918,0.7844397719198025,1.073875740902046,29.69971388921955,69.06995801255673,10.81483848615714,-25.900244265128038,1433760.2935227382,-1199503.290361403,1.0960730162194965,2.6643797726537835,0.020098674924774174,HOLD,AMZN,2023-01-06 17:15:00
185.62158154694254,171.48621204845716,181.19491046144665,120.08869480195916,158.44915614665996,19.55465378256053,-0.5471470870220472,0.3432440387684536,0.31667965978998325,105.83362910921245,133.78151586380616,142.81443835900492,0.7038437775012555,0.8765595962326636,83.42789904398671,69.77042123914511,18.236439320380384,-58.359650157493434,545864.6129741198,833452.0160277243,0.9889741443403544,0.9374638066584974,0.022648020427590145,SELL,AMZN,2023-01-06 17:20:00
227.6869092605584,135.06623291274704,168.4660005669736,118.11081209561289,155.44948452363644,57.61509793603893,-1.1794105890224589,0.4736093453561908,0.2649183372258612,124.35091469523233,116.95015244600131,168.10663937698388,0.42805392549910887,0.4323463496568052,70.59338924679247,32.78142932944535,-48.862269099355935,-45.478445856708944,194155.56415291267,-735111.1326513509,0.9334991450244924,1.6069624715796678,0.005110704704432291,BUY,AAPL,2023-01-06 17:25:00
167.38899519640728,160.24158540510268,140.59718915100342,187.31904043912309,182.70281861287285,37.12555519302343,-0.206699554167054,-3.6296346243544035,-1.2876938138654106,197.9633712328155,143.4544316203015,166.20410836821142,0.2920174445370854,0.10031182324706367,37.802725670867495,48.92198865107565,51.99786815703034,-54.01487370449735,1251148.8979726199,-269266.6105430251,0.9967331145293699,0.9216579088594027,0.0373990012662099,HOLD,QQQ,2023-01-06 17:30:00
159.773889497465,164.5239271682099,147.07468547031274,139.69634812667144,169.30982292125162,36.16512876442725,-1.218956385018814,1.170700182970202,-0.1945314141952151,150.26789285534645,159.07839604126818,150.0801026911958,0.8648285783454684,2.735989304189351,4.577003727810166,33.59376591304326,95.74377746134822,-41.1888893290126,283320.0575728492,-369124.83138910204,0.9868733581378804,0.9481703705010689,0.003377216610679325,SELL,SPY,2023-01-06 17:35:00
155.8315290473201,161.34321423494785,141.72685487184683,149.97152473488606,154.78585529450572,60.928992363668776,0.4469085722780324,-0.08924244972070765,1.3735881093374234,139.048399479595,136.46662685504245,128.2752129353052,0.27312962377336586,0.1531727250801967,58.305764701285625,9.143338632555603,7.816159212795916,-31.12622999917375,1526077.8054162716,1894621.3690916472,0.9769271602335741,0.4827455465416724,0.008304743410546116,BUY,QQQ,2023-01-06 17:40:00
139.40501121567934,123.23038951593574,173.20599458172092,167.44928396993018,194.5526609195654,72.76690638820494,-0.04695415437755859,0.9244243684908102,-0.20201671864169957,175.39876421084944,146.10644168688574,149.17337069233568,0.5883616114711498,5.788866597918729,21.229874615129297,40.88871779301751,-103.22045617171179,-57.54472036641205,413593.9475181171,50550.08984359156,1.0483967467296895,0.273122329502611,0.04403776718521332,SELL,MSFT,2023-01-06 17:45:00
160.15451530385073,152.48090446813566,123.10393983762225,186.67465929951987,161.60805587169685,67.35043708111259,-1.4009488794694585,0.7511900268405587,-1.15088034327613,171.05856667455998,165.04690960682638,135.77732437935714,0.6621537391100231,0.7040670718427444,34.475240789615405,81.01659772573403,53.7542602716585,-27.803894109467976,170517.81560045586,853136.3272189215,0.9235992219615722,0.42830440049822793,0.0022989137633936804,HOLD,AAPL,2023-01-06 17:50:00
141.13795769582913,158.92420888163983,124.85500862789489,141.3292578181833,188.14888066371256,66.15378146326248,-0.17364141857591345,0.4738965117439862,-0.44507109913546034,152.36526344092064,116.13509560751828,157.8993599456313,0.2798411787075356,3.1621316435906075,76.95724746335014,33.04567372768028,68.46692338836489,-54.49221609525853,293897.4206397072,-353366.25198401796,1.0293450610153354,0.3493590734842602,0.040299892825641934,BUY,SPY,2023-01-06 17:55:00
155.05382928808842,148.21535400723826,170.2568646709004,200.63846418925758,167.20827825159913,60.868542531885595,1.0858785240097755,-0.5957698161517915,-1.2582965283438698,186.0243057576465,144.44478179427912,162.67454511699873,0.46097719509238616,0.12307571082787637,42.426957373234984,40.161882097077935,10.825958585836283,-50.352341098632856,310116.1417787157,-677638.6200346871,1.0031843284603303,1.1751464708934911,0.012901060809795601,BUY,AAPL,2023-01-06 18:00:00
189.5279260682388,85.40567024886747,143.89096361221095,83.65440484048622,93.7424276320537,59.26877281487132,-4.512827796700024,-0.5792130356078002,-2.181732230301142,115.61948794539111,124.02449445843604,90.88191537961076,0.5110227261067831,1.53694304134054,68.73350954041406,82.68728538650856,-25.914295738638682,-69.39328057984403,476104.1793980078,402371.58976557385,0.9443293207133545,0.5491580418260803,0.004056690528185892,HOLD,AAPL,2023-01-06 18:05:00
119.80372304161077,152.8146887192044,179.4616838863452,176.31319158249846,188.1450428995799,19.18939134581438,1.1563966155741723,-0.08144057628285686,-0.17644091735297546,99.3648840497804,120.6415677641211,160.12969014155786,0.6028761888128994,0.8587970944407559,50.83776611585991,89.11210706960134,63.67792931615715,-43.56659762196024,297450.1772584055,1038817.1668495577,1.0077360102667854,0.798871822551122,0.026726747735069365,SELL,AAPL,2023-01-06 18:10:00
184.19635683387136,214.37593118191728,128.21219482548636,125.13511814343497,153.05528724028008,51.84851424981572,-2.452760543512974,0.2572097856714427,0.10001049934180474,212.5903962797792,183.79933476162316,237.7584112544548,0.1329748661571491,0.06092069368852309,35.7278770390367,59.27413751731542,59.89326732805053,-76.6201178984488,255611.86195976342,-517634.2476577992,1.076196778944166,1.4737778173564207,0.006678201678143052,HOLD,QQQ,2023-01-06 18:15:00
189.51345202019596,137.19882193729052,143.6305409915294,195.9126821314557,147.44135687297666,45.57012643462039,-0.9177669518115413,-0.6360007354023106,0.6988849347846179,120.70178979412218,137.76526595151293,140.4974677504411,0.4248613044489138,2.133061039158827,9.217932665476718,83.52494659746658,12.581548636065957,-64.2433871294315,497167.4702465942,669209.0746638629,1.0313594437808435,0.31000280030706384,0.022658435457575236,HOLD,MSFT,2023-01-06 18:20:00
146.45794419026763,126.15768706434037,121.93967537890117,156.54542332257745,157.4404504246873,46.216456277652945,-5.659364607814929,1.4144046116358877,0.46736527148514,108.35586282090091,113.45192083407888,179.6676604430368,0.657539724841694,5.735125693013207,78.41451862914624,80.52466922333328,56.97641956657373,-49.8892691191545,2025712.8069129756,-268814.1395277451,0.9713810260363747,0.5510395134762213,0.031298430137635246,HOLD,MSFT,2023-01-06 18:25:00
86.34435302974217,159.20045679134194,145.18406703558918,130.46702937569916,138.65050514128797,93.02396201407359,1.1313234211303493,-0.4917645615749596,0.6146474157096987,148.58421071710976,137.21166691549115,172.2590893435013,0.707553067859941,0.02162199198854878,55.29178108711843,50.465321769651325,-36.256294617021204,-75.1600093000155,73060.97097341053,-1689770.275290376,1.0422156281684163,0.7329014174755142,0.016848207779810144,BUY,QQQ,2023-01-06 18:30:00
131.76534038716702,157.37134631399715,108.03632657503003,173.21091497669224,155.81086581166835,21.173200708858708,-1.4804720209899243,-1.4697768581498714,-0.04107052998367497,158.96394816117,109.7628878627588,100.73129413074652,0.6303980431252152,0.6306189060874446,84.90959849857428,29.00525584165072,64.61249279197412,-19.520069923024664,351318.2939994537,-786482.9119546151,0.9351766852998226,0.05530889550268332,0.03083545849257645,SELL,AMZN,2023-01-06 18:35:00
188.90983639683327,183.78205496249245,132.80916447612594,180.58202711063205,131.24371800970724,74.11153151904094,-0.9996206840448122,0.8928533189746255,2.1274992771025687,143.2568707387551,134.56403208841616,164.93111874654403,0.05357340038432068,2.432129521141986,9.46035732994475,94.55108755700938,13.680654291627409,-26.351972397652258,826240.7531233212,-28982.761891837043,1.0230043997004508,0.16509477969979902,0.05468160018924202,SELL,SPY,2023-01-06 18:40:00
149.31395813103353,110.26395532273337,109.09365337679705,172.54061193147643,187.2281677620311,85.12296981239497,0.18132026622834752,2.8217452610056766,-0.8415008715393107,152.00461743940056,123.03790447555335,124.78123304899506,0.7177203901333636,4.0998233289035975,23.546076713353774,68.31702814069361,-15.251603758134442,-81.56107763396172,2075292.5041879634,242341.15905526566,1.0826112108020927,0.06561709709538074,0.015988017605700042,SELL,SPY,2023-01-06 18:45:00
120.02093303115268,169.94140757724978,162.34808082978145,119.04972033174207,145.59235659136849,43.57499315006655,-3.9416016321864165,-1.7513281428254754,-0.3171112807510508,110.25188162776847,152.77360228063688,144.07455527948957,0.3562927597185622,0.42336687374407517,48.79669469916533,15.312251928266225,5.7720472316372025,-28.1331278315944,334259.23510174,615820.649388401,0.9370460328388399,1.3953623240203914,0.0033061870324121658,BUY,QQQ,2023-01-06 18:50:00
134.85675236315348,165.7126618375439,162.9147334939913,136.5114520440933,137.522484718327,86.48476936629119,0.12411652941079264,-0.187973837168037,1.6586360776165816,184.98198209481677,188.42691842455392,106.22117345593594,0.15041505177987466,0.1466834521355401,41.89844421985931,21.996447499393533,40.39795205704017,-65.21737934870056,428850.05073514616,1492019.7222168464,1.0494683988322289,0.3565442231909233,0.02473003558811795,HOLD,AAPL,2023-01-06 18:55:00
175.21860079513658,143.73560389178363,101.74343173789137,151.86966921211408,121.25222552842179,53.86608936744247,1.2964930867348166,1.595850409994289,-0.38991119307998706,106.46315363323212,135.6268584427586,163.26838008022148,0.6791875135352522,0.017357907472228703,44.10871680103568,61.71633372045044,15.426707710604678,-35.13464175661078,1599243.563490339,1514.4166955516703,0.9474993040230208,0.5492087028657349,0.01055514937008717,HOLD,AAPL,2023-01-06 19:00:00
166.40200704604138,158.1606195376507,178.3471436375143,150.67969111519807,157.06327367445925,39.18745644441694,0.3484026847181419,0.8547575634674458,-0.11021727725560455,160.78775722728523,123.97715129014516,139.76900803443115,0.7763844454998542,0.4846691066058438,48.34415627751668,31.97797050142665,91.79150316263393,-95.78079242338461,466039.77160244336,-1441033.6303100921,0.9977845270816206,1.1157313278493672,0.015155966791225063,HOLD,MSFT,2023-01-06 19:05:00
142.83203702490917,178.88372444795073,207.43537816049636,175.9918552140271,154.61321300375275,81.9747291739428,-0.7877010722462461,0.9318605881985127,0.404184641918113,168.1870947315794,142.27510988856878,190.3587423708656,0.7737259309598843,0.14797628001537064,38.875109696717075,47.11156512470455,60.67486929093575,-83.36388669615978,1907532.6627873043,215254.76670483322,0.9233307792583595,3.3953008761283963,0.019713639442532415,HOLD,QQQ,2023-01-06 19:10:00
138.99526764555935,174.16946140085352,146.15015966840852,87.52316055978854,160.65273841032518,23.336111050463497,0.08230625280632754,0.04572720701143674,1.1674611897113703,182.71145796379022,177.28244093978756,109.21232312317949,0.5574718096334534,0.8906441652656845,82.51527115248679,47.800692838808764,-58.58037847215923,-38.96771669059188,607466.6891837104,-435759.0725150672,1.057878042256189,1.6662495928971874,0.02528101492751795,BUY,AMZN,2023-01-06 19:15:00
138.24725552868534,113.70942063778814,128.9721434943839,162.6984657457121,118.18244337484613,17.35989678197751,-0.15098474289267094,-3.98700357835432,0.1420031052364933,167.95710312338707,152.9082766274867,177.26089119373339,0.5422069535116331,1.1600862372214984,10.873269352748558,19.77837280755783,46.21650556403867,-23.146667281818345,841871.3153308358,-1055937.443792384,0.9436148341236896,0.05953728318599962,0.020421507810991772,SELL,AMZN,2023-01-06 19:20:00
122.32769446504493,172.60474560266454,215.60826477507615,142.72059665802752,100.96456403565281,29.43375417707537,1.5170714802101952,0.38677857437736646,-0.8837440084603321,121.90944287372723,136.4737888453972,162.64052046902387,0.41365828465974974,1.3075599019822295,22.813221634362492,26.049438830420662,50.309550347728894,-65.3200589000531,822984.7552927199,52965.53263072327,0.9869070732554411,0.3648999978002912,0.0053019867226739605,SELL,SPY,2023-01-06 19:25:00
198.46127068408325,146.05934184902446,112.02578754243723,125.16798027571352,167.7677390751968,66.05275629670587,2.5100204337270013,0.5602239754456999,-0.4100768386159105,145.60692165490673,88.3401435819029,124.25003201935522,0.7821180401140517,0.3070701292851043,47.25222857359272,34.0818632942885,30.76097106061116,-69.0512081533481,127045.24057539443,691161.850609697,1.0625677535863778,0.05032240001884192,0.027579695930201962,BUY,SPY,2023-01-06 19:30:00
140.3303859236598,150.18622294046543,145.50266167172745,128.24042311137282,193.53925585629523,47.953398324033806,-0.8216668531443336,1.6887589525938447,0.540006104902134,135.3607702621427,138.6918513062826,103.6321263099624,0.6593150522928938,1.2471976423891813,66.35993512426825,58.548694198884554,-47.51322478285094,-46.28439611096355,438415.87517943454,605374.8719311763,1.027398637039915,0.06365178516789473,0.03293678333550905,BUY,AAPL,2023-01-06 19:35:00
186.5147556247649,150.19590973005083,149.49055681579807,145.13479473542517,118.20939132830311,42.39895400479402,0.46305566060094766,-1.1264515467048462,-0.2951100110734545,104.94414503832377,159.41371367321665,141.30256911077626,0.5132858769927026,0.018185713525196545,41.690434756837675,41.344448253291525,55.9597943573122,-67.08765783786251,276525.10056120524,-872116.64188833,1.0457573210287643,0.1363422381474659,0.0007680279220577882,BUY,AAPL,2023-01-06 19:40:00
195.63948155767355,143.49271033605223,178.62869051131037,36.7652766572954,196.68323850685096,63.3338698215999,-1.3351657941179,2.52422935863654,-0.46730097688193484,175.24508940063998,163.93805321031394,157.09963696658733,0.03100648932468283,0.5473508190253689,48.55322415436136,63.611219783937564,13.019307984317255,-15.156881470881464,1148920.51400805,1192952.582259998,1.0513000032826043,0.38725464428260925,0.007367529189803573,SELL,QQQ,2023-01-06 19:45:00
179.9493269444388,183.75122491321196,153.9934743781697,129.5587337346704,157.51733176209143,24.779205033328758,0.8334156392819427,-0.4656687978614509,-0.9319997775300813,133.51688979977305,172.7710445133253,118.03277069441745,0.7827498367988,0.9211715909709588,76.75230853664303,77.96555027542907,-50.5620675286298,-92.6430442179498,2712763.845946524,569367.0116678891,1.0202280822474572,0.2633136460581863,0.07615177446844638,HOLD,AAPL,2023-01-06 19:50:00
137.05139061845856,145.48846120452365,132.5341526052887,123.97392561131862,148.7881128634751,56.68108560898405,0.9202485832763395,-0.7239560567016023,1.1934823152629634,165.20546974375426,123.13765735004866,121.52959105978232,0.13064997825638114,0.25192382924642803,41.2676657538666,23.502931038847834,17.83475449441006,-86.18429187261584,238789.88719782126,1635133.7349202144,1.0968884019533225,0.43413421416267745,0.003913661771677957,BUY,AAPL,2023-01-06 19:55:00
162.1119027100983,114.41361614850494,121.2203907403011,169.04906269832398,137.07353910362667,27.42081723915131,-0.3335879047590875,-1.0811493698227195,-0.12157751775232185,156.1111966802878,129.9238106549083,179.71361236340348,0.42193003069295826,3.3640666446683425,19.88532258606091,25.586130068906606,56.59850158611207,-54.97957905972719,95696.94832407687,2075517.437288485,1.0279769915816757,1.7260279273567212,0.004037923532781379,HOLD,MSFT,2023-01-06 20:00:00
149.27413180827253,136.19410432090814,136.4544544938466,126.22314615966334,107.4644594172501,49.18219274756338,1.038033961281358,1.5694929235444133,-0.11523708860063153,120.24471056797843,136.99479616479258,126.55544366443851,0.49256835215492284,0.44932038243298217,39.48286459804031,77.0046230179095,-42.124824476458464,-83.3036798638725,706416.2829587371,612282.224653221,0.9923422803720373,1.5979267498213716,0.017896676550996707,HOLD,QQQ,2023-01-06 20:05:00
122.88894417809615,153.36084150431427,119.82681597637139,145.11635839454433,178.631855477738,31.340437784558596,0.006385696786105443,-1.643988651626704,0.6798896747060805,117.90580159417978,157.74067855092142,167.39728183793906,0.09059490916598412,2.8120940263632517,13.243417838697244,26.53164819655838,-42.105817039454905,-59.5070255377215,495669.10443660145,1198591.5739876288,0.9849591912445762,0.43192031208903553,0.008254683696229259,SELL,SPY,2023-01-06 20:10:00
159.7307784516481,184.87644352891152,146.19563299461709,201.35285208516166,125.7318091568719,42.582624634859705,-0.0961296875476286,0.947889618442739,-1.3623600338854833,148.27261048253087,133.4216823330573,186.56571498037135,0.4482680969817723,1.2845014797489631,30.805054197903758,51.47449693526137,36.438246554089986,-62.633064007627105,36371.20070201897,521228.85554109234,0.9838035641625262,1.0782840471831623,0.021407560382744144,SELL,QQQ,2023-01-06 20:15:00
114.62880626520592,166.092840548465,130.89509550348782,183.81924863409355,125.605799727872,58.435152157309055,-1.7607294267331906,-1.2113487220906995,0.04198712520108483,114.02738123555851,153.12079361785868,125.87230231338403,0.2332438869244808,1.306865075532161,44.32490337375541,35.1968773167116,18.353364265720217,-41.99481702599155,2546207.4234097013,-1543629.681119518,0.9968961622161611,0.46627248377621777,0.006093719436608094,HOLD,AMZN,2023-01-06 20:20:00
185.6303816538469,122.48394163758869,107.64905516775623,180.87268479819048,178.75778929660865,82.88290578420981,0.34392564571686923,-0.06623714218690199,1.5053217260194849,194.60715749825283,130.39078313429266,112.51430096198233,0.5685414057004873,2.072370130097001,51.11954752894691,66.32672912825872,41.06537705187288,-30.850435795738434,2815925.0161794554,-2344813.6610550745,1.0467909988667694,0.487690360897432,0.011102544035329233,HOLD,AAPL,2023-01-06 20:25:00
136.0614810810482,222.55569750036673,176.3786447093726,136.00408222685274,92.51049659984821,52.82813355839345,-1.1558310519448554,-2.2869810847369165,-0.06383348872629499,207.07314067571676,122.35396726145761,176.15995581325333,0.667259282605485,0.09057580294411184,42.59641915207,24.028357936798713,3.550438535004357,-30.329304647154743,1899876.234443475,-552267.1480965236,0.9331813830962059,1.126155390331304,0.12916552897848577,HOLD,SPY,2023-01-06 20:30:00
156.03478967618517,155.94325932933938,132.55818691427402,169.37703293726886,103.292065679955,7.4345720414016,1.7393635288408293,1.1780650640703527,0.21951561616268533,187.40602523885528,167.74321188586342,141.03538912079418,0.6757285193123393,0.16406794785810835,33.77633385774689,47.16663885332477,125.44378839347104,-55.33832852113173,329226.00681807974,405352.8894988052,0.9044000725718083,0.4850306686810467,0.00935023863659317,SELL,QQQ,2023-01-06 20:35:00
158.49863614638426,186.26172213997043,113.29657987561718,144.515270385485,148.45597269475755,40.83051658124368,-1.686400528577328,-0.22506040861474286,0.19717084398446577,172.21746577694546,147.80902181562632,136.83605308772536,0.3657903111409008,0.7915548406314127,24.56927334592316,34.66297884990268,-17.57601970214944,-17.33583824069008,130596.21382589606,-1492583.7629624305,0.9095944620408155,0.7968640827871799,0.0018021231538688145,SELL,SPY,2023-01-06 20:40:00
142.23285078887767,143.4485669926831,140.79352163781147,145.725017258338,157.79853287014555,66.633387611116,0.5376794471168959,0.8361454312068813,1.0613443717528315,162.14473150810258,158.66607693791644,192.85919836886612,0.728052133812181,1.0785273602783283,54.30826573821581,21.21240985023508,33.45661692908178,-33.34836935565579,897700.658547914,-8482.577502646292,0.9535426210988832,0.1224230039755569,0.027129753286215332,HOLD,AAPL,2023-01-06 20:45:00
167.60081404425824,164.00077734116348,146.70928914919148,165.10993099988957,163.5420394390677,37.12536615209244,-0.5212462622764727,-0.2683784936803405,0.20122493102096117,123.32464774610123,134.84266760025332,141.96460752659095,0.7491145023931456,1.124030117953201,36.433868442418785,35.433158395380545,-22.78581120709281,-23.684213059310157,330608.48963038134,814036.7370211595,1.0017727177077524,0.7739521327496666,0.01776263321108819,HOLD,SPY,2023-01-06 20:50:00
135.75289030132427,173.18405513555214,101.33833186052416,132.89620517053018,139.94604519811242,27.010731573907886,0.5326431506027293,0.7916218640872414,2.468584893662669,188.96463620084555,160.10317433634773,158.32958377530676,0.6081105248448571,2.2595071532612945,17.241863821775265,28.089460367243195,-70.01488613262337,-33.08201214765026,225293.15940545514,-1575354.2082808027,1.0689068682076561,1.3547935972595608,0.011760585874147043,HOLD,SPY,2023-01-06 20:55:00
176.1389189237173,184.5458413526277,153.29119167814406,199.7760993421825,224.91109005925068,56.988906129984564,-0.11660092452614408,-0.06916429042173539,0.2312763357615428,207.97938542317502,113.43324772907785,101.65551684373281,0.6016703341314733,0.001410520947730698,6.874459222045827,57.25969771540714,-6.120789023008219,-25.920430590899223,1025282.2025229074,989155.5489788023,1.0004791785851401,2.192579476705546,0.04787667677922316,HOLD,SPY,2023-01-06 21:00:00
109.62060959259755,179.72104916134674,118.82106078274339,146.875835532866,142.16322323702497,35.47736802398144,-1.636004500639632,1.1109585732877687,-0.43575277922749583,148.11998889665313,117.41422263851628,147.7094502542769,0.37946914113947783,6.393499448820246,57.216711200605005,65.41776409355722,-13.8100637560023,-74.77570331318583,1387809.037094643,263481.4294393879,1.0132384410473485,0.15929911426730844,0.003171178547129999,HOLD,AMZN,2023-01-06 21:05:00
153.79138738639236,174.16591000218935,187.7757202297697,171.78753812030928,142.07641543691832,64.38823411670157,2.187570527054887,0.8006792113800613,1.5119468308694872,158.72841711295675,163.55263675922652,123.56160355994982,0.34088477544327056,0.3835015311177702,16.744601290331975,34.685320640940006,89.34205295520971,-57.432467646405996,749257.558129609,-9788.057133756642,1.0285077178978281,0.5288383352824046,0.013456417409245285,HOLD,MSFT,2023-01-06 21:10:00
208.16786997174853,138.54739806417675,158.09901280191838,198.57921533623355,125.09039993558368,9.04129845832173,-1.7743376978100067,0.29436356840774364,-0.210686137703716,131.72549143035826,138.24399872554787,134.79108138912844,0.8134108318323116,0.5717186062252204,55.32552051604338,76.16969617549331,22.03444301592748,-64.16479994458683,385653.81314348726,-1263600.9107614805,1.037042391943773,0.6658910775689495,0.004258561232316943,HOLD,QQQ,2023-01-06 21:15:00
119.99006026183275,130.84761874131814,135.00250024726708,185.0129207864056,152.71720449563213,78.91628047515606,1.285148578309324,-1.3502195717908436,-0.5996014488866773,148.406699950975,133.83626362674323,133.0241723745692,0.37627937374746434,4.721004437934702,76.09654776783466,14.55145497370482,-38.400167143373025,-89.36376855729542,718507.9996701202,686542.4611178786,1.0664864662344584,2.35190147613173,0.0017437465468790215,BUY,SPY,2023-01-06 21:20:00
129.66765088425444,157.97822530972593,126.37080574206625,106.91458871390321,167.44883696140323,68.80303570883459,-3.3967597192901304,-0.6560863332776392,-1.1884272089588124,115.98579891510077,117.0116453878051,189.0416974747459,0.9340390501793286,0.011013068076530078,34.17452871084339,58.92397756369186,3.2795377734891455,-2.8040229028747055,915630.8829247424,157624.5851007125,0.9772192321016456,0.2976090591031473,0.011680608548101502,SELL,AMZN,2023-01-06 21:25:00
165.41723548976745,175.99384217023209,142.3758073109094,166.23666864031628,185.1073416360038,13.101893986237515,-0.5778440251254973,-1.1583188630078372,0.4787591059248104,149.87600171372299,160.11176457447817,130.10602728241926,0.25540668486614054,9.49026305504329,74.04284390362824,60.22306780966419,-44.841330863843424,-76.70751069696936,53282.99378496372,-2122573.9788760366,0.9799857623095858,0.18111788243278867,0.05888063523135258,HOLD,SPY,2023-01-06 21:30:00
155.38745345818793,141.31837897670178,160.31976853958224,179.2230206227407,104.32147206679346,25.65049890733843,3.0583722469414014,2.143041924709811,-0.4574603192322094,175.1441848656867,186.6349800423179,133.956962694756,0.9084094404155082,0.07323945540539843,66.75365922625357,30.769008266221558,-12.105722833024855,-59.92328480034866,586652.019249621,218778.53712461854,0.9767221716756158,0.1525578663743988,0.025607501983071223,HOLD,SPY,2023-01-06 21:35:00
160.51890297820677,179.9551589714316,144.36264678537,180.53961670914396,141.62013984932898,42.188097262876795,-0.5508969307296183,1.1705382737941485,-0.7773543746409645,171.38057989928322,155.19051371396552,196.03575704595804,0.6728482622077487,0.2569069444960435,63.11613911803234,43.14940592228233,52.24055096844016,-49.84559476785892,912126.084773656,-956554.4028280638,1.0741221782291555,0.16827615978799093,0.005344798494663544,HOLD,MSFT,2023-01-06 21:40:00
164.6756139044299,191.57850236458538,139.57102982157858,116.3745653083318,162.40110832427433,76.35495490391413,0.19294564226841854,0.056622388798204804,-0.5658131216174611,168.77410022553923,128.7716796433608,139.29508382558637,0.48175864412573566,0.5491545336177591,71.47149810525958,60.69812169276966,24.017316566044986,-20.915988618288978,138670.2687991543,-700352.291450951,1.0416498621154777,2.0365669522105563,0.012421106374351407,BUY,AMZN,2023-01-06 21:45:00
169.0416440568531,120.5103724277974,146.45925727044738,130.97487241544565,166.61172603783606,38.400645775744145,3.205221543758306,-0.8432245936489546,-0.36332045930561596,74.55489958929945,174.66984102066274,131.3865145978376,0.5589626691253459,1.1550766226732396,41.86407185280922,48.5865029192011,-82.21398993258879,-44.339156828545995,595723.3509459095,101053.37278042058,1.0073071430949478,0.9670768554018297,0.03193554325144461,HOLD,MSFT,2023-01-06 21:50:00
183.2909952586867,122.8923788861116,129.90352671907613,183.82586354373188,149.19645973413617,58.29922827444322,-0.28564609591883194,-1.184656881622485,0.8327147219303266,161.68029709690518,148.98483551169485,183.00149824929062,0.509178784370296,1.461496791872798,41.968981761255506,36.339119154634055,-39.34366651078316,-52.44314156589467,425762.54118099535,453901.09994517174,1.1112876304180233,0.545982612292291,0.004348537863535833,HOLD,AMZN,2023-01-06 21:55:00
162.29455970785537,143.7887482328399,136.41985182892407,127.62366813815534,165.27271908596305,66.42907734073049,0.518012318513302,0.18371274157260614,0.4835358739356677,181.46033762682956,129.17528109031713,150.47845970263126,0.5288248165875423,0.22123410563325288,23.329304730654957,19.23303546607548,-41.30432998684446,-24.431412325120178,2024081.5274453366,1063882.7125795828,0.9829862778898936,2.015437451079634,0.004555499112746383,BUY,QQQ,2023-01-06 22:00:00
142.76227036144374,157.2283800456759,92.8551890273749,142.40972618674195,124.73108321222598,56.43723442720312,1.2092777690991114,2.764814380594049,-0.14454022044839246,159.6931450726157,171.89205612562608,152.63240324807046,0.27629121513835503,0.1530578900276327,81.72890279814071,41.005283809252404,-34.24952539875469,-61.62999752148098,672141.3788765245,-852781.5716847697,0.9515430849968517,0.3538628018910028,0.0039941662857151655,HOLD,QQQ,2023-01-06 22:05:00
170.17721103608193,132.26298958698848,169.3431557713092,202.42802590406302,195.7371629695507,39.62654889340907,-2.759385295865801,0.008895747146768287,0.5608391980881995,199.73938799102143,135.48975362028196,158.96651331238976,0.11466369069396712,0.06475515751975862,35.776910072905196,93.24882593147693,14.842831044934696,-21.9322584923665,555606.1951054868,33848.99975638695,0.9317996993712684,2.6291502715808233,0.018701474541295404,SELL,MSFT,2023-01-06 22:10:00
206.99645804685645,188.56608036601432,152.46994450804405,150.47042398768673,178.7788430893829,25.691902646077185,-0.9710237025988732,1.8028803794982187,-0.10634061805684115,156.51088165300737,103.9329277981836,190.18840233577782,0.6684307782798137,0.5934475196421913,58.44726287410856,30.390651208702252,52.3776820399205,-91.79415831498264,279557.264093802,-1858603.2029791635,1.0261147257075536,1.4223647017196677,0.0005875656725883489,BUY,QQQ,2023-01-06 22:15:00
146.0209876085228,160.72200584555353,125.66360389916424,128.74322758931703,108.65216638804483,62.996884317029,0.2597413345302957,0.4134951851017774,0.20656661250494676,173.90061542263453,132.05957716561676,118.98131680017772,0.7229950111837965,5.09015357647398,73.31349192474318,58.00267800516221,-16.770378967150947,-19.883002607538753,3157567.375362035,392321.35722408124,0.9364195115252276,0.020794098837834847,0.017716264571839422,HOLD,SPY,2023-01-06 22:20:00
120.76412085988076,149.1834114472222,192.46837453388096,123.91624458038703,116.74690855649733,83.22148378210774,-3.1917159599330516,0.8438612555472785,-0.6669402342034914,124.90515510123603,153.302059816641,184.33268204225345,0.44007166110399415,0.9880763787525779,66.58261701198299,62.89480600719003,-31.39679142412553,-91.49375574870578,3248329.1760194222,-396681.43104578706,1.03298097676211,0.6210743535675023,0.034901688185894876,HOLD,QQQ,2023-01-06 22:25:00
183.21242007860917,104.92271428394417,147.17541200980966,162.647018546726,117.59234749679281,60.73597543860295,2.7396090903851844,-0.7138759599902698,-0.6577039859679312,180.51779361995168,122.05854611093442,105.1884600138832,0.4050374376313534,2.887909593763231,12.766178149816396,34.27065561644101,41.82804585919595,-63.3109886182266,456897.7140765719,528214.4184541934,0.9855401948682795,1.8481199737228342,0.03052512499829342,BUY,QQQ,2023-01-06 22:30:00
146.38856508139204,108.52552550717479,119.09641070062007,109.33926372872932,169.33909912689586,43.55442559241567,1.5128290961048898,-0.2956012539156956,0.15134756751307166,187.5370242291745,93.19176682914149,125.53889987768358,0.7400846702892765,0.42190679449500207,72.41507262284665,56.3719533449264,15.698472559253085,-48.97641170214945,2645642.013347756,-185231.43417559643,0.9668972315958284,0.5044201344254001,0.021982125902188843,BUY,QQQ,2023-01-06 22:35:00
84.81991361957891,156.4302775084542,166.41843553676145,144.0852491553146,110.45816700747598,65.79032488797488,1.2149671200336132,-1.2462088572730994,0.15359025634475615,135.02453927607272,176.74564047311353,123.10108317682801,0.6847837486769836,0.1337314688814312,38.489703183171414,60.580633242878626,-26.039546279706943,-64.3582032067028,963909.1514252003,-537903.0111472714,1.0413079698356298,4.353923120402158,0.004956214841778061,HOLD,SPY,2023-01-06 22:40:00
175.42265031451265,84.02213121535492,154.95120541273155,162.6633771196807,139.06926997375757,53.88686021812581,2.639992897039346,0.45687550962023404,1.0111808267879074,109.9689104886226,214.84762669836664,145.7686689082009,0.21904841669996852,1.6161277045071913,66.63157905584164,61.42898371047001,-19.40420164604607,-57.11855956617911,1518898.8356054889,-263216.7859805386,0.9697625702969603,1.874611731722364,0.03390179175938252,BUY,AMZN,2023-01-06 22:45:00
133.94015442138232,178.37912228932214,154.8644996371055,193.57279425752535,162.6411318925032,65.93675550884397,1.4464919608343956,-0.36513412883092355,0.4993246142274765,144.22118061230037,128.11324197452038,127.49327442228052,0.7839973146627027,3.452981933351666,82.4376166868091,39.58055320019644,-14.508131642617839,-78.75186197547896,94142.001960733,-2196749.296276778,0.9630995789433517,1.3985738596337454,0.0631487328832978,BUY,QQQ,2023-01-06 22:50:00
147.28400153087517,143.2553846688304,134.35610988371025,173.36153857183987,147.01502196360696,53.68182791441629,-0.4597808052961246,0.5398283498491028,-0.49194667841980144,125.06438947410493,124.2543650117667,188.12995728726366,0.6105775966453902,4.574603297475692,51.60932393537079,58.27325016479179,55.55159377267261,-82.45158194285695,21540.23150700286,733744.0156104885,0.9986130389860619,0.14561279693134638,0.004061484122523052,SELL,QQQ,2023-01-06 22:55:00
159.95940991707045,245.29278908784198,156.26239309445086,129.1499162245703,156.76662547138116,54.03767778195749,-3.264487178790737,-1.477814817931142,-1.2800729073468584,180.96126702500985,106.32270600734124,165.6027295500212,0.49052378312944284,1.5802177022038233,35.655326038914495,25.450699262129326,22.08735601794933,-22.360307411939996,721706.3864524191,805571.1468090786,0.9707241084414046,0.11413941810851659,0.048231991303618806,HOLD,AAPL,2023-01-06 23:00:00
155.714990393372,217.2374875184833,138.45604274447263,189.70941816203907,117.02591865953725,46.208228260128216,-1.3624238033421292,0.6835914217440702,0.8825908260792255,142.8890517857525,119.47021473270479,149.56138971783136,0.1883591834145402,0.6963715412474699,78.99105176226331,8.973221402449067,91.74956404116172,-19.936606843726086,78943.83267086673,831316.7178909187,1.0399396265152152,1.0249608848002734,0.03834494193699975,HOLD,AAPL,2023-01-06 23:05:00
171.2835545141712,142.5565279225745,158.89853629114606,142.41551879848072,166.84563120191734,58.36202939275336,-1.3044746661449702,0.25335433864367096,0.33167110085859597,185.14429667494446,101.80413178850527,123.65460046249413,0.1714146762256154,0.23197073165075566,91.43795213608566,43.27969106863774,27.418720954964687,-13.917346928026248,2222851.550229244,-107247.05235242487,1.0707511509227439,1.083010522821721,0.07753323414270753,HOLD,AMZN,2023-01-06 23:10:00
136.9354088829047,144.80988992406054,97.37638864973403,112.45750329441891,130.6036432257201,31.134635451610677,1.2375766202722518,0.20530442691267808,0.9692227991928256,105.26693507370709,107.37565422786908,192.04075958049242,0.6848322684900097,2.204173761587902,49.0301722218318,22.855087344388696,-44.3030324780021,-31.547396293170955,1715645.7449815187,1141503.5239388156,1.1156466066012503,0.15960318240727617,0.007691958933133901,BUY,QQQ,2023-01-06 23:15:00
165.39317394528248,177.8674454200609,134.15316342552026,146.49467650350488,139.26140976806175,62.1137509105679,0.16178884996343024,0.5840636998122904,0.45876279597417424,131.01009962618804,140.05615267578133,152.95075452411226,0.4761377806115873,0.6582218830498731,25.270260895490495,31.47295706691452,-83.35625645438496,-51.515280481626,1254681.279395279,-708234.4277342369,0.9780169212453599,1.9239107580293315,0.05438370269151761,HOLD,QQQ,2023-01-06 23:20:00
142.21359967248247,199.09517829754114,188.05387744520488,198.02141443666247,156.13195183717957,43.41338560807477,-3.1309463246283173,-0.35640132360543886,1.804962523081355,133.26607011520724,100.52422773609786,142.47649233036665,0.30978377558980175,3.715316863630102,81.07700522377515,38.019109351182394,-31.11231261088983,-50.55818098682617,31899.946251722,-988957.1588069439,0.967712344483625,2.0693385007078797,0.003957265339152964,HOLD,AMZN,2023-01-06 23:25:00
172.16431442662508,98.85912827691949,125.8233136149925,157.2876816020776,152.09234664592543,41.974449313130926,1.7302641823199656,5.71007604917939,-0.2163798381782341,169.64715387593066,103.28933496497686,145.91804340198303,0.9350330596088151,1.858352380193927,23.823413967184162,66.24304567487779,-81.55634378920583,-45.80741831772101,613106.6383342551,714035.8125988644,0.9293497259220139,0.5388680394737608,0.0038517270787007726,HOLD,AMZN,2023-01-06 23:30:00
168.4610245203916,94.4087360393594,129.90404256267033,152.40069965855315,149.7194005704678,94.7922406280563,2.6587279824288177,0.7026685993182089,0.041408267473309744,87.32715393890432,145.17551273477073,143.3432437045878,0.802964011626062,3.916269012931986,55.602959818853314,19.991211630381432,-38.89194649407342,-58.63621840942864,81308.69423836407,-554250.0038931111,1.0191251353899826,0.9358066961484026,0.002263118520813587,HOLD,AAPL,2023-01-06 23:35:00
121.93683893866215,129.33895583336854,133.80096653875063,204.3907726304913,126.48119534069733,9.53850841678722,2.95107790833722,0.15766796568055913,0.7904707318349238,150.38582174039345,124.56328317506348,175.38334670091672,0.20693486444959472,1.6724330186489798,99.14927935013293,50.890138665189674,0.9913791969354265,-66.55146315917325,2640052.073124053,1645331.648421815,1.0629680580967313,0.7148525593453774,0.011164358646694215,HOLD,SPY,2023-01-06 23:40:00
182.57946348525095,165.48212749521593,114.62984660278391,106.19664489425833,140.01351766402425,60.178067237755506,-2.2598553628401428,1.112961304247786,0.8630158032378694,147.2445648913066,148.9168360512982,183.910599887944,0.15852898718676872,2.954560599690686,50.081289500421576,25.79306854777722,-64.98114346102322,-27.968595145587106,948345.4711990443,1176854.9225165069,0.9364445000109773,0.03631404656042116,0.00024514380116074676,SELL,AMZN,2023-01-06 23:45:00
133.92109664657855,162.9062077152279,89.7929805942937,110.8608283503113,149.06550772511108,13.879032623063425,0.643140465305357,-0.7818895389746855,0.32709595539259934,172.65470039946655,131.44986021088354,122.22168398244821,0.5616610930263218,0.6971447200232487,66.84582744058348,97.53619188194124,39.33942999156487,-54.14666453776221,170233.63859920626,42524.7148280239,0.9267532084339175,0.09476523620106413,0.009604116549836342,SELL,AAPL,2023-01-06 23:50:00
174.24173394843436,180.0931436495155,139.2353400369097,100.29291292906137,107.74744300498746,47.993729102320565,-2.0127405260280105,-0.8315559992740619,-1.5910943001188196,161.7642652724228,135.36103991334883,130.43143633438245,0.6341248513545654,1.398567100781189,20.899689983139766,68.40346321149407,-25.308422775737867,-95.27411456218238,822366.0203412593,-1193306.2802551056,1.1444652811717593,1.5131119160923279,0.019666040540269953,HOLD,MSFT,2023-01-06 23:55:00
161.01861940204023,112.00907414904076,148.39648560204142,163.92474196736177,135.12401101059862,67.58846263269207,3.8783694014253163,1.2005530204384853,-1.7679656058120177,126.59229530187702,159.50265787747705,131.92766633902218,0.769445806250899,0.03919429753861268,80.00318518397853,24.624714918251257,40.020780904638514,-19.313927453823357,126167.6002859769,-696789.9637018513,0.9347834782769818,0.6700440847958242,0.0016298730276312107,BUY,SPY,2023-01-07 00:00:00
205.14551030385365,78.5156841109337,143.6873732865337,157.327780067684,160.63039637098538,23.01710545165504,0.06115509602715255,1.3337145413510556,-0.3859493598966116,80.94376897607239,126.2827397550021,159.59591811242694,0.5483199486352701,1.8721286101349521,95.50431611871386,51.273806757911444,-47.254158931855265,-48.05835672503193,157445.64566785947,-188294.50626458245,0.9648819428183167,0.9439229058270707,0.03412722949770231,HOLD,AAPL,2023-01-07 00:05:00
143.29602052884442,173.74042585906437,141.37803595130282,201.36756375295283,110.67690188463973,13.091622236033784,-0.7403729054505548,1.7876266883369976,0.02181505055600336,133.02681406504323,157.74252590839876,179.94184546429094,0.5900626557013647,1.526020922459547,59.96580698830273,39.275915905860074,36.19757472838021,-66.8032368590416,84421.18394704275,2647071.0861310707,0.8869860368396381,0.9489869641905082,0.006926577312785687,SELL,AMZN,2023-01-07 00:10:00
139.52049611645407,123.15411181104297,146.0760217712597,159.79120246837664,183.6974495478272,62.960031395542096,-1.1084299053736881,-2.137753592067633,-1.8679850217204916,115.6624417079143,129.5038071231753,108.80883502920973,0.8537087729610398,2.8153001386747234,52.610148794764164,30.876027006739626,-25.239683328200428,-89.78820615105911,2053612.966456753,240723.4766255903,0.8633446474257617,0.47742265722513827,0.0009513845623359802,HOLD,MSFT,2023-01-07 00:15:00
149.417411823368,87.44536406834087,170.5710367887691,139.06697089666233,187.08839787799528,26.149852473595686,0.6680702579129829,-0.1895835804247072,-0.029809212266428166,117.70421872174009,119.48145340746967,118.6088015401852,0.9569642956789395,2.6109479646420666,39.790929919144226,44.030797700256095,-11.822270371843429,-67.38550488615344,788954.635896424,707174.799530907,0.989458173520338,0.029853844402041366,0.009387655321955174,HOLD,MSFT,2023-01-07 00:20:00
140.90460651497176,152.35191237878144,140.23884535176958,152.05743593209942,111.64548272119742,22.495195746671452,1.0312286015708583,0.49444624229293455,0.6511871189027237,134.2814183193753,113.14953037539841,139.6920784521488,0.6887356343315497,1.975664778775137,34.91963464932149,68.28160289447682,-31.759499586095064,-19.853936483280656,397354.12483964267,-834135.8441764322,1.0647864060817755,1.5460391968581289,0.0029801352513325547,HOLD,AMZN,2023-01-07 00:25:00
173.99825705826152,171.7952706465603,130.64793557281826,155.76663739075065,189.72858899150418,38.832834643225375,-3.296114006797434,1.0804716377616461,-0.05919972165456937,188.61760041274368,98.58315088115454,166.01274033742538,0.7222179831654321,0.11671090061352363,88.76833956767692,90.88051831749438,-7.52108138059807,-32.454610500365476,678.059744699366,91716.22562930349,0.9993078537956306,0.631939301587911,0.03172227486266931,HOLD,AMZN,2023-01-07 00:30:00
101.51068174690236,144.3382860363617,137.97186287779783,98.50363925349865,144.69255233863598,92.8033488819253,2.79372778610461,0.7898744687445234,0.2951265528652911,115.57803105417713,108.98943706339371,121.77083032440987,0.1299068570446919,4.6662887606860854,36.5707740047908,74.37761802717723,28.79808231875068,-61.3644235301987,638706.2995970376,-768687.9502991698,0.8942033316182215,0.14955265391290273,0.008129531401418475,SELL,MSFT,2023-01-07 00:35:00
118.38952742560937,134.26454841452534,159.4836689939194,238.73061261871658,161.55543677471164,46.71383086903513,0.9418261271159039,-1.2766164265137296,0.5878175644577087,95.07529698159546,95.66270365403453,138.41806633098167,0.8808109661884393,0.03636702698817358,22.3108456105575,34.08892813448164,-68.91531971215866,-28.344862581193585,719025.8097652378,-581166.482741956,0.9966640986153408,0.021300502442452626,0.0024889475102806615,SELL,SPY,2023-01-07 00:40:00
117.9659123526242,143.2191330356228,180.30067196358124,168.63587257926116,134.1004684361526,40.83596171142423,2.777648828289976,0.7721353466457379,-1.601268126485565,139.7178397186052,115.13725962065806,128.35583944187607,0.7175315599558473,3.251822312875879,44.76804760858417,18.564057346392936,111.09230046784813,-44.58189225791259,410326.2042508994,-1787400.482654014,0.9158123711612777,0.017676289035953894,0.01209027071800313,BUY,MSFT,2023-01-07 00:45:00
178.50922775920728,136.8825171279765,129.29640652077055,158.72026585672285,176.69134481680285,36.80078185133334,3.421413305667338,0.48185321384163426,0.652581820889264,150.25575540992796,160.52514649831375,172.7254964388842,0.19865057059648536,1.3053404799950052,79.62958050622468,28.499529864201794,111.65368112710598,-76.91258325985648,662278.1284166093,311278.38370325154,0.9475365777450094,0.03391587310304704,0.012028747831134685,HOLD,AMZN,2023-01-07 00:50:00
201.31840117745776,107.55858664179499,147.4733446757221,171.68524749691457,161.18282056546002,23.365799374670175,-0.1988285786316042,0.4777729331710169,-0.7335337446468693,147.91664109937454,139.79214468830003,146.7137857909256,0.4964352921503376,3.4074264475850056,48.055330790620985,60.11875399367863,-25.017272125712164,-28.15042970807511,106163.96398865493,720663.3834540349,1.0040688418089196,0.16844658166274323,0.006448493422273196,SELL,SPY,2023-01-07 00:55:00
146.86652344387585,126.55957969028705,153.45893604839898,174.70115137877136,124.5754023020719,36.3780167247905,1.7138141163686593,-1.6446624659115188,-0.23810624249066514,136.91482280606064,130.30310404176035,128.13893742585554,0.5663466175769641,1.2512382913723352,66.01452629696173,63.54716690421088,49.82204874840199,-21.425938223545625,2551836.5340835545,-1480340.3660090938,0.9921652338246605,0.2632705360170258,0.007920092911661685,BUY,AAPL,2023-01-07 01:00:00
144.93534830429968,163.63839715041445,120.18554983177943,147.50228846392218,114.04394000104135,77.07877543789651,-1.1515668586860177,-1.40169850475287,-0.6610918494958523,151.43617964859766,122.71775641477322,114.70986560279852,0.759084047656854,2.082222095940288,28.055844824404407,64.1412722938261,-59.79514790341421,-25.431938683860512,298865.1296251969,-1186082.960676367,1.0119309309840743,0.28388055093741493,0.029292805523502507,HOLD,QQQ,2023-01-07 01:05:00
152.10156489339545,157.65035624129501,145.51042918032294,131.80028364029758,105.19092694372333,25.034221404498226,-0.9354350864348835,2.718345993318544,1.0738864161480697,167.5427572376676,137.96869243749774,138.118589475023,0.7537090993547374,0.9028050337262356,57.452671114292784,59.55314539639023,-81.9729993428673,-33.825692630957604,2966136.892963281,-1454100.2295241295,1.0525639322555425,1.0000211364464853,0.020362290485057374,HOLD,QQQ,2023-01-07 01:10:00
184.8563490782457,153.0417941790046,108.35815356644763,171.18242196229454,154.63825329298268,27.047531149510167,3.144757266089281,1.4791688121546949,-1.1724195626719087,129.4793395497873,140.7552152269524,142.08133651313045,0.1683670488839338,2.722647368620677,63.719267465697236,43.76740246878878,96.64559229072094,-67.22072191525899,679005.2731243114,7580.8151430364205,0.9977401084098465,0.27649710903523844,0.004832707099368652,SELL,QQQ,2023-01-07 01:15:00
122.17940597428277,118.14554554439862,100.77374240651503,164.34274689700646,166.17414235339209,26.722031208409547,-1.478207499805073,-0.09445507541600401,1.3813452682112073,195.07563334771996,112.12360714847006,175.41940277134822,0.6857793488897765,0.5865317326787418,30.529124212179664,89.07680282718029,39.68697267972882,-56.34189796323378,1942989.1313746884,-66516.26036758233,0.9612994850755499,1.120726619294899,0.059201260771718486,HOLD,AAPL,2023-01-07 01:20:00
157.15106948204357,142.55490513593,154.16866019730642,126.08351682913894,168.52897036338325,17.288716816597038,0.3929375020585214,-0.06883222611397899,2.391827719642015,153.59297952352966,151.58895802073908,180.54523328515037,0.6468669662297643,2.541336005509752,3.4007804922581126,65.08439450919565,7.842511009068474,-67.28453209116824,860868.3220548445,858068.9942766592,1.028254585453312,1.7335707695162454,0.007268933320031198,BUY,AAPL,2023-01-07 01:25:00
179.25592889347288,82.68804860671436,135.40313146673043,197.40913956375243,145.46056716177867,82.25823647244162,-1.8155133749487342,3.3342478722770004,-1.5511200738755966,194.27955111887647,131.85917321434044,114.5076994707233,0.4670115943081982,0.42981177613505356,91.55347501918337,46.69571942665856,37.72052104402651,-71.11470649607675,1860567.7438752267,-1156077.29394882,0.9158219076368289,0.48579107914766206,0.015247346153008498,HOLD,MSFT,2023-01-07 01:30:00
165.03282509819536,153.3542999165617,150.0570101905305,161.38726516233547,114.29010633006908,69.28073549862604,-1.3112106136922417,0.06800027649279836,-0.5860533644959968,169.2237576639782,147.42035567287664,179.53712074915273,0.7920947626386573,2.5614750519116227,34.21310879419412,75.08904696678245,-33.26262618340737,-83.11488303766875,10190.067532912883,-373061.20286713383,1.0025875067994332,1.2671017091918297,0.01693159018865849,HOLD,AAPL,2023-01-07 01:35:00
155.6874484979623,190.865731234407,144.55262557479125,175.3542195925642,128.53775605928652,43.73669167484082,-1.0102415707591903,-0.17518513684946974,0.6124477252166005,115.89096840002104,139.19966062259124,171.37761025151764,0.5964811731980701,0.6953491530462886,46.0548594934764,36.96232021690292,5.352285584755478,-32.13630802391157,206378.27291017037,-765778.0681895947,1.0645858218319695,0.10995796117420577,0.0048074785729999734,HOLD,AAPL,2023-01-07 01:40:00
180.03138277701424,103.77603603873683,120.58999878340506,196.5414684057574,183.57045916885778,78.33927531223183,2.8942916557405343,-1.1901129765492269,-0.9934498420327081,91.57643519032648,104.53989194805976,134.06902921167043,0.3820651846016701,0.6532111073808509,20.332895990934556,51.02188396273228,12.172465586340435,-51.69860830749713,436808.5077936277,651311.9370619397,0.9652195210427101,0.39738438796247055,0.006884353775271074,SELL,AMZN,2023-01-07 01:45:00
68.90303121002289,130.42216980046734,143.8686424508916,152.7004422772747,134.46114306199755,31.407142000507204,1.0275366688035426,-0.3504962967080587,-0.2718748319094538,197.27460072111506,172.5212384949403,172.73811060124896,0.536238411205851,3.3372502213880977,63.440461579110206,61.92552058416971,-72.04075791213785,-58.66037678434193,351167.0585741569,-19070.664148388823,0.9696924247804779,1.147711063503148,0.013105229801198506,BUY,AAPL,2023-01-07 01:50:00
170.33625958592722,157.8732033613039,114.17246737462862,162.1424642234917,153.30252892044427,40.53952884157441,1.683717645417074,-2.524265542776072,0.17587726191913447,128.06464885712066,139.71361758195795,126.23577004970518,0.7460564725172074,3.3607149564322385,77.08213755686839,57.7515676234989,57.87633407843816,-65.03608979343713,2932390.2199426508,-566368.7467928224,1.0927609454233795,2.68509139449413,0.00592293104182593,BUY,AMZN,2023-01-07 01:55:00
130.37772950617727,185.58527903282453,179.77430895003502,177.9208716321957,116.73048549275337,67.33302063868699,-3.6136455956803735,0.7811894976750539,-0.7128210148442343,156.59960283786043,130.80756381798756,162.16945538355728,0.32484950729803663,2.3514340347779195,22.177685329948247,20.21440451139705,-22.271597259934197,-24.358055312974415,501982.5655474782,-798693.591677968,1.0113769775313555,0.9559489033976549,0.007294961082763331,BUY,MSFT,2023-01-07 02:00:00
95.08101309430629,134.55326151099553,111.1007413785009,128.80444531839834,159.09749136377104,46.14431668979954,0.0692968735193727,1.8888884952645755,0.08198313873718956,138.90447279268685,154.56389900345232,222.75690070410863,0.3240866183319014,5.1516408678320245,52.5163602438695,48.508285925390446,-58.54501386169903,-23.693784105292725,3579586.872529426,362196.9641634287,1.005125501165621,0.45229990204003834,0.01899435681307493,HOLD,QQQ,2023-01-07 02:05:00
165.33607798574943,127.23249012202311,140.10536822578547,153.72965321107205,135.26946314962765,66.51037415256525,-0.7649893201260585,1.9055972259557457,0.9487362744277316,206.98425951260737,111.06679327334611,156.91646514672712,0.5290376902726941,0.33966461041749146,62.97771938667396,79.51703810440313,84.59684887650619,-76.40150271670765,1052726.1046109935,1098214.3683786886,1.0136317240314037,0.37642616837525544,0.026466727519728707,HOLD,SPY,2023-01-07 02:10:00
191.20975635488873,88.9323057275175,118.9432102988188,156.01755477283677,180.4013814132729,74.29462617238096,0.9846461278246825,-1.053687798485829,-0.07831511029616775,157.38638514635844,100.64282423374337,139.74650585194365,0.324758308180271,0.6275629568066302,22.468755145469753,36.219430146957606,61.93916958181762,-19.387695377696822,1805155.229689625,337215.04962753516,0.9532850414999584,0.4968399835330721,0.032287056118750955,SELL,QQQ,2023-01-07 02:15:00
145.87654456116925,151.1031438792432,159.26052933401988,121.40612634613137,172.2067311862044,16.607377560026624,4.813051737164417,-3.4420318224517197,-1.0386544135280786,111.69013957673316,153.91469999256813,110.58597386777484,0.5756093454448408,0.696319988815288,84.89350351108688,77.59844440445328,-10.300983803858717,-8.184302056783432,500636.59657710546,-344488.61572336796,1.0575203926156465,1.0581406058085108,0.0025957921481931084,BUY,MSFT,2023-01-07 02:20:00
178.58623641608816,209.26228120431233,136.71421571796242,226.1643772375641,134.12882160275302,80.87914577819029,-4.781115610040485,0.5089120672567551,1.1648866285390433,150.76646509515226,168.664170907576,152.4634461240179,0.5387874455121338,0.7285110291431427,62.55911644555776,44.13771809934041,-62.46005849681221,-20.08590954327181,210815.29172725548,-1388197.301171814,1.0778263481294763,0.3959962811675079,0.026711833914267232,HOLD,SPY,2023-01-07 02:25:00
198.36834773965936,156.32075385894026,132.03333200946975,106.96660980824312,145.2000791795701,49.34608389038285,0.7988982843922146,1.9780595245724548,1.3890346755481988,199.36329095276918,147.16039011152097,179.93710109029132,0.3858438413699887,0.7950890693151933,86.90335827949008,38.86586650199027,26.74631384770479,-66.63147489690382,51775.14603948904,1283492.4873483712,0.9857593184517315,0.6348744097298805,0.05509204946235915,HOLD,QQQ,2023-01-07 02:30:00
189.44743360752142,147.3316306244886,166.33003862628885,110.46067508201095,132.46651279878114,33.82545494659021,4.4095712182422995,-2.4062084133114463,0.3685796987868984,129.54817581718575,160.1445957556217,128.71913528060497,0.19275965955361504,2.3881055229080146,81.85787150845701,28.896527276508472,3.881945896411987,-78.84799078741341,1068291.94845725,-4647.351842902251,1.0204027863099767,1.4229612619711884,0.01738497878324768,BUY,MSFT,2023-01-07 02:35:00
199.19893588114178,157.66246932300956,145.7357647919388,194.05525042251452,106.4170041036497,43.850959517912734,-1.0195756937409683,-0.5604069568643526,-0.98179235027287,105.34069226201768,108.34576588733188,166.22849413881275,0.4748151362024678,0.6314996740189901,6.069528944760963,52.55056926616547,110.0183273485444,-66.66592757530596,3568417.334455064,729751.5186331358,1.0482024178730192,0.27151825655554174,0.018561205890728582,HOLD,MSFT,2023-01-07 02:40:00
172.26382473215676,147.66723988154195,157.91611114839918,174.82452002548936,123.2767271135835,61.11633495875806,0.29967810762937613,0.5361219304386152,-0.8777272636867991,185.55657493157304,131.0181471658983,142.10046714869938,0.6115575119407107,0.6735265915309809,22.629156374265857,24.72188906960802,67.46261903904316,-86.76564206727997,125854.74665585502,735303.2792088802,1.0505752237683574,1.2605785833653127,0.06216616969969694,HOLD,AMZN,2023-01-07 02:45:00
152.26300916704778,123.6095688321961,120.46685158706337,119.16912584061511,154.9465198316246,32.78941492786296,1.3531398567791657,-1.2615927810041097,-2.3684344357120315,125.73709790221,123.54890190616439,138.04609961598268,0.8243512169409819,1.689869366190832,62.0407318339896,66.37457743050068,-22.45048410751787,-65.40102892431644,1477332.2383444298,1011766.0062665776,1.0573793019306135,1.4332140177119521,0.040717262786111035,HOLD,AAPL,2023-01-07 02:50:00
101.94102564308494,172.69839747033117,109.87957640181233,171.43324848325418,158.75778494688745,66.96561406104125,-4.311781478452754,-2.5922359794038323,-0.5921274752413529,100.50062563642813,165.68991964871898,164.67864118738765,0.12484469936536317,0.42975277501892717,18.829271208082172,45.20776109481898,73.42159590833126,-48.92015369510497,453520.23515624047,1537874.3403410967,0.9261304538340616,1.992711277531351,0.016313944881078818,HOLD,AMZN,2023-01-07 02:55:00
142.61812535610156,154.77284569335262,147.68019905100334,198.9712142399139,153.45643710777918,38.806456203759026,0.5323686622749423,-1.115569496679905,1.065579444485567,126.91662431511949,152.35168341199142,93.20440793361887,0.4341485395217381,0.9079062814712913,93.59460292110104,79.38442826885289,68.109254630956,-67.81623165124115,5030270.359132662,-2311381.019125075,1.0338837195754358,0.024159514505888158,0.029035827466456294,HOLD,AMZN,2023-01-07 03:00:00
124.70260214051426,148.52839755800971,137.0288411126317,151.03158215689646,139.94800838124092,89.35028531977814,-1.588129460686254,-0.8536279957205154,-0.6839683174460539,167.77766896894582,165.77890450404843,144.25950754931085,0.08081357579096861,0.11937344936819733,83.56439476083952,37.55007803933211,-87.00631011216305,-53.252125075989845,2040499.7709436326,157556.6964563869,1.07660391049624,0.1207690436173961,0.003990957793797613,HOLD,QQQ,2023-01-07 03:05:00
215.1282815249344,118.7390191816525,160.6608668113486,235.16233280238663,176.99199817162955,30.188162871633672,4.095537581173574,-2.829242014155569,-0.9559326209051104,173.53946368367139,124.55315558944709,179.61171546062116,0.09627088466884175,6.09603561748911,40.51826697549063,79.42209223249004,29.69873854221174,-17.651316786843843,262361.40277079854,1174601.3469707072,1.029416757514521,3.097489343816332,0.010658488985233541,BUY,MSFT,2023-01-07 03:10:00
144.7234256270299,187.10523795804278,143.00228868343626,96.83002205222286,150.90625713682812,49.893353335462024,-0.41474241387247096,1.6073159552559486,1.022884416568987,172.03762380577098,111.71303090312348,144.45587023491584,0.5610863324780696,0.7634219996428353,1.8745365242743193,83.6987978042962,61.15554316920233,-51.72425603495482,1451394.1974147921,43925.09117320188,1.0771662551411003,0.13442481155622327,0.025134062583163558,HOLD,AAPL,2023-01-07 03:15:00
153.69614420353457,167.9410823599933,150.12688348086576,174.20235052349128,170.09761484287841,82.14654739445528,-1.42068047333819,2.3308731231832596,1.151279688627503,122.25236504298199,173.2269668497255,150.21038038043318,0.5271913026563848,3.794801829767182,32.78883798440158,83.53927879903272,-19.966757395593138,-21.774694529223286,1325123.4905583565,271055.2101520276,0.9996832738893723,0.6691760118420776,0.006809922031100451,SELL,MSFT,2023-01-07 03:20:00
166.54456128121404,131.41237487898093,104.4154367514689,189.32890675907208,95.78674603392444,69.84999236049933,1.6932632420663105,0.044335291129540884,-0.5361311640063222,189.63987926897144,140.65275882387965,146.0183774873858,0.4269014642605358,1.5098136673590317,61.77183293946241,57.71534417624247,-61.26060984266167,-82.3491356055597,1441442.0340556665,39401.06994639873,1.019091914829485,0.18266104146278123,0.012098976702195442,BUY,SPY,2023-01-07 03:25:00
151.30807339117362,178.05474561045813,192.2109234903564,180.5230048513679,31.32799245144973,41.58906973324726,0.9760254308037354,1.094230733860041,0.5094489674107001,183.9266912867687,166.62202453105346,207.37855675434585,0.40515092447809586,0.5180911637309433,60.148314273804516,85.8442833496122,151.03711458300987,-75.64729282430652,86454.75098010647,-184399.41960373663,0.998238960588764,1.670717420862868,0.0037924333879887106,HOLD,QQQ,2023-01-07 03:30:00
200.8515312129226,133.07287484844377,140.8939503741992,145.46061674733926,157.5136408351424,82.06462701375305,1.7918692107366465,-2.218783797871428,-0.8677520646874292,175.14154773458446,138.37637729055058,161.54533478678755,0.4661286397246092,0.42992316520134655,9.548937089141015,48.983855889951414,80.1277480135147,-67.30070668991124,1657664.4759655097,-1120170.885546127,1.0268180573446453,0.10148278501759024,0.0456170910536498,HOLD,AMZN,2023-01-07 03:35:00
131.32051914796645,124.5398952246689,162.43967425847998,142.7058725756432,106.25703038835532,15.796721228837232,3.820847680747851,-0.21236743002817443,-0.3426321430101899,121.33738941124186,195.09630242780509,111.71828030882617,0.12315139556430253,2.3746296107098988,12.059946312380216,78.25528485856391,14.693415809213986,-37.75064187437126,303042.8719404701,-531679.9296689022,1.0397281858604464,0.08950556558194733,0.04520361324367313,HOLD,AAPL,2023-01-07 03:40:00
155.83822365711728,125.20890647559139,124.09770824450933,166.21264547479223,142.62644891860833,59.170120983318434,-1.1704146628780077,-0.8683568076004864,-1.8201103078126581,137.2121904638186,169.44991237398702,124.02137681141352,0.2854802414509338,6.697331743477509,61.367918755228544,70.84258323285184,-105.1498077532076,-33.80528449414409,892629.5496448807,-1181280.5143173598,0.9408067891810209,0.7025981847076211,0.013015522964301852,HOLD,AAPL,2023-01-07 03:45:00
127.72588242905856,94.86794340735726,152.70024755543352,178.10414357286623,139.93708876926183,42.148109586274536,3.4380716672717933,0.6173360982397691,0.3601021460727724,169.85511506464096,135.99861441808997,152.81848325365252,0.47833440414788775,0.4044030500171469,51.52172863576705,62.1775467033263,-18.607681458353113,-51.494070235723576,122623.06189235038,555770.6172891986,1.0037206608816949,0.2720441022976392,0.004263990000785398,HOLD,AAPL,2023-01-07 03:50:00
110.39932466337882,162.14627141254618,112.42888091188136,171.2791499610356,196.62201807246612,41.25602349073978,3.7548960719189246,-4.047022799808108,-0.10291352976325198,179.1144359480401,140.51322254413176,187.7357891442763,0.736608355307711,0.24528739668927696,72.5146964363619,43.447587883778674,100.49777276768101,-39.66682797802024,816727.5656135215,495859.57661584363,1.0013853878693295,1.0833970549542307,0.022739448984919756,BUY,SPY,2023-01-07 03:55:00
131.64692727284142,93.0656536498495,156.30169595649178,185.28185250538846,160.9998965883082,36.219956523497245,-1.5370019065994878,-0.4561057417647115,-0.6719273245915529,123.4026746478139,140.59968815438825,169.8333900192255,0.5488118804038932,0.9791048409400469,40.92557704898444,62.80413857830616,69.29784563478745,-36.68099780532362,2368915.741713421,-58374.475742888244,0.9728010721439994,1.1545402291264268,0.004804140057774317,HOLD,AMZN,2023-01-07 04:00:00
148.88889608854765,111.14668506202712,136.10064789035417,119.39616137386447,153.9757708039602,47.62511006542652,-1.3432875762719048,0.9426011940712067,-0.09203003358934274,220.1135413598485,111.59851528073375,179.77122423979358,0.6872426455359355,1.0011254259356979,34.102598829830605,41.867737235930655,-11.179426043128213,-62.99891028806081,195011.98220954227,-2365988.695645386,1.0160109734772163,0.8820066824205371,0.005190824693456592,HOLD,AAPL,2023-01-07 04:05:00
137.1209332644822,85.732359727644,145.7297625983892,144.71132866804368,174.1097346390102,19.07079307431357,0.09444504303345427,0.3572962784264827,-0.21505095741264377,154.0650319721628,127.95137700751208,116.10712485267013,0.4357365515891149,3.282403917907922,86.50408002885136,43.48553495555932,-22.81779256488177,-47.10585794033386,1931311.8069030955,-358943.95377261395,0.956122795579498,1.7995966308900322,0.07154427168142237,HOLD,MSFT,2023-01-07 04:10:00
129.22737060378432,145.41790921627322,162.44935075325245,121.91949017203987,160.05492760517117,55.99670359906531,-0.39935460371292897,1.1743604923548303,-0.827246058792064,192.1016304397371,126.05057776450491,168.92337810756368,0.4060478348967872,1.2655695890079666,13.651604748183274,62.58370601993584,75.52642971860755,-72.06577317378967,571718.2112612498,-1153353.5766446728,0.9557590908001964,1.1951823921324054,0.0020970205742477997,SELL,AAPL,2023-01-07 04:15:00
107.81047608984498,143.49038619184384,114.18649221949299,139.64439116524346,135.26969021034702,39.34409338376805,3.4181103666471633,-0.8975633726558264,0.3985507704669513,115.43853389789207,145.81283390965172,127.8664457806254,0.4687380123143457,0.12899424580723817,58.0954106813927,26.47741031042526,-9.593558016232873,-66.07415612420404,389096.09941644786,-1056961.890080124,0.967859739388868,0.2076600913019691,0.009536272796138697,BUY,AAPL,2023-01-07 04:20:00
147.50683282113917,138.1991136044091,127.88770673468008,184.48706853805777,181.1442779076368,53.17701306271305,-1.7278494076508566,-4.234976928551536,-0.2979491828664624,166.13883925101206,119.621542950751,146.3995999011446,0.09699746235642766,5.06821962949507,16.151926608253994,19.5281500342587,-3.604123348001899,-56.580274998267136,58792.899355475296,235568.12219590673,0.9379351628420515,0.08165204489688731,0.01618798859837404,SELL,AAPL,2023-01-07 04:25:00
104.85838877906993,116.72266915988271,156.43310702716914,155.4554854632073,115.70749616335178,46.93096459084018,0.48931765932881593,1.6483266419884444,-0.13428026691092623,114.63103061733173,136.24820314529273,175.5028110798611,0.33779526308293667,0.9342169079880775,35.80877625594617,10.464499412275224,24.25855976936475,-62.81457139382191,751858.1061987216,891889.7650782063,0.9644006496559536,1.3773848382070413,0.0022810751007886487,BUY,SPY,2023-01-07 04:30:00
172.80167891068808,112.8329873969008,197.45553686366867,235.41949322079262,158.69741562600686,35.91883054605235,-1.5309729082721426,1.1387192647966613,-1.4606613655599547,164.239055101073,130.84575471209303,132.94125885533512,0.7930056510190557,2.2084463837374075,43.99009984368759,93.7573299946019,32.21465012842718,-46.19706869484114,223066.31713796392,1337931.7365097287,1.0909139541773905,1.3471564571279877,0.0007944332256210633,BUY,AMZN,2023-01-07 04:35:00
152.4731925880351,161.93109590639722,141.54794163346295,158.18900375007095,102.57290617591066,20.483918903233835,0.21693628967752243,2.353135852878641,-0.12561757942609217,175.13495482924557,141.8957383196447,106.79147620827871,0.5019543776015869,2.2021602919800474,59.7405715492872,7.785371294476922,-52.327088174420474,-42.19147088740976,2815084.6066488465,329624.76221282594,0.9444065634120672,1.899274746234005,0.01563248624919656,HOLD,MSFT,2023-01-07 04:40:00
106.27345501605208,131.48344204874536,159.77840294809832,153.91014017855156,155.11831572547985,60.61681802023832,4.283395994727639,0.11138462802948923,-0.1793299668826698,177.07678314502562,176.70265670165494,138.95732814758773,0.3936822218478437,0.11598309975661875,49.20106843732244,68.97785103961456,33.66138964202502,-41.98486534570363,271995.4640550496,1438712.3146878637,0.9548469631115519,0.22608002405539787,0.0024333948674270067,HOLD,QQQ,2023-01-07 04:45:00
140.72372768850408,157.49074964608434,142.325713253538,155.3978534220869,154.78968925318787,47.147329896779624,3.6460825012118225,0.6243587610222083,-0.8256140803014057,133.1295300165381,167.38590706697573,153.63178087420988,0.6261504447920859,0.007222343191803017,70.7036263676903,24.165130333975878,-47.155011455702336,-60.04123545471057,883788.7025801338,-1303371.323969352,1.0064839583409912,0.25250537002009055,0.005784842974493491,BUY,AAPL,2023-01-07 04:50:00
127.4353078322825,121.44253941627332,193.55613986890748,131.59012182848204,199.29364885743988,67.46445480418188,0.7570497271571063,3.4938715547551507,0.531543744504293,95.28359350805633,107.2375246016886,170.48742433721773,0.871056102852421,0.184311781973278,14.030053358272983,61.472370191635775,67.69717083455895,-29.01888531672503,817661.1796892295,-867060.0311996187,0.9474471840565898,0.8596061863404904,0.013754160787618548,SELL,AMZN,2023-01-07 04:55:00
159.57523531257542,153.43188228313247,101.31945832586861,150.149228403917,102.05078319674662,32.818702295856944,1.2595393612744057,-2.776515751377562,-2.10780852163246,170.2374745801225,138.70403590051558,123.32722123439787,0.7069950250231336,6.271420594942024,52.972831446763145,83.78972693403695,-14.150585146772505,-24.50934460481343,410712.1292182256,-85454.86100832038,0.9548919300377735,0.16915184221779447,0.008538817064842798,HOLD,SPY,2023-01-07 05:00:00
190.21351338069434,187.09834111948192,147.36552611673395,188.08921686757267,130.97338472438562,27.557990465763815,0.9429803568979296,0.6670559433419877,-0.48219837713918046,144.9997843781379,132.42829513570533,133.3769119887057,0.33476222868480704,3.15968976566938,81.27103514646994,30.712662650330934,17.35608208591161,-65.20877711547124,1910978.0049515103,648182.9298516032,0.9393476528587309,0.351456873109944,0.024795855824686935,HOLD,MSFT,2023-01-07 05:05:00
93.74482591062767,165.5849740117835,104.36139916094848,155.6470613800887,173.68047279722433,17.241744867594495,-0.6080105042440728,1.8266094054665634,0.30995442734677625,144.98154574843292,123.8350093115178,156.45663971563292,0.42745055995851106,0.28315541622935714,18.48216334604786,68.45602424718592,-140.88164312881847,-87.42882692379771,202415.02340711423,491078.75983893604,1.00074153767119,1.673606828410688,0.06564383424284922,SELL,AMZN,2023-01-07 05:10:00
153.45078237442252,135.6275854535056,82.33571073658209,126.60928864372892,159.05951769191924,45.554807956545616,3.833096673335434,0.3188725691216516,2.0985091195798558,126.67566902481903,193.82553472419667,166.3746951519991,0.5842923907103844,1.9083479771162846,32.01116752105179,75.67721861354205,44.72366820081558,-43.509341924894166,1698591.1581153793,753371.8470920722,0.9883165628762925,0.4067843071388676,0.027982898612341774,HOLD,AAPL,2023-01-07 05:15:00
145.1960161330008,155.71596911067783,152.4365513279454,122.39729214468368,154.4091515401251,83.22342663429646,2.639101250902735,0.09946061869415314,-1.3656729349985453,157.06971476832123,126.83080485789796,156.08685656375405,0.7218289462544601,1.893364576641359,5.173353683276353,37.23583182598221,51.67604693677579,-20.073128903866984,232536.30752310113,173637.41905381533,1.0224095048886106,0.011393378914866862,0.23482741834612775,HOLD,AMZN,2023-01-07 05:20:00
170.14020229351397,140.78004476409362,148.48744490368648,137.59353946669302,120.31592891124383,15.57443594271129,0.4687455266768069,-2.2253583722988175,0.08862746276840082,158.78752337620725,128.56407804503823,145.60391374436566,0.3191855313139738,0.0011185005084003816,67.19971552035742,92.47321717698543,-23.130287823229942,-81.15105565524712,39883.50014698006,57608.01911593964,1.0102956727505394,1.0521858444092462,0.00985030897672207,HOLD,SPY,2023-01-07 05:25:00
156.39589884713067,148.23640554084184,137.87907655644497,154.36362990114816,131.27544955725713,25.100318660641513,-0.43369187713109086,2.200834724569555,0.5479027930001471,195.87558917967596,183.85973400682093,127.81420321018246,0.1476532582706862,1.120957259872273,64.58132472848679,37.18138805498027,-65.81411016109878,-43.58419136451025,2879754.860621888,1640090.1050745721,1.0579896632363632,0.19916604859886375,0.007283737575240157,HOLD,QQQ,2023-01-07 05:30:00
127.44092004783543,138.2316684355449,142.34514774900617,190.1947691352404,186.3512302466977,41.78773494305098,-0.3039157911156635,1.6034102492481366,0.06334792764511184,88.37064983122903,164.2259008293956,176.61402837464243,0.3989626060782441,2.4880309732456234,31.981939691948508,33.55258048133526,-67.39236325946617,-81.5176152746573,1014174.8435573345,460666.0727108055,0.9733691014583294,0.217947571334082,0.004780004441520311,SELL,SPY,2023-01-07 05:35:00
140.42838193000145,143.06994382343825,222.45748585178143,109.10436347627402,147.45472418738217,42.77945113739206,0.6775496477992174,1.923838409497391,-1.2323435923307715,112.65255860656765,128.9175430959902,186.40621707163922,0.4758620290809465,0.41353880259369186,42.74810926365729,72.71712969416859,2.916308909275876,-12.312163475971918,995547.4696843219,147015.21260612397,0.9415582612780885,0.016667765311616733,0.04323525517241178,HOLD,QQQ,2023-01-07 05:40:00
126.11922429589534,154.36280059222526,138.54562154921413,141.7655591075598,160.2607908843342,53.83020427137614,-0.07009522464402737,-0.032330791126456745,-0.4836725998536152,175.0473346344929,159.0151126914759,132.46653427480157,0.20663210744899496,3.806327516756176,57.96304975581235,29.567960799532123,-52.9988227394823,-25.81510985426251,307946.38146426226,65634.88362753691,0.9574138146264451,0.8628258878256321,0.00988381919906873,HOLD,AAPL,2023-01-07 05:45:00
182.28021415795794,118.19923901254148,157.75310903125188,156.61792062192254,145.54435013670562,57.03750865101621,2.279018170407661,-0.4810943446500604,-2.44164858749056,81.8940445060904,134.01412241862525,135.76802515888826,0.7321749922275281,2.159413622082694,18.134905589218423,80.10126447559838,-0.47104850676925725,-68.92321115686545,149858.56752292675,-760580.2384276332,1.090343071487957,0.8253175146063335,0.02482255747802122,BUY,MSFT,2023-01-07 05:50:00
150.63934946015826,117.52363519030065,128.765879509653,93.32141543585809,113.50743454250704,86.21468858636541,0.9580537426592415,-0.010058759678050394,0.0038659348320997764,133.65066828543743,135.67959053416638,170.51003583685676,0.3833389949100432,0.013896762502474085,36.81238229611369,48.873923541199076,8.667527843225388,-81.21329112659961,1224382.0097787664,740197.7969073241,0.9000986722290323,0.10140826281666572,0.022464887049682192,SELL,SPY,2023-01-07 05:55:00
207.03572057259024,106.34372338506367,152.38081437601508,125.324854945075,177.0143127822499,30.874299627012867,-1.9074895670220484,2.5489840356382967,-1.41589273706644,242.06053870190286,119.86542874256557,155.01856357363496,0.5221933954779673,3.860859700682816,34.30365076400547,16.293406375938236,14.294196043264959,-73.66974407206884,731345.8120605606,-1122364.1376250759,1.0556024107757032,0.05174670119257834,0.001175363456438946,BUY,MSFT,2023-01-07 06:00:00
148.1801755855614,99.9918668648887,139.04415812360955,130.24356672844203,164.0969715359749,84.68985493872772,-2.293229963460584,-0.39046166568120844,0.45566094096078064,149.22953635912558,79.17367128733478,167.45698320549883,0.5487575418312303,0.039181359741313496,14.969006463286231,65.94937526710852,74.81073253129676,-55.628105405666716,382592.46976712305,-1800654.4871566864,1.055246367824732,0.6749852594632901,0.042346392942203215,SELL,SPY,2023-01-07 06:05:00
128.74779699268612,111.48151923338563,134.73703793175676,126.52894803678406,218.16910512101566,78.60303681408263,1.981598770968205,2.222914318788195,-0.6534223787482349,183.42938141054262,104.37816698733947,158.1304884072166,0.33191102490386826,4.377241865000061,61.048768369215026,8.78120586326963,68.31377447310065,-79.95360528861214,380949.48631287477,1756561.6538925273,1.0132773682307563,1.5200105367941223,0.013331472325673959,BUY,MSFT,2023-01-07 06:10:00
104.58856822161519,152.7838752041239,190.47246330500812,158.1404654406927,118.53255861048365,48.387902042976215,-2.312673799053487,-0.2206469761567275,-0.7475148235000917,100.08911881824488,112.3848598745976,161.3915228055904,0.8514712330078711,0.8120871234700195,68.30729884516306,83.93605305419464,10.69803069177918,-42.54343293931067,2200542.1544646975,1473317.5876945765,0.9544804578275446,3.073524564714682,0.005060414441551479,SELL,QQQ,2023-01-07 06:15:00
95.90580971232164,121.21637453524347,174.4296240796085,146.86209249594248,173.67718763601442,76.5325764175604,-0.6972201576859282,-1.2858869729368696,0.16655025760340794,183.45325812745276,150.4750943466612,137.78377084448442,0.6192387842961612,2.398967491964383,51.166652567332505,66.38311651618262,36.38536501314938,-53.08585487439083,2204260.624368219,446690.1570100703,1.0262507816500543,0.07812804889167929,0.07734760280756665,HOLD,AMZN,2023-01-07 06:20:00
102.4759217098353,163.4084339269329,148.41866618498076,134.23084471676685,109.65368101888997,26.5692760577764,-0.8792495330687635,-3.1158660661764053,0.2602565636236518,145.74548678316015,143.83595760922844,90.06055796372895,0.2789190312773924,3.096976980499588,39.21701181492948,32.894315517935716,22.853361565279016,-12.172656635048973,321069.15079781954,357553.5217859098,0.9587510991042866,1.2315908744361614,0.027980000658646913,BUY,AMZN,2023-01-07 06:25:00
158.0137995303445,149.04141246257686,87.39470160140083,165.6948040496843,153.72039703019232,18.37894653388554,-2.476988038028614,0.8611950763005374,0.8712843018855585,169.07658399714094,167.15583210517482,155.79979856401815,0.4991844079826747,0.6605357430035446,69.1380419683654,72.3806376490783,76.42630276283361,-51.946364868139106,1580619.5509349473,-244848.8812874866,0.9756188405426724,0.2125089977566423,0.019180512312902732,SELL,QQQ,2023-01-07 06:30:00
165.26175069689802,88.94487359685839,135.97476941868575,207.13839096467999,178.29519767189493,19.15179119878697,0.6204162724903268,1.152183178822151,-0.26136191679311443,178.43819394416983,109.91657891035145,170.6977351788844,0.27767380035672007,0.88147019155942,34.64076927243806,54.21802472879881,10.421782686892424,-57.20515082415655,257064.34970623703,-443042.4609211239,1.0112371488848966,0.034566414356124,0.08909395616336874,SELL,QQQ,2023-01-07 06:35:00
102.564278939036,167.6492675266507,212.5756891101271,204.45620853573607,86.8359465171054,44.31516086417133,-0.24763068519120676,-1.72580245604896,-0.10578146487814596,140.9435544359027,184.66976213599182,158.57483020771008,0.28951558672230815,1.424830214423111,18.585555418825074,29.68360037567314,49.46007809106787,-47.054867658189025,1650042.947352257,-1826237.0635762713,0.9747872000450649,0.40762451173582426,0.028259892499218054,HOLD,AAPL,2023-01-07 06:40:00
176.85114942228347,172.32395936775129,139.2334583340073,90.47130329400524,142.85202577275177,6.126465826791386,-1.275631532877666,2.215295007545505,-1.3863240807784079,175.98584143806525,182.35884733864003,127.61978493912278,0.42974681488792227,1.7478591975012479,81.67900551225048,13.22721623525097,113.6525779517479,-32.61721646203952,134999.36794735416,-1065925.6936084472,0.9450724148574432,0.853037392213957,0.002582688032314424,SELL,SPY,2023-01-07 06:45:00
135.50816844949682,118.1841197549544,172.58043930134144,170.46630988272446,132.1037079787214,19.874649175044325,4.170373936795161,-2.0720651643482357,1.4483994232518627,119.72564481376509,140.88591625119773,132.63597900130776,0.696545184746108,0.6907407528294291,47.291042768498215,87.09961552106725,24.57343873503661,-27.86333057889997,1419458.3167104481,-939563.782673152,0.9902522831181011,0.9196764938290621,0.0945402611380955,SELL,MSFT,2023-01-07 06:50:00
154.40379035956647,160.60574628684975,181.04856004881503,146.30325471795717,127.94128105114635,12.870667037621184,-4.861865294030987,1.0626572991214267,-0.9344404570202747,160.8348795932168,122.84374057341009,223.71280125443147,0.46995123853718357,9.757995709621488,68.77196835837103,44.87746193239129,-20.398628046289947,-18.054651867924186,811218.6983919397,59666.283749354494,1.024986455162352,0.05045356777379227,0.018206223426438177,HOLD,QQQ,2023-01-07 06:55:00
198.36661884766272,122.30505287772404,150.47409789639937,156.9649709716914,160.55637956778062,85.99824682017123,-1.726729523537252,1.1362234716753346,0.7248346986695465,177.15098886611608,124.13742314241928,160.55313021466208,0.5952082968713094,2.6712380317364364,71.63931919423452,42.61212801013749,-18.253667943789743,-79.38427523284902,125132.02908820653,1740361.9818330836,1.0572274944741984,2.628275380213196,0.007117374183047777,BUY,MSFT,2023-01-07 07:00:00
176.90517947596595,150.93011130245006,123.9544592032962,139.25494292663845,182.62057119267786,32.520181608052845,-1.1534956509377552,1.6097472263969435,0.7321872924638225,140.06961439245507,144.9533902047325,79.56797638981715,0.7455664277680032,0.6408293319955424,26.400247360133,67.03510542178364,-33.24150067930611,-52.771146019385284,956470.7163804336,-1536541.7635094333,1.0332163635719447,0.0561349569762307,0.03402236269803454,HOLD,SPY,2023-01-07 07:05:00
141.94408056282504,110.06504779135103,84.11719170542779,155.76283615639048,145.00163854312535,75.47716940326926,-2.716754537008083,-2.9561962729397857,0.39990265472797654,125.25377446543133,187.0648825763896,132.77288499476944,0.5482576148656606,2.0457050000921586,37.442044714979,76.57334627356924,41.71206875685667,-12.846043131109006,213698.98050017137,608524.8908095587,1.0774371194186312,0.24486765949478026,0.0009821197945751837,HOLD,MSFT,2023-01-07 07:10:00
123.26423323754138,94.20680642396269,162.10408021522386,156.8450366743046,155.1645928268006,35.07125845261185,4.515815397603968,1.6003090352985097,-0.23739037392648668,142.98282071468628,137.62699401422861,143.48869721148174,0.5120728931843421,1.14317351384611,86.58261596644203,42.51806765961951,21.770876939764523,-17.511098884336253,215820.10485088674,693854.2480948032,1.0124556489206127,0.5665227457073904,0.021247523535151178,HOLD,AMZN,2023-01-07 07:15:00
85.44553796012084,136.51548431161095,124.63109992941129,133.47354376483446,152.42926259177744,42.97897619181638,4.494713817699188,-0.21726336854329625,-0.3627357681889287,197.1064983213513,100.44918556079611,112.84891973280214,0.6115704476811875,3.93692969090768,16.916247079307002,38.423168776312416,-14.27092687225999,-62.02551468939424,593026.5034548806,-1682328.9311717984,0.990847706948311,2.912353745877176,0.0034697688053434003,BUY,AAPL,2023-01-07 07:20:00
128.4254004227274,144.28813161175492,149.4037612971923,123.31623846959421,149.05410519069244,12.293917729093492,-1.368918978828997,-0.5105417363752633,-0.06407631734001576,191.73935689294828,187.38419135249512,146.10468221131464,0.615814630507395,0.7978234692201619,30.28003347951364,27.648411507300004,80.75913238786882,-55.99888481582563,3332114.705374796,-1448957.0258940908,1.0889276678941913,4.736699745231188,0.0018322801957992997,BUY,SPY,2023-01-07 07:25:00
143.66609283516917,136.06960919156188,113.7544915102659,137.6417381561765,116.31972086863681,31.958352836544083,2.5374729142595456,1.2375142121489089,-1.9038885318519847,185.57816904783598,129.99034725049526,135.21240115831523,0.5481629217394974,0.4161502748808594,4.173142936939566,35.3930287960074,-16.005881198434892,-77.69225921261193,2227764.367077494,243618.65993857454,0.9810470951889142,0.0003518302586284998,0.008738621333159618,HOLD,SPY,2023-01-07 07:30:00
120.38461418546449,112.47908325332321,138.36906148824494,159.4962964626165,182.2533380516868,51.79817216181984,1.1930833284089497,1.4410293460374692,-0.026099036301325686,212.77409703313157,176.34490130180626,155.8755193082235,0.5634087361394098,0.0944688933000088,49.76134208421194,16.25738671176557,8.453325409002623,-43.453440037017636,1751474.3968804304,296608.5580234019,1.0437432490449332,0.2542675806892788,0.008812421776877423,BUY,AAPL,2023-01-07 07:35:00
146.06229098723085,136.0030281360659,145.84297637252632,171.16788293389646,157.85586104476508,13.076690766334071,3.312229785760714,-2.9829498443733105,1.4857509396630404,160.22041223592353,155.64441287076542,141.45612988696055,0.26475991653409936,8.309365513267608,81.30381346735926,59.91245265948608,-35.38388180990549,-48.37464560831053,1904736.7328777954,1238379.3733779849,1.0628281204338197,0.6958519076915578,0.018352163392739432,BUY,SPY,2023-01-07 07:40:00
152.30555648876305,156.07884257742202,151.71483952610745,179.3071672748847,160.84644470007734,32.1600341784376,-0.2144094241962975,-1.934681529991495,-0.2258514888722361,166.15628131855263,136.2892780887338,128.9987707367195,0.4675651751517394,0.8901434130862453,61.66682460315913,84.61588097783876,-1.797352131256667,-31.841839990214783,687739.2570059409,467097.7049662228,0.8824310406890442,1.1854638380088283,0.016668178503073415,HOLD,AAPL,2023-01-07 07:45:00
143.25432054575765,146.65320909632388,117.12944531618965,136.1859192618588,124.80471112923253,50.079599026953616,0.8632170457531944,1.7988188123963451,-0.03274016676954971,90.24620939408702,164.14848887149256,139.83507187288942,0.29889806946616526,0.49825256678269514,21.341436388264118,84.55640093462982,-36.47248685641362,-37.88861978306265,469559.45489112526,-1197365.945740556,1.0022779274062537,1.0692853618026883,0.02329170407774569,SELL,QQQ,2023-01-07 07:50:00
130.4999225752962,153.4750309179764,174.9227737190338,161.08302615368757,135.22338806032278,27.29514793503553,2.8050920444411664,0.7124836157705811,-1.0241175397706241,128.14934693321098,121.63135306365213,175.4117761384055,0.23476810240174958,1.353636348523278,52.21909800936577,35.614756794860625,-1.5130335182036012,-88.0822294406487,2154053.544199584,8659.532595383991,0.9450803505308226,0.2896985757367701,0.0038258197275723204,HOLD,QQQ,2023-01-07 07:55:00
155.05964015900184,127.896543986373,130.07763038170071,182.80008294250555,143.71597406867664,84.97838171027308,2.4991898664742394,0.272628461733187,0.18568730884227388,177.90154214479287,132.72607839148847,151.92239740162103,0.8226510827642547,0.6896037657298407,53.161520322586966,67.36204947149793,-48.77982791028656,-43.107195125176595,84329.74035474958,-720283.1782177858,0.9421213989627302,0.22004038285304667,0.04093769070480865,HOLD,MSFT,2023-01-07 08:00:00
163.25821948708227,183.1515374414848,103.13826348866887,189.2990366446121,102.97625919653444,43.59679092505015,0.30326955881634726,-1.4785053321003447,-0.7779691636196633,190.38775559864817,126.7316161416797,143.54449690475462,0.46439134142857985,0.5302763055225866,41.99481411132839,55.44004604162621,-21.920374147281954,-89.18423992464946,5545467.374531619,-2062786.9104418077,0.9581649180192897,0.014376753005484235,0.03913369110885852,HOLD,AMZN,2023-01-07 08:05:00
117.28802767671462,112.71479990335658,142.2744145009134,150.1173486677913,98.35897024406965,59.62729170069112,-1.885150863981993,0.6582624763380438,0.8498565017378237,114.7535253054723,134.98297171967786,160.53732455011092,0.7882023764697348,1.9162290612698045,31.082985302451306,53.05102292899969,-31.938635218108868,-78.40355144009145,805141.8532231131,721859.8816112513,0.9095745232161971,1.8506174325390814,0.004873878328137771,HOLD,AMZN,2023-01-07 08:10:00
192.3279713923881,162.62680891260155,145.8593827256615,144.9301848019324,130.97756208084297,41.72701048239723,-1.5267138269661518,1.8283981974100745,1.1413282628968906,156.7418752442614,153.69376473247286,149.95242221179822,0.2497235946175429,0.15559534204007705,39.69769451812189,56.758383818186644,-29.444893149075508,-61.745770229516374,777531.8761905141,586163.5090515051,1.0407744245732142,0.4760973972299208,0.012832893758075907,HOLD,SPY,2023-01-07 08:15:00
147.04235603147214,183.45673278879886,149.01473582929398,158.11597548276455,164.6756229932717,63.58539875176228,-3.698368852532221,3.4768993944648487,1.3595966254836545,235.57950299582592,153.50705410064717,116.803086122209,0.5145049100827997,1.4225935841828161,44.87936189860373,80.27471902840098,-41.68006288057515,-40.79890024954004,345236.26281781733,-163743.07271589225,0.9863330938027828,1.9976093622990116,0.013389210151635078,HOLD,SPY,2023-01-07 08:20:00
150.56548868834543,162.42724278246686,179.05331009212696,115.20936086728301,129.40587830210177,33.20871788097136,1.5745353320593318,-0.5312803425147332,-1.4435428374975543,156.92992227395584,101.11707500517544,170.59629645529085,0.3056584550484682,0.9801883635658762,33.94230132244729,81.40939996679195,-13.631304052721221,-19.143837672245624,186764.1157530252,1693015.395833547,1.0539730650266197,0.391127308619079,0.05082643501662787,BUY,MSFT,2023-01-07 08:25:00
171.24643269769672,141.9242731880551,139.08877908160352,145.80449564686373,118.4358440722786,15.671626939123817,0.4243278925800242,1.3156292679757613,0.7227104989853911,210.56924293493492,126.61150572661242,131.26943552220177,0.2537884995376304,1.5208372066705544,75.48748693838778,66.89750516263355,-122.7249313952927,-50.18300089958302,1140352.2895842714,-1255373.561190431,1.014180683857859,1.4107296385824444,0.04720828585678313,BUY,AMZN,2023-01-07 08:30:00
156.99648393790505,132.15108860011063,142.00950939078072,175.82676475114016,124.55943040286989,21.38302542502325,0.5785275204331287,2.7823223701993176,0.6469899448872997,172.15509283699924,130.9277200320407,139.723360002411,0.3843531036260244,0.7726213320858165,67.41528649703956,40.02202864696244,36.64145383691524,-84.54686764713631,448965.46895613684,1004994.2448005942,0.9974412154513037,0.07220630794647684,0.001397025792143643,HOLD,QQQ,2023-01-07 08:35:00
178.59409901739735,179.08262953138768,117.42039046917266,172.54230814219844,135.33972730564062,58.20993297257166,-0.050332374811975236,-2.173040799997426,-0.4150706082877433,179.64790219365145,154.6537897581417,104.5925590570036,0.634466877538665,1.6894333533356736,25.33182117022755,15.95473507544327,16.95245496545626,-74.66538613327344,360173.5647128099,-742256.7726011148,0.956882885103909,1.668343008491085,0.06341599859290724,BUY,QQQ,2023-01-07 08:40:00
158.61372495605474,105.3107522421498,165.51383757219742,143.35143666035555,138.3842311153969,44.1560781879331,-2.2866994635188536,2.6986927627857846,1.1926775277414932,128.16821351119103,104.99206756910844,174.65846474477212,0.940041244523618,0.17072048762928688,68.25509600892308,70.4761244737727,17.677518483695735,-58.37566658968982,177145.7838931113,480977.17765857495,0.9814582372540193,2.2165207057557854,0.0014205150249766189,SELL,AAPL,2023-01-07 08:45:00
131.62687876078687,118.8962721886107,149.60772660195258,158.96698243478934,213.9656435661967,26.102552612362462,0.6252342469355199,0.3009653803080239,0.4144454503321856,103.6866894735741,157.66169372244943,153.73990868002375,0.6835055786735725,0.9437193608370538,39.74261241064583,63.100159064505156,-6.103065622438481,-62.027700056926285,765996.1507762583,961988.3915312585,1.0202578166880143,0.3077219914981227,0.015951129881028262,HOLD,QQQ,2023-01-07 08:50:00
160.84510575618305,136.07326703524836,134.49930681764593,125.61118911069799,180.63861885461955,26.24078808618597,1.2105021173818677,0.11229644841317199,1.3731158418664866,185.28428023583942,111.83227604128817,158.54564287509447,0.8225526610963051,0.5423018905025327,67.29274401732351,32.88852105022052,65.18581683679105,-45.00799208277197,887470.7850097042,-847195.9880322338,0.9854963152737592,0.1529937929993044,0.007467505249824867,SELL,AMZN,2023-01-07 08:55:00
115.68821378038015,185.12961272535995,97.38313266336341,174.5117487432008,179.74322336845185,37.01574484251385,-1.736350038545331,-0.8125931791151252,-1.2676201897025423,170.74866017487682,146.20869210004903,174.41418626638279,0.7479344855847962,1.1528261479152127,28.89319249841453,41.0590311870198,-33.43671582092743,-77.38438076639551,585309.8097391682,-611111.9510992973,0.969869332488123,0.21833618906087682,0.009901141190559671,SELL,AAPL,2023-01-07 09:00:00
153.25679117329568,159.39302908122687,181.1103048763772,149.50971404363287,184.05741092820145,56.17783904140974,-0.056696844119190216,-0.5458419009129702,-0.71405532330728,162.11989074663475,167.86099162501057,174.67150001432637,0.0971777289157206,1.0161126135322416,81.16281207742657,87.70498672245387,-82.68850104303428,-73.46822882140987,12107.079708931502,372886.8546972329,0.9996407850404173,2.0233230796001016,0.01970836396435838,HOLD,SPY,2023-01-07 09:05:00
149.0031002806662,118.95862724469264,114.30800088859857,143.16955354572357,119.03537391997851,65.9288490822071,-1.2966973580175107,-1.1175183030137938,0.09372354632673792,113.55129505223306,109.32799038570715,128.8709524191129,0.6835823362764503,1.9949129741578753,47.80860221952019,22.518728273927128,15.454808476341444,-46.259553457525485,676630.8316775433,-1040038.7770864313,1.058629537043134,0.33716051138170944,0.01753253895183033,BUY,MSFT,2023-01-07 09:10:00
143.75649428182382,138.6907688384529,130.21804976575737,140.42483724501164,112.32906155038283,65.66087216497417,-0.43108375694044804,-1.4295360652086908,1.1725905330973145,147.51329712280244,146.04374188867902,150.3636366927635,0.7634186182039252,1.9818008113464995,41.0999355205477,60.48427342715029,97.21881684189434,-63.003008498195534,317404.4701616609,626994.7945105882,1.0082086070733758,0.2631254021841208,0.003666170580360239,HOLD,AMZN,2023-01-07 09:15:00
146.14387465683208,129.57030567711118,153.95861277690008,149.98739625920453,115.7938912539783,76.78658126457599,-2.2707985703737177,0.6744337566426508,0.4547994556738035,138.41651810092873,135.3629688567114,147.42448844893795,0.8692921716929698,1.0667040556102763,56.24264003344764,22.436750179064955,74.12996494557427,-5.519212311318649,149245.19776482455,76644.37990751606,1.0536073347174992,3.8576797929667905,0.06998620761162168,HOLD,QQQ,2023-01-07 09:20:00
93.54452863507083,126.70633023299395,115.08605178458284,137.66791536217733,189.03518400013513,11.089422253596304,-0.5363952611828231,1.669031156423261,-0.9483379815075013,141.84373038966794,115.56380833412452,144.5818404842298,0.8659353917418222,0.4008647203907374,71.32385216148705,65.01208602656754,47.56745054490975,-14.260858893250223,861732.9966787632,351763.58302430995,0.8913658374478916,1.1086963033726338,0.0005822797899072243,HOLD,AAPL,2023-01-07 09:25:00
133.53825276777116,177.36668675670336,107.6622555436714,173.06057715208203,132.58424633352527,58.42587296528258,3.25477182918249,-1.571619427574065,1.7763423118757484,167.99669587821538,109.37593108674302,125.86452344125547,0.45402552104947386,1.7441345710254317,58.57791157898479,38.54297458801246,115.15702772723748,-78.14251814815412,1112410.0877760618,-748878.1974626583,1.0059889696471176,1.785131738908083,0.008412941060003776,BUY,QQQ,2023-01-07 09:30:00
152.78534703423344,106.84770612209483,91.90131043248338,139.3509264634822,111.4593145328214,40.09987168094586,-1.003827006277325,-1.0427514829747286,-0.29470717811365144,184.71802306780916,122.31165207793958,192.75083735008295,0.3623869128059208,6.793337502141216,81.83109291305767,39.82755830471496,-18.752961716054315,-45.17785373410945,731407.8768321784,-800676.3006166905,0.9937102012819796,1.3745816579098544,0.032327144087061194,BUY,SPY,2023-01-07 09:35:00
154.79569175992202,196.2634256720312,163.0249238226409,202.9748510728762,136.0701139934056,57.90016802632546,-1.3618356146427313,0.3845174664773724,-0.9163345062590345,170.01265424701884,119.73750647703648,180.42493463290668,0.5747234578675936,0.41022106689407395,25.505151721565177,53.27590838606735,-21.213589285780905,-65.70352635878588,952681.0416762286,-1403852.4513314525,0.9538274646327214,0.4684267340528322,0.038067640984370696,SELL,QQQ,2023-01-07 09:40:00
119.16974577222126,172.84689070553867,131.37034388184196,198.8867361114042,141.84183404856117,38.162365400619436,-1.2362350383168084,-1.6717509049987735,-0.7750973937953827,166.80614255593173,134.86011422386656,163.30260152060796,0.7410167937172942,0.14311913734257556,91.65340039913073,75.89154955748477,-11.274140769368039,-81.664688066351,932817.7095030159,272255.7094073192,1.0087779471980007,1.9859248575001036,0.03191960289826074,BUY,QQQ,2023-01-07 09:45:00
187.971235225941,180.72585011811094,218.18175231183324,123.47060832465584,157.05239821083686,13.828466029332542,-0.38043084270226646,0.36619506125089674,-1.332240545444822,163.97315287608802,129.33439049055258,190.70406480590776,0.40129900988634976,0.6145758627545649,18.470772654570972,12.928382355789916,-123.31133931401507,-53.44539587117703,132663.39163914017,-1208628.840408381,1.0406379519071531,0.887142372843984,0.00932019544435621,SELL,MSFT,2023-01-07 09:50:00
124.01475455356498,134.11181463924225,120.14112335922816,154.23053662173697,156.52853062136128,31.87748180888957,3.5846426619848932,-0.40453371195846477,-2.2473031096242413,153.8829404458493,150.5904053018126,164.23305546567374,0.7488681654303835,1.0651895048147078,32.21443640440411,82.14450898515422,74.49560321000348,-45.1970152530171,243102.8027047635,-322650.9471758391,1.0044437392213923,1.0711817608094722,0.02238037648030922,HOLD,QQQ,2023-01-07 09:55:00
179.0837160158021,143.50177842762673,121.96372441427697,131.17898811724177,124.15458308379476,38.48089441729295,2.81139802395357,-2.456918858331372,-0.11659342210572768,130.92669025457062,160.2123068607213,140.90698528366948,0.8192809302439518,0.731109713040353,10.56300719205052,59.39065676172576,1.2863610754330976,-98.3392612021417,9531.109242615084,768501.2131004365,0.9378324986949245,0.39464099659530333,0.028903882580857968,SELL,MSFT,2023-01-07 10:00:00
162.81583085615054,105.00544556425864,130.86517574286495,141.54727797796443,169.56969177541131,44.26471072217335,-0.2868400471369932,0.7074456180117776,-1.5546034876955204,161.6396125338266,101.77485908507144,137.35557067030481,0.1626584711520034,3.6001040288650157,79.32734511028512,87.22927010311,-30.2026165019826,-15.154543680942611,4012013.2530242936,1866845.6403294096,1.0231468047884158,3.9719791052283635,0.017252806201978707,HOLD,AAPL,2023-01-07 10:05:00
130.6131807046859,132.2601277879959,151.07836637846222,216.0776789646335,129.82419398749525,52.71745358646947,-1.2856388618382837,-0.8415293654183964,0.31366769759808283,186.15466293552726,133.7337356390789,161.5717091267109,0.3964350839903324,1.3585977154458109,36.61302287733114,46.72743472803902,-8.948262977422464,-93.41151393500176,237275.33293647264,338766.6272933145,1.05794328426315,1.928279612180272,0.02272739153368291,BUY,SPY,2023-01-07 10:10:00
203.25932677828536,162.80964542929453,133.24491653036722,142.15771465229443,144.3117098988487,21.687636368939415,-3.521960439684744,1.5375727642508314,0.9842826502432089,155.96460888743135,116.25188390509364,108.65610210133886,0.11967182234000054,0.5650650593625945,87.01606402811653,18.86094772438905,-46.52470493325322,-34.82139798512016,1685802.986471514,93277.36134619967,1.0076635338834965,0.16030307294793944,0.01613191747741026,SELL,MSFT,2023-01-07 10:15:00
114.1908950473056,186.88189185344189,160.3083053500628,163.52723318647773,169.60322211510066,49.79296213594106,-1.8226345309241465,-0.2932437208821689,0.37662004684636274,127.78728124091727,112.87084197240267,176.00049935206422,0.29224627094468664,5.999442714599039,85.15068203738777,58.607760179213486,3.2303763291735,-29.35831981971625,1519755.6826402766,-1339531.8068827833,0.9970339091927272,0.2280017576849053,0.0011303411311454415,HOLD,QQQ,2023-01-07 10:20:00
177.57462520830003,114.78529549592645,120.53529025028364,169.3222814082649,129.74535788166975,64.37987043425665,-3.949083568022762,-1.0669657632072684,0.04398769163394748,118.15244491553116,100.77995912288381,101.14578427417639,0.6094869653941493,0.26720637833795113,66.78545346794327,70.89124365651685,-25.04008174540085,-17.56268969091824,1220818.9543345456,-474078.28666627227,0.9661022075922582,1.38064515972241,0.006384436474270952,HOLD,AAPL,2023-01-07 10:25:00
180.01746954128936,137.03482189044203,110.46020703841047,119.9798600805363,131.91945729256588,57.598267850628545,1.4802346433622413,-0.04986711008229448,-1.54085578894917,126.61761670276904,98.93276294511598,183.07122417611737,0.33453018718883204,0.26229462646728463,29.226491107068743,16.014305674137468,-22.706521409209685,-39.334386969679215,597379.2373983419,-432238.60193600995,1.019076712872139,0.02608914710699397,0.024256978356956744,BUY,MSFT,2023-01-07 10:30:00
129.88139372770064,143.46102339302433,100.04463151477232,124.63694481890545,166.75004149079393,6.206368558091194,2.6711123565958106,1.8629561473726515,0.8460493484671823,119.96932611762409,127.02185000698765,164.90103765603445,0.5596798381495387,0.5628297957876888,25.823921988326227,33.26245390713016,-43.737803604162636,-53.18664133261271,876748.0309768955,397086.1138631605,0.9818066504063941,0.40864580060209493,0.005529143495011296,SELL,MSFT,2023-01-07 10:35:00
191.77395900192985,106.12632393422544,89.41064580157008,113.40728411494018,123.26800470184942,49.23306397781902,-0.7504623025759066,2.7627337909127085,1.9465639205096612,261.19241474436444,149.82269583336588,208.52203922348946,0.09022365824125828,0.15975837233652235,29.33440670112933,7.33992404785055,2.211442460523174,-41.78903850713189,206206.92184092896,-329041.54107036436,1.1858104656160617,0.7603955712159441,0.012156483634616187,HOLD,AAPL,2023-01-07 10:40:00
142.4986045620314,165.74047725275202,132.04827451312357,123.64893651527113,137.4562392918779,31.54366439964107,0.7677893996888157,0.8896066698421469,1.4082690747746727,129.27949029053661,149.73367557016977,155.40241624137656,0.25244107475667227,2.785854094703123,37.20215948055551,84.51679266729188,-25.005873385331,-68.53521550047962,112163.07357482256,2069214.2526355735,1.0565759627327451,0.22930134089002568,0.01529771192379553,HOLD,SPY,2023-01-07 10:45:00
158.6608088783957,126.28029004772173,137.47549219016946,60.79903650185017,165.6722653412868,30.699802831051436,-2.177975223744387,-0.8835474755980395,-1.3305352926511669,158.65493037334437,113.68301790242292,169.67870177414449,0.18045864484280927,0.7502913482366487,73.41869247802279,57.80491718693681,67.98430482284606,-86.0448698760895,433496.5826159629,500907.6495568129,1.0129408069702526,2.0647588804205794,0.02223217762359681,BUY,AAPL,2023-01-07 10:50:00
157.80965516313663,142.13828946468928,129.21407431292042,169.4266368253961,210.62277324307925,74.4628980982348,-3.8797719576119207,0.048910474152136535,-0.07796739196679794,156.96305667332706,111.15447783391005,170.9097364500714,0.2222470164242507,2.617466939906484,95.12101337569752,41.80531997767042,26.987785713859186,-53.294819117725744,1746320.1652270895,734863.8595882354,1.0238236174169157,2.2006438025313475,0.0059989859337444915,BUY,SPY,2023-01-07 10:55:00
145.97073775588356,134.44151884264366,176.08514492967905,217.73420292019424,167.1621351428824,64.15431098788592,0.1113486129934525,-0.1476259555622531,-0.2827300147939021,209.46601916912195,145.98112134500337,123.43267301263548,0.5033560875123773,2.8771760393849077,15.610784580281795,32.524000098604596,-65.40151131565142,-33.52421023578168,830173.2796002688,500871.1422351547,0.9930690666095247,3.1429835771500976,0.018087990286651107,BUY,SPY,2023-01-07 11:00:00
174.32424819479346,124.31984482840977,175.70075524020336,156.73026364916888,163.17919288970035,32.931846136394924,0.7666842794102563,-0.22536028322633173,-0.39803660573554134,175.02809263921895,129.2064335674124,117.97890745984321,0.4974783067272951,0.5423541992943645,17.656631491785227,53.240925753479075,30.669709662811183,-29.35231338827899,1443338.7681658901,-993176.7695148395,1.0233453475084837,0.15821161993205304,0.018152044615720668,BUY,QQQ,2023-01-07 11:05:00
173.8046616165664,147.78865043558335,136.62992531388744,106.67939650110057,164.92404751018188,38.11169014661589,3.407947543464068,-0.38158504596329956,0.027078038249237976,174.85730786914456,162.24275454008506,121.98664159823919,0.6656391880713206,1.4611317737544127,91.5190678042838,63.56099636416304,17.104079769650205,-30.44195550554622,2210231.298349011,-566114.5674159081,1.0297710351075653,0.08260749599499465,0.03728969227176347,BUY,MSFT,2023-01-07 11:10:00
97.54404080285458,141.53171264295932,100.15197217020092,131.43115574720167,116.80429177798852,24.642630867111375,4.12636683863116,-1.4481410143047124,2.165082217434605,166.10349829363523,112.23197138204256,149.01807486463812,0.7286494390173148,1.4662398058825636,67.43900188395634,71.04599905032391,3.5304880353830796,-50.43875012400141,822200.6946797404,-484259.4345821355,0.9604830030679313,0.8121435960341867,0.016061371619524957,SELL,AAPL,2023-01-07 11:15:00
189.13020728634459,136.84426353164002,130.83237229862368,137.3159409592001,152.46790216039724,13.024794427440408,-0.5571361972469743,1.4634282635138578,0.10735731758723639,169.628263854992,93.55722621420702,149.78224072045666,0.7530949341204115,4.101543548047325,81.3293710434783,56.23868845010532,-7.851428175691195,-42.500667227803326,457729.4036998307,1190483.816883428,0.9876031732958669,1.5723007682062367,0.006993326524204474,HOLD,SPY,2023-01-07 11:20:00
100.12524035892977,126.14615134958972,130.00446515207346,119.43728712917198,148.10700534990795,67.33294909563122,1.8242295542113183,1.2911697456685598,-0.4443431413202889,171.27893046599877,155.31210525744538,151.021642814762,0.27046541767570403,0.051930086079917386,54.681581699895645,35.51105288062008,58.831704023146735,-75.33275914459476,1935708.4805304129,1003889.0672703617,1.0160402389793193,0.3439819919205436,0.014792331461329392,BUY,AAPL,2023-01-07 11:25:00
180.97638613024972,157.58574012348868,128.57162594304856,179.52584442864503,158.64753621118268,79.67850712368212,0.6301804669391494,0.03474387846020315,0.297903366323935,138.0407326586825,92.7490184098745,164.8245502373531,0.7173535903244158,0.7619362790134993,17.01951437636132,26.779676589144852,-55.312542686571085,-18.401561283314148,260884.7463542685,319386.1400187465,1.0208016716157466,0.27571604187258864,0.0022695704509602906,HOLD,MSFT,2023-01-07 11:30:00
183.8011541048275,197.60851805476855,127.55702740254388,177.9283214200107,152.49524157427612,84.33439759450812,0.004542540731032032,1.8881214861325264,-1.3133070786186722,127.89241697196059,103.85500244384144,127.71509042978633,0.38397130091403736,4.282453138913202,50.86977224616164,35.75571237519459,-3.4040792833723357,-22.677591458521444,25077.177079007764,232110.40198783224,0.9870717254266479,0.7292320157843163,0.018717054409096566,SELL,AAPL,2023-01-07 11:35:00
117.27100709354406,152.19661698517382,128.66342760687982,115.02554259783489,160.39099032251337,93.48973881390576,-0.07495485605391701,0.8865758687388321,-0.716075901992217,162.0524718611264,123.26929025756132,175.16969906895292,0.769777005036739,0.5404787629881846,4.785976845677457,51.08972934529823,-83.82826081634626,-45.01218586664111,52002.41745083006,674160.4318632472,0.9797994681821887,0.6578880514707609,0.04956996298401894,SELL,AMZN,2023-01-07 11:40:00
137.67557136136244,177.88354644733386,135.336459602556,175.20259342232026,139.65598415302395,65.74651858232016,-0.289898900845161,-1.6746520227416866,0.9862320735263328,141.20769587780939,132.8751639562281,162.9158360838261,0.7017339427321985,0.2944030717188462,43.7418885390079,35.728250264907025,26.673607290512543,-33.61369276450618,872841.9970178629,-1497789.4078397544,1.0290887467370964,0.6530614899317027,0.015092381691104733,BUY,AAPL,2023-01-07 11:45:00
116.82885994542193,106.29334224539612,129.1114725296111,200.8580052344725,150.75826752115378,36.18995635544712,-0.20384875394477178,-0.531607475010635,0.18834432636587475,166.45283323331876,155.03693318916595,197.4208060897022,0.44732870106010286,1.7166998634008188,92.94344802147448,74.23381607414497,-3.2270165156058317,-59.569182713201954,2228752.437593892,135318.1787345654,1.0277445649751953,0.5196595237397832,0.006910977001581875,BUY,SPY,2023-01-07 11:50:00
143.55236909133794,152.73284317881308,150.2080627156398,212.8818625673459,112.16514301829024,53.1637285007531,3.3132274294145136,2.2205561249785086,2.1017300876586846,122.22570830129558,114.64454557401208,162.92791048052408,0.5980531773339888,0.7302115155437582,54.15221879437675,26.35498435298968,-49.03422314559727,-33.392361414487816,830748.49980623,-1495627.074370634,0.9778041676884801,1.2984942913592992,0.010401569415219723,BUY,QQQ,2023-01-07 11:55:00
140.75897147442777,115.078950430868,154.00921789762154,243.68678473875082,139.4027816599126,51.643781075078245,0.42915670742443945,-0.5409717862376793,0.2676804458393133,108.41846972633583,172.94279315522218,147.9164617607792,0.6034666232658603,1.2595730554356592,62.73104825238664,28.109729935282395,9.234193024302852,-73.54379929841527,526267.5728522277,-247755.26636638647,0.8959182633248665,0.9537089734914146,0.04642678108783309,BUY,AMZN,2023-01-07 12:00:00
173.3898159680802,103.69225217404296,122.23387282043775,123.13623521781768,190.7250064452993,68.17917232770118,3.483723242780082,-1.0399950034706347,-1.2458245631239084,115.22367505413189,102.09753545499659,214.42445381001292,0.16513846867526077,3.429738701710846,43.354288914392555,17.132312669953297,68.21580765091657,-31.234992389987664,860545.2753262097,902736.0748016766,1.0293985953537073,0.6690699472076127,0.033540086307571215,BUY,QQQ,2023-01-07 12:05:00
189.30926238358828,125.81885777622891,176.77663315017583,242.3750536446465,158.56425018884767,45.870616602300224,-1.7966188645134076,1.0836137519436728,-1.5850594349340394,157.41426120391884,130.70152649831329,147.48114488993681,0.27548768861976597,1.4708445234449454,16.761677549377325,49.82982190213605,5.5711311135649195,-55.41887695201797,1112011.0155299797,-958118.6661537655,1.043782458423064,1.2754705771263186,0.03250884809583893,HOLD,QQQ,2023-01-07 12:10:00
191.8705143236987,183.75698003240717,120.49844245398465,140.66539556771878,148.3723688785077,47.466596974059314,-5.665464928599361,-0.42032611847136486,1.0016454196603577,103.45509608598603,160.7538739816225,158.68516229460752,0.2985043691623481,1.4508853528281649,89.75225453728453,21.405710158689903,-78.748523343889,-82.94551660522409,1420882.6340772272,1319536.3802978415,1.0302816575110194,0.30339973843890067,0.016605923492567575,HOLD,MSFT,2023-01-07 12:15:00
133.13495920265095,176.50047486008935,104.55498465461658,133.04110542782354,205.8836982876304,61.58727419807571,-0.9257888977120425,0.8411773036911419,-1.0415266674799433,228.23809133229906,162.07734122996192,163.03622788905966,0.6604483641021528,0.6519663710622557,77.3489643673011,79.87372274352727,-0.9332658392103449,-59.85067281798597,426642.0418270295,734454.7903433318,1.0877138294771462,2.2241138562956495,0.010097301231100171,BUY,QQQ,2023-01-07 12:20:00
143.72334378766416,155.290141661632,154.5194517841263,162.46631599609105,108.17495065096763,24.59800125055826,-1.6720988021978225,-0.05417411327837713,-1.1311234867604978,228.32812769283646,66.12435128057675,177.93164316856075,0.3048082293036781,3.1487744990946576,55.62795622526651,17.308146109171695,14.730093364753023,-44.67488188927845,489216.52981267846,48825.86737687033,1.0406260785945063,0.48478054146896277,0.0028412721619424704,HOLD,QQQ,2023-01-07 12:25:00
99.4968542333715,102.01898320330207,124.5647966396415,133.3740373090236,115.7163333366134,67.09628988211908,-2.9871571302519344,-1.1949834146969844,-0.5149845243650389,190.99226435872234,207.69860354458837,152.56547724624357,0.10183439734349232,2.692721835176475,36.58604708052886,8.31440420185065,-34.63365890394907,-54.902639309935275,23923.639877195008,-10093.163512837818,1.0131083710182838,0.3968909807488273,0.07427493236392611,HOLD,AAPL,2023-01-07 12:30:00
125.82389800511434,142.11158045836189,153.0322867689347,164.76941250068884,200.3813423382882,59.61409640523535,2.6013004087384846,-1.0396679361875507,0.9962580717807346,147.07068071806256,131.9442956804646,233.01097114260497,0.48536454394534617,0.5334609029213428,31.699041935836625,69.81078322247555,110.99101793161314,-60.192448364664386,1048759.150550134,-976010.7209852106,0.954348555938246,0.781486609853193,0.003947156766933506,HOLD,AMZN,2023-01-07 12:35:00
178.94554899292373,157.05100026705207,84.90828497248674,109.75752999240635,150.37882808146801,8.256581457971528,-2.6727834566468287,-2.528623766244145,-0.36772394057126495,143.07394848209339,146.96113343547515,132.80109647814314,0.5977350318371338,0.7713382549391422,56.51924754291107,45.256402004055396,-72.46909278585206,-86.43316423011977,1499381.6080621954,-1152551.3531882316,0.9965210179119672,0.31527173239029865,0.005810215483332418,SELL,AMZN,2023-01-07 12:40:00
198.46748470644695,153.26608688735794,179.81139853707668,144.3599167339701,141.7225089113062,64.39847423168177,1.1655717080642396,-1.6577738373894397,-0.841611577887965,170.37875411855686,131.65902800070245,194.68740254275397,0.25027522489623744,3.108273155383984,97.28712411386684,42.36886038930415,-127.16182996804154,-18.043730999502216,715199.1112611669,-890404.1960709366,0.9897217350253559,0.3129864437374035,0.02890064390923973,HOLD,AAPL,2023-01-07 12:45:00
112.96953384360233,92.68619249557763,161.80733520101006,193.13863149957373,113.0238702471307,88.04841893872045,4.028388644709032,0.9425675705868243,1.2126070532914888,180.88171807336224,193.3788471998813,106.12894414587628,0.7062722818603533,0.885455021701423,49.040965340829615,46.6219344240021,-46.85217969310836,-29.37765328378919,472487.22311214067,-573284.4816960492,1.0116676988105042,0.08107409880592215,0.008638798087077118,BUY,SPY,2023-01-07 12:50:00
132.22607222541316,121.29046455940384,107.48808627092495,150.17403867420302,162.43088799185037,24.527362927224004,-2.299828829001666,1.8086555760647114,1.0419498938411955,170.36902430751152,172.23359352319895,120.46368047089722,0.5206859459640963,1.033551970520814,21.86687878959593,52.220049031990314,-97.4256185672529,-75.77637381367347,405192.80914252903,355264.0661683474,0.9374769154985383,1.055377677064294,0.017535080282179007,SELL,AMZN,2023-01-07 12:55:00
149.20782729123218,146.0776670755385,108.03057190384285,156.53106517567625,165.33379608582388,69.26324741924519,-0.46187467489851003,-0.9156393730026566,1.667066148357472,114.13343120606332,192.68767345595802,103.31298332061958,0.6486113491699806,0.9064103021511469,93.75004342668699,63.00653016397507,47.21206390731195,-39.0603091900878,1035745.3960165537,-936721.835067143,1.0279228363261663,2.4387526962054116,0.028679582526532656,BUY,AMZN,2023-01-07 13:00:00
158.4048347645882,164.0887272855157,186.8066476024382,167.20827535095395,116.1651691749531,49.82915154952188,2.705416329394191,-2.062474438628018,1.3513305471076535,153.35319525250276,151.83082687230913,122.24333080215514,0.8165130025174328,0.35259752422005175,18.146491448653176,59.80430827706415,53.07784362093664,-25.58328711077737,401597.15617227816,-398027.2821055977,0.9701686214931265,1.1560196695155065,0.016244084121003005,SELL,AMZN,2023-01-07 13:05:00
125.71189440235061,82.11616536700161,126.56550241255103,189.46117213816513,144.79173243348714,28.68101038059071,-0.8307984656699932,1.7067559953969567,1.0589160358952834,178.6643014242737,162.80367567541148,100.91945017920042,0.16966807204714146,0.8337495077884081,46.33510576150449,54.0013809882571,-80.53631405659371,-64.03648350793303,913992.278965328,796954.9099913948,1.0166103955184769,0.8387221142731117,0.01349512354378142,SELL,MSFT,2023-01-07 13:10:00
162.7218313339227,143.13628073560426,124.1453787816844,99.03280920993814,138.934525039008,74.68517947486475,0.6647789781109189,1.7511421110611838,-0.7512417207677052,77.34615635021242,113.88453017274489,153.24563635643673,0.5712358294107727,3.2484463870371036,40.38461715227149,43.61320221245456,-54.42824622398157,-20.485654893556852,2616844.002000158,-1368580.2713494136,0.9755926876070687,1.2440611181218637,0.0010406574316177092,SELL,AMZN,2023-01-07 13:15:00
135.7848195878725,152.29146309636857,88.34869764626794,170.70476965879791,156.67931439256313,44.75023311218382,1.2785881754441957,1.0844381343876626,0.65902862649258,121.31411099210204,133.3850908570706,123.21335019272303,0.3527137842960646,1.3509106347081015,23.457240473310765,37.412174314393624,-60.744619742903616,-64.73968458964492,401397.67123596004,-1325680.5059252763,0.9934819481509318,3.394743575771183,0.013375226745082626,BUY,SPY,2023-01-07 13:20:00
149.56643187365162,173.4883596554864,136.23054485996116,143.41954754426357,115.42249273338068,61.154020514731954,0.3471896328894502,-2.1763976761202732,1.2146352740636528,178.40543297447624,162.82386550767296,195.44361296041015,0.060148117825334406,1.2257812374517214,42.8573203886818,41.25890097120779,-1.1380370362007568,-42.05685897841601,70753.98669182615,-193669.99867174137,0.9546170083374327,0.41021699373288306,0.012140366805136383,HOLD,AMZN,2023-01-07 13:25:00
166.38852744011098,168.7857275271231,139.30700962910618,157.33241264997883,186.55842363539472,18.440182263143903,-0.8966265500874496,0.7726792936637108,1.8557982425746533,149.0751098662635,147.95614094968667,165.0801589699098,0.906136228074812,0.34003791321739296,34.88832161332897,85.24687297273368,23.512594724444497,-66.33513593444108,2071561.0232408906,81237.7637470854,0.9575488372849076,0.5633311573993833,0.04249078122431944,SELL,SPY,2023-01-07 13:30:00
150.19266809432813,165.47713956426415,162.88732741923712,185.91840543239604,176.47471344792814,53.70949420820729,-1.5617608218093157,0.8273683000977841,0.171124625063127,149.11067946070338,142.6426084679111,151.99919406174195,0.2156388422913764,0.39098342003037145,57.95519678400692,24.238743965169828,74.77324182952633,-40.002695059263594,319587.7384342862,-2223.4307172659696,1.0248957571382618,0.3371782763286582,0.011862157437424066,BUY,AMZN,2023-01-07 13:35:00
136.90842328420294,124.00178479894197,110.02303929538812,113.78602715482099,138.1047332380155,42.594859780892016,-2.1895603800379013,1.3508638433479305,-0.49195959547484264,198.79545670288877,120.60828002163434,157.97264110147515,0.42770597105892383,0.0877996280315454,32.06661273771749,40.584795309649,21.2355335579403,-27.043610922121974,4471215.868812637,1224630.3905083893,1.0463349714570696,0.016862432724821266,0.01988195511701768,HOLD,SPY,2023-01-07 13:40:00
146.71170588222506,90.75993588630077,106.99283019398476,119.59537787382114,142.50743865084885,24.29608857238091,1.1930276295438755,0.2264835378127475,-0.8841316620708443,158.1166195848135,169.13678551923232,169.38118102060287,0.23910554769472217,0.028107651042887514,42.265081730228644,97.89481570330237,-16.838580952329483,-79.54004101565646,1833344.2629896784,-880144.1716972723,0.997332281191348,0.42683157658278387,0.029720831967851795,SELL,AAPL,2023-01-07 13:45:00
147.34911122383994,136.20841728815796,156.2740658694119,90.0662412891582,144.90733549167152,36.38823812034884,-1.3157717013747388,-1.1252625509751462,0.9794303523498218,143.429101020371,168.7820068767858,185.78153582619737,0.35835611674701345,1.3389161448592208,82.68232863535066,43.17840747681269,-19.10493788197631,-48.10545806718077,556687.7774573725,-1267089.1294221338,1.0624491444147282,0.07430935903204293,0.012611522873106016,HOLD,AMZN,2023-01-07 13:50:00
138.89966910353616,178.0489547562568,170.16825178067663,134.42691386355915,125.6507434098049,56.83797760575695,2.3919524467219615,-0.6068124554230728,-0.6667307455268605,149.19992551480848,166.05522016336795,135.08276751412038,0.7745358963309094,1.0526649898216776,38.42484401791839,36.83275919854619,4.881703753180327,-37.847933055052124,989388.3678924002,-1950113.3109063003,1.050689553233163,1.954740370692709,0.006045234943500942,BUY,SPY,2023-01-07 13:55:00
142.23611811998694,189.80363582573295,105.72119122205292,194.57383502012212,135.69711745294893,46.839323365992385,3.1783344864832745,1.7655794053608371,0.10724334839604492,150.35240445758842,147.30094942500193,129.551974474036,0.7148031653773795,0.6442090969812385,54.94101752766854,31.02618381150816,7.895179640915104,-65.92521748386108,325092.4007410378,-276340.19196072465,1.0118984667730615,1.257405908513476,0.044877526111443376,HOLD,MSFT,2023-01-07 14:00:00
197.9594151151415,169.31647306893356,172.03785215749352,148.14120996884898,140.89188896976174,41.39306449347072,-2.313624191305962,0.5693134520282492,-0.8802656394770324,130.79109549536247,140.25261377639825,162.44340866514597,0.800048371138177,9.219670169742146,61.790051032324136,80.81157658750166,-6.126549687061505,-23.506571571348683,87925.74243491268,349990.9962123277,0.9505123557473381,0.3624507478727345,0.04517480685839823,HOLD,MSFT,2023-01-07 14:05:00
166.82758343823716,160.88022468405202,145.93854603717054,109.11600333904686,197.38605112121385,27.789011928856937,1.476385031761215,-1.9620854451014025,-0.1589216586226859,152.21142714913748,168.10330965580215,197.0683486554977,0.5095931859738775,1.0149830283649923,22.392670962851025,29.4133362159458,4.868378015205009,-71.51682710839628,746134.4255310018,399908.541651845,1.0123979954807198,0.3974145908588712,0.04601882230002606,HOLD,AAPL,2023-01-07 14:10:00
141.13559045912518,159.38918945157897,172.29513347686614,136.4582801735985,177.3985492499131,11.794624220073233,4.117971391588673,2.5597010356952064,0.4389857699636168,120.10342252019598,163.4200120755224,109.14240684698042,0.24101412751955667,3.110343624182677,34.68235122332025,29.733769897678986,-1.1956504635089307,-53.14527606255414,552812.9953652708,-188951.52446495622,1.0175139128909623,0.8430478768930336,0.006370401994705934,HOLD,QQQ,2023-01-07 14:15:00
170.90863213532208,131.3164375971766,143.2444909620596,104.38842548830007,177.0396412200987,65.74366320563222,-1.7106668055720493,1.7333208943023242,0.2692505733072996,148.33369159477112,117.68234211536422,161.9758683376286,0.6886200058922693,0.47282639316466374,32.13229042967546,51.73988928331765,-72.59030070968521,-74.11920030887342,3503830.663172366,-379317.7156520129,1.0266912497726368,1.599645601163316,0.007580144384616961,BUY,MSFT,2023-01-07 14:20:00
139.9854153073197,144.0981911933914,81.94305206280124,115.99404474460283,160.0977683901317,48.6647420323085,2.4012838984785168,2.493747994240459,0.7379489077517801,141.93687447450725,147.9086926461627,188.72912247757543,0.8903827788053509,0.5674895571755895,75.20351724169365,74.43404426765645,7.3941782141033645,-30.751274335486833,909943.9130011718,174004.79517359892,0.9821117394795039,1.2683595003295975,0.05021595514986992,HOLD,AMZN,2023-01-07 14:25:00
185.19373912759923,198.07208577478994,141.20081544209904,164.44220512843881,115.48018973206297,49.11926643218842,1.1238613865670404,1.7014685758684411,-1.3740924970915869,168.0973772792449,156.45128564513195,168.46923223618887,0.7077600142337612,1.6804720878185508,68.13012136563526,51.71964418540027,-43.731842925436595,-34.20198328689483,1374948.5200452006,208620.1225846951,0.9644425125962812,0.029241524288249103,0.002688540560977475,HOLD,AAPL,2023-01-07 14:30:00
161.08926576594283,119.7232598262437,171.50359546678175,114.43605355820708,147.7552668626786,62.27300464375103,1.9209688245881804,-1.3925967173607323,-0.11654340595968064,213.00834856747443,123.1724209537717,159.96073806239815,0.7812124781055778,0.008072810070968987,58.89692173207064,51.29255940296875,10.32614569201255,-50.18208089171684,145307.82022242586,-992343.0917501838,0.9178446310079839,1.5384951399167397,0.021335366946231043,HOLD,SPY,2023-01-07 14:35:00
146.78093567987312,196.44336372129555,122.65634952290713,187.60429776650565,178.1146537884014,32.40836026683434,-1.5128079825354446,0.4950074275052233,-0.47020044740825706,169.08485027047365,162.58600696003077,166.21088151765366,0.2317796349013987,0.03515814474960603,71.75624977197701,56.9214054924415,24.47092197845936,-14.462803644947972,1286144.2528090493,591233.3933518055,1.005791569604998,2.131440859845029,0.006915206745785187,BUY,SPY,2023-01-07 14:40:00
163.43150777430833,138.33915536523824,135.3008757773137,149.72415069342924,111.25206111898135,37.7165997524859,3.81036982044718,0.905241301596148,-0.9823519788494222,163.61018623774993,157.9414072582412,204.10125946169316,0.31991960190499713,0.30681226349286644,59.74657461448093,68.357567053956,58.86386381932518,-28.86583407310753,57980.82371698549,603243.83568414,0.9952738568081178,0.09418959688259848,0.02555286029169318,HOLD,SPY,2023-01-07 14:45:00
102.87371543794502,187.76296327285235,140.59666241122554,154.7390305262248,168.09659620619794,23.10665878376172,-1.3393409194741286,-2.016456009336417,-0.7495137717600987,168.1842530999493,129.5923681355362,173.8487558184057,0.3609645849735957,0.5049414414241554,72.42532131982625,25.142473790352348,-1.6683999582704712,-71.49867375457475,949483.0727112347,-1576803.5180758538,1.0606168497826256,1.4699356966662744,0.03587499472788998,BUY,SPY,2023-01-07 14:50:00
116.19697593270584,105.79554971507385,72.51215300328795,143.0920650365474,218.678276757883,54.9138151013395,1.2812883515256492,-1.758579548678036,-0.8940818499158115,129.8014663944585,106.08027429059305,103.46644467428516,0.11497731706951916,1.500915043503102,36.45890734487185,64.22407124315093,-31.9109623071757,-21.47084964320106,1823542.7897005673,-490192.4786514105,0.9507380644495973,0.28999018088768874,0.010488866637465215,SELL,AMZN,2023-01-07 14:55:00
114.18224980802833,165.57712603493948,186.7836893859369,176.73113083339913,180.85449937969196,6.052918903316849,-0.12647114653491281,1.1150973504673145,0.34993083998435953,184.56847168159337,154.6560210998133,147.46315589200753,0.1870337760998111,2.3181864630665245,63.840147253090926,60.551928171962764,42.218407705854894,-18.13088101455348,659838.1461127239,-1099229.8942683355,0.998219014342148,0.1908075338453242,0.003277637389102059,SELL,MSFT,2023-01-07 15:00:00
154.2882928429112,125.89689592157134,122.46560800257063,177.06111640886434,191.42087406685962,20.30305602456719,1.0733064125546663,1.234032444359444,0.4001388997132096,174.22405747128164,189.11530624728846,152.62682919979363,0.8174013720363378,0.7475801922319085,87.74406648124206,95.94620832637194,3.171652607146129,-49.388679749591006,242176.1558437161,-169311.2440445729,0.9455190562292994,0.7849917468008414,0.026352990331486734,SELL,SPY,2023-01-07 15:05:00
201.97544998455277,105.54198424227438,157.64338581181997,162.7217392611895,155.5501625132648,27.047840780432686,-1.9668395846819537,3.5523285438959826,0.8756242197871619,158.4254345766534,146.3849777013732,180.77594721705546,0.7532908114648075,0.5464302793239798,30.1249416069632,82.17403865813785,98.17944530043215,-64.80496196442938,586450.7746915468,-679088.7592760207,1.081629297441122,0.8044628961562809,0.0011468144901706093,SELL,AMZN,2023-01-07 15:10:00
216.93900438577896,154.55602127232837,142.8324715962948,170.07325138904474,178.0379584629497,32.96280709076264,-2.4547276280565042,-0.39057989866878284,0.32806287073597984,172.42423712928127,156.03457943508008,152.49822122429015,0.7312135850572474,3.461078653698252,26.617554033098145,56.47534917202036,-70.90278713841562,-40.1991343701216,1839612.4082486967,173954.3809947658,0.9819861521252709,0.6365340906882104,0.0003021226183738138,SELL,AAPL,2023-01-07 15:15:00
169.14153304322272,178.28415365787907,176.440476408984,145.21313056254638,127.46440356937893,16.808534681462064,0.5740617180529106,-2.524417999508033,0.15880393130355044,171.4676113633544,110.8666209101662,150.4807666217348,0.4743089438670712,0.3553295959248014,24.5154249694776,31.33251377572737,-29.000392934552178,-55.93909301412553,1253137.1586573804,-1150702.3769314918,0.9310628826363975,2.3207813839763216,0.041942324183223016,HOLD,AMZN,2023-01-07 15:20:00
165.0253342483337,122.65175684219511,155.15140306070202,169.35049622108954,172.87591437023679,37.867426210795664,-0.7345050925352901,-0.22669886714848364,0.0788911377631423,171.53116117380446,138.80525918033294,151.28051750092948,0.9179969349095224,2.2684367883487155,21.927461583801026,56.22608930298113,-35.662993819997844,-76.82320835281861,929993.2433290634,392302.01063068694,1.0025405026524896,0.27656488316869493,0.03394435351854198,SELL,AAPL,2023-01-07 15:25:00
95.96826797541783,103.02952118624796,139.12689321197564,141.18791118483819,168.6316440218229,9.9354867290552,-0.8025808719426644,1.2651898444629293,0.6756578710866232,194.79931475243976,137.21347481045547,157.19573602657584,0.8908415206331212,5.356900753264493,73.49014478773998,60.54966173067198,92.20778829369874,-29.53444350439785,1183632.7637763068,2325838.718498309,1.0090338404482082,0.9226704342794317,0.01744332660910937,SELL,MSFT,2023-01-07 15:30:00
133.71978600797934,145.24465706995136,122.662122687018,152.07141190919685,157.6973352211299,42.17416411692797,1.0896366848793955,-0.5461480798274084,-2.10685572769888,133.46564825035873,117.83962820816427,147.1980262908175,0.5090036373881713,0.5284804125241775,29.00576311211342,47.19770968939547,22.743295265807113,-94.83256359890191,1796949.9014923451,296147.23031159234,0.9680945462529774,0.5274077043294301,0.021894893879163064,HOLD,SPY,2023-01-07 15:35:00
126.36648744275283,145.37694013668457,164.94626753455347,143.2114000202785,188.48022259155496,52.507753108316855,-2.989354581935203,0.1526186875834788,-0.059131050359578614,205.89244550653288,150.99463782846107,137.42601307086633,0.7819906463648989,0.18196292858826785,54.4382841664416,30.223084134021878,-93.5470250525196,-84.12101799836307,164713.2415526216,1265015.9571224374,0.9989370588886423,2.069720923098633,0.060984239947379074,BUY,QQQ,2023-01-07 15:40:00
131.37457205246653,164.44958882663497,98.16396740113458,137.36900674178574,132.83645486457834,35.28674448970345,2.413765781853715,-0.9631466527319796,0.31720223715584606,103.90696052606827,150.0348349029035,145.56860476949916,0.5052336606593765,7.800079585156057,66.92683460937894,12.563956031938087,-89.66776665765317,-59.013327937528146,1844680.0067617064,-205907.43903278204,0.949138403372911,0.14250310700672744,0.0012964530556589674,BUY,AAPL,2023-01-07 15:45:00
144.9556854424563,176.48783714093466,161.1472605068973,129.9484224729027,143.38827450579015,57.730011026752216,0.23902577081340626,1.789642733724878,1.7896306966397193,183.16613612309644,132.6464357606181,159.15389561393204,0.4107290110831663,0.6315426034360588,66.23678148927455,83.23057742102927,42.94792035257471,-88.25895272928157,1642927.0025091327,-1045313.4047268246,0.9721661112815416,0.08655541984575338,0.0048820706830992235,SELL,QQQ,2023-01-07 15:50:00
135.8372826690862,146.21754456182518,117.52388121112818,166.96608332348433,151.8638612407489,39.81068003242082,1.5256582911718286,1.1169233735295954,-1.1115754156117073,165.8716111464912,139.6816460975746,168.6200524617398,0.36377116521221603,0.6449976278062921,45.12612087705972,23.757730507375385,-52.89202761071522,-19.97860933049756,649107.3398915445,-379654.9331169404,0.9720921773079954,4.928161584213793,0.02612768185449265,HOLD,AMZN,2023-01-07 15:55:00
90.62100568872637,203.6650994438279,176.307091548916,193.9393892100308,118.11167086731798,71.86088008494829,1.054696470562151,-1.2301118075128594,-1.1468596719603845,126.29813594988113,191.32371098649944,232.09334298403255,0.47714925325334234,1.3224146299727184,21.35738254341538,64.31116521359566,0.2666554830949942,-25.95581278860402,515637.1111051614,537613.865129692,1.1344976361094252,0.8608645677829776,0.006131474112724538,HOLD,AMZN,2023-01-07 16:00:00
172.437307683526,154.72704233605876,149.03248856656737,189.4752630934259,155.80795831400744,54.674240018801804,1.1649952558575039,-0.7828883682793113,-2.2709652791276356,196.01860683515662,124.48477894669956,110.1234794216734,0.37996098867718775,0.525478583082688,70.10609725955332,50.871104591112584,-10.327518517937346,-52.52503852103191,2696495.495229942,-41863.478323120515,1.0558348718163075,2.429756952429299,0.004645265571425801,BUY,QQQ,2023-01-07 16:05:00
117.8177092278058,137.60720481979303,161.10309419625273,111.78990924974607,97.43208761138459,22.22913366675126,-2.396914587197606,-1.0192379067482535,-1.3907806034332668,96.52700001906203,111.71610305870227,167.6153870705244,0.155997786621091,9.887548908949128,65.71000593774465,72.21481411251476,98.91316516068322,-20.178766566852417,1711569.7509553377,-360002.91538664757,1.0000129454836655,0.5246154826698599,0.011675210246359629,SELL,MSFT,2023-01-07 16:10:00
157.17740592333448,99.65297922691516,147.04972034561797,193.25449764501994,180.4086360328463,56.759030852953586,2.3293761899720744,-2.789432330701768,-0.15130456922369395,216.88279608507935,111.11558626267575,194.27325196516688,0.6052657873188912,0.08783248243049069,20.282578494402575,14.709621151800853,-11.849966263674137,-52.586466298373004,4479953.648992155,724481.7300377818,0.9916443207687058,0.9270870133432568,0.025725211340366365,BUY,SPY,2023-01-07 16:15:00
212.2224800924992,140.12021439051497,101.19057262147508,141.81892794822627,150.39912099697898,35.35322624697968,0.5458282304665122,-1.142974953189256,-0.724033100985787,238.98850408838217,146.22881146182564,126.79529606314433,0.31666505827843144,1.2010378384350588,44.32096009902962,40.8669105640939,-21.10882622954246,-55.28681392537573,1026534.4674314951,-105494.51289481047,1.0609715734633833,1.1844638356060007,0.004727669818866226,BUY,AMZN,2023-01-07 16:20:00
122.4184622524073,137.90839163766591,123.48177091511654,171.22345648465893,133.3732128828871,50.3418267684998,-0.9499873743149967,-2.659294536642906,-0.7453815841608601,154.28799448445608,76.38707044245547,170.54013531228867,0.34386888520094383,1.5896810130057193,20.361158421969407,18.889876290992802,28.211158806775344,-88.92831773056503,32033.975381741657,-1624189.5748669575,1.0579790370475022,4.276800149515597,0.011226424282275193,BUY,QQQ,2023-01-07 16:25:00
74.0913743176101,176.8091438884441,161.80973344028456,123.00110937448925,123.96879163114636,46.0546015766866,-0.25057974261621574,1.4003694327522167,0.02292897210256553,124.02985753824656,127.24191343251731,139.0535589967289,0.3589548902098558,1.2582833201861805,25.262681648326872,51.185741168038525,55.60364658843668,-35.674264431945176,167100.02260991215,583573.4155669388,0.9827365253085729,0.11961553433401688,0.014630154028023859,HOLD,QQQ,2023-01-07 16:30:00
141.41987334359666,161.87450872200563,149.1663954339961,156.54335724396816,141.96262911142438,47.595418260455716,0.724272225098251,1.5193126974832918,0.5823060485028645,139.77920030180286,115.78326245791835,134.5077453711586,0.3413808005687722,1.4701185916872697,77.8296252182827,96.26612567935169,6.127790800573602,-94.03759760788985,1716542.5218095775,212191.1545358734,1.1167447004024285,0.13328091968173328,0.0037802761152702776,HOLD,AAPL,2023-01-07 16:35:00
183.02878904995714,112.61892635102149,174.5247476326418,162.03914185270102,169.6477913231724,35.32442535085924,0.3604576483292924,-0.4481839097588991,0.012505015343629005,194.12900823922473,138.56871080634534,128.00604225825523,0.7241355773608754,8.77675660246509,30.948125781349155,72.44038632298431,-114.78882973798153,-38.50182406844587,1018855.5005701073,1110444.632766939,0.9827311308662754,0.7406654750942823,0.012955370821556251,HOLD,QQQ,2023-01-07 16:40:00
208.75042362661782,153.16763159233113,155.0818640759293,104.49264665857112,165.4321693621268,49.055120737947,1.1944841815037626,0.3070437887051609,0.026698409035857032,148.71688028645687,138.67251750986568,147.2791284113157,0.9123578634579943,4.189542224813576,86.52976273829424,63.42718458522065,40.43727686353943,-4.718655081053293,220705.70288860647,374401.4430958361,0.9863097169996408,0.05741747056290017,0.04017984211135044,HOLD,QQQ,2023-01-07 16:45:00
113.1135121664275,168.1459351518716,120.83245273243351,171.46454932301407,127.83386158164618,76.06463566321551,3.3067802329213225,1.6064994911874293,0.4036092126290777,57.25782124985571,148.6185321941761,146.15405573678143,0.7046830706796884,0.7376213680888999,17.428547348990932,20.451558085155774,-67.85181314770207,-97.44529907465676,12010.525841578934,-617868.7370185613,1.028154460076624,1.3000424894588942,0.02741356325242091,HOLD,AAPL,2023-01-07 16:50:00
164.90097669709564,193.84094078163497,125.09839655698416,195.0699202508261,123.61880982117097,66.25985480952158,-2.0732729027563566,1.1756730611376303,-1.832709085083111,173.41995790247515,155.38797558563647,172.59892635528834,0.6944706016527814,1.6035908528393736,57.27443738783764,83.89877751707506,-76.77362507684064,-18.670523497981417,305014.1627144753,304026.74789209286,1.0068780973520843,4.683727167594083,0.0140013245548899,HOLD,AAPL,2023-01-07 16:55:00
136.0406862965984,174.62511902242179,147.57293476308092,146.41126573818792,168.70696118958944,59.030161955484296,1.5005490169869504,3.0070479140165727,0.12899458723469426,191.2843583837191,168.54492749036044,106.67565845332614,0.45131586256441847,0.0006221218064553332,38.21494997665566,62.96262738224036,-24.61281001377732,-15.752759530006486,147993.5417563335,-136675.75612913855,0.9740380209409184,1.6683166302107388,0.0026770764914979973,HOLD,AMZN,2023-01-07 17:00:00
146.82154937087594,170.82539962934433,87.14889834999737,195.52538018649642,127.32957786154911,27.145353042982723,-0.21459800860757874,0.38911869110663533,-0.0749326196232097,178.00091713880522,131.1587179215039,175.50054372283662,0.8947386014085218,1.0538050052517522,53.678898345009266,52.85139122741243,6.253236634715011,-71.39691686407316,2089337.8939502067,178217.1576612964,0.9856246961832964,0.30898584009999863,0.00047268096647833465,HOLD,MSFT,2023-01-07 17:05:00
229.33030041051103,149.8025798384549,186.83604714057464,145.92980820952295,150.7972932223851,23.922488680990206,2.285089452492559,2.178953000215053,-0.007100122215735238,183.56627964357762,123.3419054613869,174.83371332586972,0.27410859394900694,0.35795245218404614,82.0534215164626,84.88560595704135,72.9359747334119,-36.18380544748437,2143749.762337491,1042528.79216622,0.9690439273811778,1.6072470235797045,0.0013922008748144157,HOLD,AMZN,2023-01-07 17:10:00
104.9108901481454,159.6493601627035,156.04366840943894,179.18670499349176,152.71263927572832,26.966610944731812,3.251295873254154,0.14267995347838958,-0.5840597304344906,216.1583031177631,161.31580566767883,159.26837997750954,0.2285244061002172,2.4851541777320003,14.886816761736519,56.570907838722974,-101.86039392107998,-47.023378859290915,1847276.9683128677,-408580.6227416708,1.0036811994735135,0.9885289395253194,0.027743208750476266,SELL,MSFT,2023-01-07 17:15:00
157.6121898448372,185.48514702118476,175.6758649262218,81.00576108956481,158.36186395180215,29.78499875497566,0.39224501077648605,-0.1792476872309424,-0.2054727676329154,152.5988807492124,98.52577605268384,218.63443264547925,0.16258814515598746,0.4997184605341941,72.67558639959347,75.81173942672638,7.737861061253513,-48.27593027313127,99385.83143738334,-294142.44534979947,0.991581135571565,0.12717423039705722,0.024373112016180594,SELL,SPY,2023-01-07 17:20:00
164.030795152963,108.01667807561051,105.48490147977077,229.40088893803085,174.74811290545614,69.78170525212978,1.2416153216808123,1.018026097226298,0.40264641847663174,220.14139565512997,158.93408828022206,187.00274619285665,0.41510784884918994,2.7637733426373146,19.000973646035472,16.618864053625124,73.88122753117456,-30.42016577875637,145076.48564833848,-2387617.374021716,1.0224856601066368,0.8345359916515941,0.027413466437024574,BUY,AAPL,2023-01-07 17:25:00
182.5735897481804,137.51682018349132,176.11412900888138,199.85466384777462,111.11111189398032,57.72145968430025,2.4321296728723674,0.8282298197598491,1.60904778550253,154.596978592813,143.57557271867225,134.97326563168434,0.276467690074188,0.7513073376419741,44.66462011361468,24.47498419947752,-5.085039026257503,-59.91050677556723,145628.0491117409,1663216.1821875453,1.0129920771939207,2.2708597295402484,0.007340586313119972,BUY,AMZN,2023-01-07 17:30:00
152.93949460412685,124.82293753731277,200.78747277569371,142.89198386388227,91.66522024218537,80.17624164893407,1.9964782116606796,-0.9118825888777785,-1.6913708228202795,199.43280470635668,151.2259871458844,114.31499922170788,0.6258042270261895,5.20275387036351,62.986444891933544,25.723757971298877,38.542065127485365,-35.727401338701995,298967.18283467984,-13341.274423653635,0.9561954163872833,0.3423817747273024,0.0018845806316439152,HOLD,AAPL,2023-01-07 17:35:00
159.24151618512306,159.3745935617837,111.97804111556707,88.89315114739782,131.97658156314944,65.32941131429763,2.513541194946669,-1.2360466738881035,0.5717838902489225,155.01563739442224,149.1241845064613,129.3653067865853,0.6932235394144224,1.1790761615967118,39.63713127674237,28.4171270348586,34.33909742799769,-10.164561987664056,75677.51924216274,-618949.0571338632,0.975785668519427,1.0761881483389923,0.025058500754384268,BUY,AAPL,2023-01-07 17:40:00
138.25054297734627,184.90666526952361,164.28504487259417,161.21690778577565,203.0458522349656,33.26065193203052,-0.5961682066363178,0.11216336787521758,1.2178635150022223,231.34070390158882,143.41074927248414,132.56978899761384,0.8517923346294113,3.6591434909185043,4.156097615549431,25.749447520004548,-28.471225662977567,-75.11146820887718,3993522.441973459,940482.5379023589,1.0550037913871806,0.04245325331064849,0.0511408020294086,HOLD,MSFT,2023-01-07 17:45:00
158.07380823735323,130.0907713983678,145.02774861718234,105.79438249363977,209.66522300262136,33.63330700278907,-1.0337652721682407,-2.83510611069799,-1.2705595069383429,182.6771155916751,144.4290940215599,95.15382038407863,0.3942974557557363,1.9786155380686603,92.96938676126936,46.081289566311135,30.353228299911482,-30.575495919913852,1932097.2890866594,1277286.947970623,0.9946290081051311,1.7970653360823834,0.012036593762416854,BUY,QQQ,2023-01-07 17:50:00
139.70423173507768,76.29086897591687,106.3891537937939,166.23531320183963,203.93531406697662,21.087391015820664,-2.2723484730510233,-0.4612955680676857,-0.1794125499929278,156.63397447089955,112.23528969197261,164.82818681921847,0.3981283194119119,7.579452778502116,49.25897999189432,76.39459903018702,5.8652246865094915,-82.70157577071186,71697.87007572888,-1534691.4372852435,0.9495859061544417,0.23059292475386015,0.028905140825689478,SELL,QQQ,2023-01-07 17:55:00
168.64715669568153,135.6333776492659,157.32209929629676,165.17010301325703,143.2105589671793,26.754966158354797,-0.39068199291718536,-1.4735077814305908,0.275775520598789,118.01460496007314,123.71854538250439,110.5841651943749,0.5002271287809261,2.715201969120426,87.30434567543833,28.641629085278613,-15.887440642308492,-43.96855150963492,155104.15340760976,-587633.1601634311,0.9865608401994249,0.9380897030889628,0.02604446002638492,HOLD,AAPL,2023-01-07 18:00:00
138.91168991869097,175.4042119605222,165.84008012093372,121.8750985919352,95.53654754045513,98.90385401429774,-0.16833519331822272,-0.8645193926006269,2.0089465111901315,167.21746293877408,184.4326425448148,156.99059048111107,0.1823205310246791,2.601726160600098,61.21186298863378,58.58661646258139,79.81460731888555,-69.15056664023935,304241.1294198861,267474.36260626564,0.9996915690986672,0.7427438978996395,0.03844076159750887,SELL,AMZN,2023-01-07 18:05:00
161.3130118170656,164.1288970884964,129.97183618327884,187.87094475566008,78.70882695044477,71.55288086356819,-0.28720322867429837,-1.1680989738895562,2.173327671575556,131.32529712803398,156.82144219214672,178.13582338605408,0.32975955800883344,0.6154049191739734,4.973392242479932,78.5439028113111,-8.7274133078625,-60.637418458524564,1491718.2528593708,-1116423.2294512012,1.1082125575429036,0.794361443547204,0.000575804387345717,HOLD,AMZN,2023-01-07 18:10:00
149.12211558945066,160.84558743431728,174.14791300638058,177.77839048979754,130.57885515351768,57.82366211761004,0.9844569100959234,1.1518634510574204,-1.2707032796455788,175.43499806468049,166.51507506443923,191.98431999456926,0.7025363977602744,1.405828450351187,69.30491943621963,39.56140545456726,75.510257984386,-51.58978126652883,1252106.066668426,-586954.9856771858,0.9812526009291731,0.2926769097781308,0.06215787131621165,HOLD,MSFT,2023-01-07 18:15:00
183.78150752316503,139.6002009437656,103.33091483027006,183.22634679323403,143.0577910955192,59.43796536310722,1.0365171968666265,0.6700194420760077,-0.30223237181668305,183.06387555553806,131.36570455802166,142.45762741161766,0.6876218604152149,0.6853008933549758,14.596144274217151,32.37838469175159,-17.046840917110618,-32.045346090341695,995606.9002349565,-1282287.540372904,0.9834943897739583,0.8189644155319944,0.040102542785742046,HOLD,SPY,2023-01-07 18:20:00
148.45818829234543,109.6290779134064,107.6310963387589,152.28344651740466,188.01876203167876,88.28354834847433,-0.13085656325240447,0.07942878706506498,0.1994909986240912,196.41263171600392,141.98398669125714,128.5116055933714,0.7868733140586305,0.03896396893271678,78.9337366058432,61.37592856698517,-6.392270087665324,-30.253316597325234,2432629.268753297,30381.10524808202,1.0108817615857026,0.9231928896117321,0.04182709083161162,HOLD,AMZN,2023-01-07 18:25:00
96.80902595379355,163.45882964873402,148.4149348897188,106.70322985876139,175.03416378627338,75.96932651479956,0.6935418058017989,-0.5750645614411068,0.5564545027571425,178.8197327679346,153.1673525366673,190.09234575119655,0.868723496633649,2.479789568290348,9.68105987064278,10.464792430129664,-11.636006420061598,-53.858390246808774,36961.9147224544,-992514.3347849454,1.0330591126700632,0.5541798112629222,0.11227610018804103,SELL,SPY,2023-01-07 18:30:00
187.85764502141976,122.97154569896125,145.6346319493068,183.2919127107564,155.8221523697486,13.241406370498918,1.6534886062125849,1.552047513717049,0.2007979139785592,162.80202868788754,170.1426868220834,195.19279788776387,0.6638545766617515,0.5379470141777367,56.41724770429008,61.965787914826166,52.48565159167475,-60.576083691819335,175889.2253459856,2450411.5562893148,1.0994219932658638,1.0030831692454072,0.020403953738723005,HOLD,AAPL,2023-01-07 18:35:00
122.82803097412143,213.52290200141368,127.08566278939738,143.3481152276547,122.30465687176574,30.102036518270143,-1.5975727303417928,1.3509728962701446,-0.9481139684501937,206.35994363675638,136.18407397199366,170.4791514627718,0.6211686645088957,1.012751180878293,70.49554125266472,66.4943769600666,-43.23095469775033,-48.99031818813358,210494.63447199465,1711557.5472571582,0.9878711618451926,0.2126659158040099,0.0017040476463434004,HOLD,MSFT,2023-01-07 18:40:00
130.3870098405354,165.11521625063548,165.23986089929716,107.52703541783458,120.1766132526533,62.07708140470043,1.8664410311605655,-0.16671198779272725,-0.9923101616359873,210.41637087904468,151.92668359273486,129.24290690737328,0.11359199696914822,0.6699353421824163,41.98323799525146,23.88472914265111,23.07337386101492,-52.92498423525491,61500.666297736476,-1103972.905265727,0.9901041053943415,0.7186604122007656,0.03460912023344698,HOLD,MSFT,2023-01-07 18:45:00
132.13016117869523,130.58055092338148,158.27235785539872,195.26525971117843,156.62383061214305,53.3618579990076,-1.2227312947286602,2.03212011847776,-1.541251424037345,123.15524895540061,157.76742084972005,110.49056973610514,0.1581090571050288,0.445376950913,6.21444304002363,52.82410350597074,19.770187502718365,-64.82152292394228,963087.9484820578,-1780713.9531906366,0.9408442310024069,1.261607476022591,0.002897627518312674,SELL,AAPL,2023-01-07 18:50:00
191.2331427951245,129.65844257834115,166.4534767733504,219.1810406560803,169.9115293651918,54.133192595556714,2.8781607222520256,-0.2843147214375118,-2.0205945325398584,221.67272326718896,163.3727395908311,183.48702598103316,0.6796748740385309,0.1389559590880099,70.57480516498337,62.919946856289364,20.060575356198434,-39.95599397264205,235341.9868387985,-1479197.8613703356,0.9366972037032978,0.45885943254997447,0.026780106519141533,BUY,AAPL,2023-01-07 18:55:00
85.92977358063912,145.21167380159235,141.9215891161933,150.6800598726655,160.75643786736754,18.225586231790423,0.332487589958583,0.3070537863568777,-1.5640519933805743,203.01661556409113,134.95922399453528,148.1510536439942,0.7358441244179986,0.8246468718437607,27.608565294986448,43.10791266287115,102.45170576314251,-25.72429688076381,659009.4681395811,-488375.19166302064,1.0015346221753751,0.5295775890142642,0.01103380237338183,SELL,SPY,2023-01-07 19:00:00
244.13245600979985,140.8149423393475,160.06450669945852,221.09187694730534,117.96206121180036,43.78550206340211,0.1282035440969306,-0.8613279303103363,1.1615219575192044,130.14100987829875,172.0430884898716,187.19347787587418,0.4241903788221195,0.17056013173974924,42.770613469206594,60.81023780605563,-10.624835560073555,-53.529771253381064,1156560.810787758,166708.45965212915,0.9559283510091371,0.17937068865786285,0.00013270474710125012,HOLD,AMZN,2023-01-07 19:05:00
181.68170427198154,181.50501326589864,133.85874242425012,154.9220713155632,168.52002886376258,65.79178420330757,-3.5794025451052884,-0.5898153491737841,0.7102785391760771,94.23030389838664,104.4385482674078,130.0434636152953,0.5053561707931267,1.554445627526796,71.58931707072227,17.259804584112686,136.60179499651596,-53.051302258587995,904892.9030956954,-1340955.998328586,0.9226189222141036,0.9582829795588131,0.011446177033947222,HOLD,AMZN,2023-01-07 19:10:00
156.6971674238748,153.5924850923214,196.34546725216492,139.82541106667676,161.77732901304233,31.71686251125245,1.3157782687237183,-0.9405247870745161,0.5532781601254368,202.15653434668062,111.76279642894058,183.2610416486444,0.7124621062739426,0.03963842654085385,33.119992763185195,60.96936545897454,56.07153554692149,-33.73295156960695,342678.55440054514,-297236.7854037181,0.9630607510098991,0.1318404864609612,0.031857928149563446,HOLD,QQQ,2023-01-07 19:15:00
148.3531799815114,126.05104783274416,124.68635574695035,131.82532946606472,116.88000781429466,16.296466144009543,0.19011415598104292,1.0313877849738022,-0.22271508035637755,167.2185973169603,152.0165125853775,192.22489893622142,0.13965062785403012,5.627484198084151,91.51633823958633,53.50546605819034,-72.34112804007171,-77.67238691593053,534736.8378859534,-243146.57069463137,0.9386366955243612,0.694764887612548,0.0018291281660227819,HOLD,SPY,2023-01-07 19:20:00
158.56662224572972,204.71322055467348,197.6324357364578,204.38663705576775,125.47037089099233,71.98939304586098,0.34829551601157843,0.5643292456833787,-0.04150659407009333,144.06295876643014,151.35725133275258,142.7391040109281,0.21289770562073504,6.790928860116915,56.840677458083,96.37795229619294,-56.96472340891502,-16.13361215782713,415248.18281078374,-1223407.382296071,0.9968223930221288,0.2362554036728245,4.428815066708017e-05,SELL,MSFT,2023-01-07 19:25:00
165.63367285138017,149.47924994560668,145.87219867723522,127.0353957955913,169.654879236847,15.670195732566114,-0.18615801870305734,-1.5791080720068704,-0.2686974230328262,170.98742563202686,134.12631672003388,159.25803166526603,0.4471006151418754,0.7266909948056733,75.4503616924406,28.11095858134608,51.36519569559535,-31.77335008502525,1913676.2601911067,1379335.339513646,0.9368250533688999,0.215830918970366,0.012057434549195214,HOLD,SPY,2023-01-07 19:30:00
169.3564675785017,171.0651902790669,110.61222776078144,175.5286179191996,141.96477394562328,68.13925739729726,1.250391320019551,0.8496735756365277,-1.586935264145139,201.51973949311625,128.94290260095855,115.16422788197538,0.3578707351065345,0.6027363109974699,71.8304972035363,38.3604891403804,-37.219361550633316,-38.064713854998914,544610.427485169,310915.273159822,0.9808421278089028,0.10073740134280988,2.9958729941544763e-05,BUY,SPY,2023-01-07 19:35:00
166.66813398010345,129.7532047766572,179.20198376221504,134.10675727810533,196.67441904909373,52.28842424462486,1.650943083990271,2.6894265843231295,0.6476867185108032,88.89479364911085,129.27622350777543,115.91985295451201,0.37732669032759014,0.2205344002097944,22.88474956585778,47.18636376150896,12.310051384079559,-20.453519051171764,63652.28871196874,451186.03767538193,1.023676377726089,0.4422295289176021,0.05458727133461168,HOLD,AAPL,2023-01-07 19:40:00
152.68742043765747,158.8934688323357,148.14753470987398,137.2701835976204,164.0338782819373,48.26886054477671,0.9680469541699749,-0.9901140501650872,0.8526789563321066,164.4164105038759,117.5237831539692,159.51881604270872,0.44371726965736713,4.70605069382017,19.664059093623145,73.31192949537552,-34.65214758450838,-46.1391184498437,965897.5367266182,2422718.7295205314,0.9890827482049519,2.0204983494827706,0.03484363123115627,HOLD,AAPL,2023-01-07 19:45:00
144.07984739078023,157.33329973429585,166.27810245950596,184.96799020702613,134.40106435432193,70.88081761794226,2.634135826153943,-1.0758878438700774,-1.1503304334716815,162.00913919567589,138.87649809742211,133.79526998313375,0.6959142789968662,1.7679565231891274,17.713498633253746,6.221956430438761,-23.130470428198976,-38.24637248195933,220249.87701061508,-1097894.9163143348,0.9956062471252066,0.92864930049385,0.01989138633902333,SELL,AAPL,2023-01-07 19:50:00
145.46180149039466,91.31052123711541,175.59639796356484,139.83882091874068,148.69383198827202,42.30300358702158,-1.4385960635999793,0.012100322789378918,-1.1512475875975778,212.37596207803992,101.09880077875921,157.2212507612582,0.27619140297231726,1.8838578131002681,38.88625172896233,46.83665578312102,-12.745009832428691,-62.5170610577946,413443.22223527974,919853.9084999327,0.9409855623211145,1.5100874666597688,0.0003493940040392622,HOLD,AAPL,2023-01-07 19:55:00
144.15275158941958,208.4582533138192,153.44888885362562,139.0465478585506,150.90150177913154,74.50766912344746,-1.1856989504151683,2.0673521400045467,0.35176720169185216,188.99864719932305,168.30032558554387,154.91537423924441,0.27143787931781366,4.523970328215439,65.96093398947458,28.418357679438227,49.283187766767405,-17.774125021219863,397049.0882088276,1669017.0849753188,1.0309646618614787,0.12168274914392105,0.01687114532801546,HOLD,AAPL,2023-01-07 20:00:00
184.01310290601194,186.71933382767642,130.19397887967963,188.24975030959382,127.1482906027487,40.34322551320117,0.81340736789658,-0.6574684146592097,0.34294876410888947,188.67298516961398,149.54687942953822,169.5748384868611,0.7624967448237333,4.833452398839276,24.009233100709743,71.11767623335494,-11.271843836266997,-50.814649884102515,75180.72917768544,1515430.332827054,1.011916229154911,0.3758785645628439,0.022239211592359302,BUY,SPY,2023-01-07 20:05:00
167.80670166842586,136.08414051562036,169.39283444173125,203.11671338309193,121.6223540546712,56.253854830525455,1.3235569591585783,2.762776398922955,0.7326759053714847,144.46500711760677,172.34419808503125,165.8909995786522,0.18950498040393765,3.524498459172213,53.08401983692876,31.88213846511296,71.34765578138372,-70.61216707862869,3014845.511555114,646623.668278872,0.9938072191155852,0.49202692497741696,0.01770776729292645,SELL,AAPL,2023-01-07 20:10:00
61.788340960071594,114.93190778632433,145.01888768636488,172.63007370509547,170.041696814285,34.84473051442013,1.033391068252571,-1.5855879574936869,1.4135730344249247,183.43524506767795,144.0260960190916,177.61652757618725,0.6618212582693468,2.9695047178949436,23.46944253051065,33.1523739258767,-48.757036042248316,-79.10991486488523,792006.215763798,-1760030.7258780824,1.0103648088341903,1.9661778625463677,0.05870825518382132,HOLD,AMZN,2023-01-07 20:15:00
169.67702329589284,158.42684841410656,162.14644546521046,131.04736718003363,174.35819891126286,56.506158504540274,-2.575058348118418,0.28207284951513106,-1.057910613619455,143.01995071001502,139.07064412537912,156.81048005996993,0.7603383714007651,4.195068012212732,72.70487358877895,22.19432224499767,39.723158390686486,-56.196255123991854,169898.8954838923,336575.9151501631,0.9918063348391932,1.0918302018332766,0.0355978669611137,HOLD,AMZN,2023-01-07 20:20:00
155.84208584156323,150.6009309824319,91.15673565521347,135.66052802247745,167.11344408658877,71.62227503764467,-2.405024081941761,-2.5518901042992894,-0.08199462063832302,156.19408729416222,143.13611298190645,159.21892653815883,0.7883985964136064,4.174473397201138,57.89185993856844,41.29298370703163,10.68956329182592,-63.484472306625804,811380.874524785,-572438.9943543767,1.0215351847284997,0.6742831672672546,0.009085519678770642,BUY,QQQ,2023-01-07 20:25:00
149.43873730662307,158.67006845689687,156.1745429252463,154.5572884396812,194.45954282971405,57.54486826682451,-0.36957341749611955,-1.4042204256945225,-1.0005194003483568,180.0860635349206,122.51172029363786,149.93776582770462,0.5365434688559718,0.919773495882241,53.774012668837216,20.785067285259533,-61.74901564312183,-20.48902736643319,600705.5077990551,223240.4940047347,1.0356498204314681,0.3573639123538559,0.023735671340546244,BUY,AMZN,2023-01-07 20:30:00
138.34444640733344,153.74732188582269,129.03535437137424,162.26976198162103,132.74680291965194,20.24518481188061,-3.5785438970976773,-0.32010139184771635,-0.928491260682534,162.98838086522466,108.91372995188804,181.4920306856773,0.6799690647052937,7.25302808335907,42.21871265563198,22.393800808814223,-29.492815722478316,-44.11764185639712,422919.58506509144,1029512.351911616,0.9808356354545279,1.426906453264855,0.012366221255019518,HOLD,QQQ,2023-01-07 20:35:00
183.7233815995804,163.1872296791778,186.33274092946326,120.3882908755273,199.2281229821339,69.8423900107157,0.5217941721142407,0.4052911819189713,-0.42979643799860356,171.06830378574207,115.38730778185757,205.2121129506825,0.23700117501329998,2.469772911624062,50.83325903311201,34.61120430820902,-5.887658460025511,-15.381772382089048,639552.1676634214,341945.9522518569,0.9771319108545286,2.1921502916599067,0.052718679037743396,BUY,AMZN,2023-01-07 20:40:00
178.42579386368573,191.4191709817542,160.57718369722738,175.13721406655566,121.97236644337542,78.1892350737048,-0.1496715313465961,1.8610979659105138,1.4403559451573686,205.9565535446684,129.34243704551866,172.48994458206366,0.4181041411576538,0.9247358996120724,12.534484361856228,68.64264635145246,61.97889257792081,-47.35496925104588,1107509.7349183932,-1134073.276322182,0.9716818140903017,0.7696233774809967,0.0192533096960273,SELL,MSFT,2023-01-07 20:45:00
126.81366996529172,165.04309615385938,150.99644364623242,154.73642654846716,118.61943309894522,67.24120868411568,-1.8289239829424442,-1.0489939655529612,1.1048182329599532,147.22618713706478,117.91628488355134,164.92386928699366,0.43163603388070554,1.1669701223512443,43.39308797070125,65.8722231255986,-6.29572468870439,-71.21268516554962,222546.5159521522,-1389644.538389869,0.9647219797442449,0.04439768801176246,0.01744882189699158,SELL,QQQ,2023-01-07 20:50:00
162.21156861373606,116.51033503270176,157.15774983375553,97.09733380357986,96.20123353552249,31.62888355386254,-1.1034852915030726,0.630965866867034,-0.07482344641216339,123.6840106554736,173.71795508275352,143.479510904013,0.364179163210253,2.323941785364919,36.30966041978768,51.789478498207906,103.39314559442954,-37.117847900651554,771932.379146273,-785918.4461716813,0.9555600437941497,0.3172504511382823,0.013890852638543495,HOLD,SPY,2023-01-07 20:55:00
120.85029796376142,188.87688558137356,120.03897867808205,122.27435256125662,135.6261405851955,41.63378008069788,0.21945457660861878,-2.008660623635126,-2.156101758148346,128.26332779790062,122.36575987637185,157.28910301256502,0.3776765039584564,0.8960112494924264,1.156843706888845,86.87021981398799,-15.928748462197795,-83.22776317376088,1676593.2988612987,-99791.63735111796,0.9974940173617561,1.3696607285859836,0.009487912233566905,BUY,AAPL,2023-01-07 21:00:00
108.61145505633209,197.21843690464863,185.58141726320136,135.86788244314675,133.88832989511639,70.49848758231644,-2.9870475301678585,1.514780241118564,0.39277819273203196,120.64332355163012,149.84062772964486,138.150211392516,0.5967920505321176,3.5038207381027098,20.824736865594232,53.03914783949406,4.920500957479377,-51.22053198238334,251660.74375275598,1369135.2977937358,0.984161033615205,0.49037322842902925,0.0032047529107799835,HOLD,QQQ,2023-01-07 21:05:00
131.19848326230104,242.56170203536254,194.78426046042262,149.66855395708623,164.7781184076395,40.18397873839202,-1.2068000656781606,1.9655734524291597,0.36967215465874187,216.26013928308544,154.60902079051473,131.52365276904442,0.06868341063343927,0.32048685540183874,72.07698084477626,21.684961543026393,66.11555202040358,-49.31005811136603,724702.2795848049,265345.5150809443,0.9977617246519783,0.9832787735755372,0.006402219742183752,SELL,AMZN,2023-01-07 21:10:00
175.87180417148275,114.29517900281206,154.82283776370542,212.45692145612787,156.31672824861352,55.99345982062873,-0.5267793756242765,1.5562872635931857,-0.9335936059468981,182.89842641741228,170.93596381411703,144.11403339581963,0.5677983853331243,4.763133199951394,66.84806201245765,91.78807142053434,-62.966753239868765,-51.23809532006432,3373586.4408020154,-123510.6241571262,1.020534910580152,0.7434341435363085,0.008084345586277583,HOLD,SPY,2023-01-07 21:15:00
178.5937513612826,155.28646039450825,184.76008921434098,159.62148179646812,113.2107988694259,16.709574488832075,-0.5996023952986403,1.554096645599274,0.830696394508142,197.46867507452603,157.04154605644197,203.68863935586577,0.16425256017219708,0.7167742802110387,53.785862335221864,50.437747120257995,60.081571808457866,-37.82796918552099,1611970.9437239293,-204702.6842006346,1.0147763179307534,2.3828956653692392,0.003345136065861289,HOLD,AMZN,2023-01-07 21:20:00
165.3925626029188,85.53703890433037,130.77129503318665,125.095299523244,137.2182128472255,45.73659907100353,-0.5421220162052408,-0.13707533599484906,-0.9528239661171313,191.1949062412721,135.6634427691412,147.45743848622084,0.7444473549745592,0.33143109080622024,94.25660558716385,79.19607905119442,-32.51201075795454,-43.88820130167108,898984.6583539075,-191541.07975325556,1.064819318939034,0.36672773434180367,0.033502289342985096,HOLD,SPY,2023-01-07 21:25:00
171.7528736054399,164.59447469137626,125.07216084437547,159.06018573782922,137.85613936736942,77.83004909287764,2.7181083124957954,0.4150681870416876,0.8277389887818016,153.0558954765411,182.64927445694454,198.7023315743728,0.29832387023115187,3.904198464202263,12.975052568032922,59.814276253770615,-11.666896591494433,-21.96363930193256,1382754.7807353695,845174.9555392752,1.002120320402464,0.5906960419040255,4.4415852267692117e-05,HOLD,AMZN,2023-01-07 21:30:00
165.48534861344876,131.55399105499683,146.02311871822306,140.7331920814758,95.72053259114323,16.845137927849002,1.8971085993084829,-0.1454699998417056,0.24106540123508285,217.04607540075426,108.89971039566277,120.83617113018136,0.25510421561256214,0.5474616608620622,48.1152528241264,64.79858863466696,12.526471563979879,-62.82724641268411,745770.1294966445,-1052571.358202689,0.9879706617586622,0.06697322801859333,0.04948445007372855,SELL,AAPL,2023-01-07 21:35:00
130.75555214331143,205.7033738447486,155.87352595919748,162.39226366507333,119.57159818959892,20.867159296493117,-1.2862715840567414,-0.06826301005539064,-1.4598149207340625,135.81844066259578,116.49808595160069,154.16892595589312,0.4692910775578987,3.708066560551964,49.32860623829088,34.41281879582483,-40.37248937847561,-45.72449803076174,4310151.840479489,1140358.305636888,1.0038741706613956,1.6345621187863084,0.002745804324754005,HOLD,MSFT,2023-01-07 21:40:00
162.95767634021823,124.76155089944254,135.150332968922,170.5781659851397,125.87559108157731,34.730655168486486,-2.074389395533697,-1.1154946475243948,-0.36147653153871095,230.43300065221436,145.4980278723978,171.62098776701674,0.388106935952647,0.7027051328996674,51.25417232815376,85.73028967770972,133.07456735244295,-54.182845214108966,185341.9669471434,743863.309790506,1.0323276335188736,0.394261101916647,0.0010462753453619402,HOLD,AMZN,2023-01-07 21:45:00
174.01228575683047,97.32450886098215,158.44420475921208,190.69538071116602,192.0087505946284,14.465612197617473,-0.8267005935209063,0.42250285476416005,0.14465139154044984,164.32992880656042,142.14694635424635,173.16485344956703,0.2375046758582343,5.432092800950132,28.174007601344364,72.08563223810798,11.14236072926689,-24.7166518047245,1271464.8303684972,-267201.1217613226,1.101798571200153,1.2798966095905855,0.10672953649931102,HOLD,AMZN,2023-01-07 21:50:00
172.62873989440723,133.8620877789244,152.65973705183535,151.22283213855917,154.74352147872057,25.22438344216098,2.454320352513517,0.6267005061594331,0.30015797644704756,222.60413831874232,160.42815348903528,117.51010476584032,0.7288911022722167,0.4945590896822971,62.662667487109594,13.873860935185911,6.890313058742967,-67.2237643667776,5972.04345300064,2732711.9648208637,1.0167044977975368,0.0030361849385833724,0.16995428665481943,BUY,QQQ,2023-01-07 21:55:00
185.66740114423928,88.73536686348588,120.04233061772362,204.44673688319466,168.865062618425,53.19443625900687,-4.254619082349292,1.4779465030466008,1.0331771413689799,123.2813621949102,144.01379845780693,113.52681357729071,0.48117255565693634,0.14438881990419933,48.020471232202404,46.70586875584305,-29.47885005850482,-62.485313806437524,134326.04241103632,1026949.894406766,1.009161029795983,2.020669173272624,0.004257864611952786,HOLD,AAPL,2023-01-07 22:00:00
171.2491154160319,170.5329836352193,157.96982543629304,181.05672520115812,104.04093508552364,20.056279854416974,0.16717348525861359,0.5881768733312805,1.1577739301811867,144.89963573557552,149.22586772578717,168.58274290805696,0.2024564284217299,5.514412509687388,49.43984519198405,76.44863944698048,-67.09151800804678,-70.3805263004414,1279458.8315928956,-186715.4060997108,1.0524692008676222,3.574123761861148,0.0028727153691967054,HOLD,SPY,2023-01-07 22:05:00
160.54344622624748,86.04750861231038,166.58820606303803,129.36193456600998,184.82643449041976,38.69659639439346,-0.6161073461413732,1.3216189893794863,-0.23862479721825064,103.89878821576147,164.90415885996612,133.4020745810392,0.12744909288541814,0.3621464539486527,71.03096322605114,32.92501920409229,56.80538175966553,-65.06378761003474,1424401.2836539007,766746.8239599615,0.9765913941461281,0.6348042272401402,0.004407314009194859,SELL,QQQ,2023-01-07 22:10:00
182.10450714949283,148.85372743549476,149.2867329397598,222.71538130395083,188.0330618907228,64.94102367001169,2.396738020813722,-1.1164120648111022,0.5593218748236782,196.47867415669398,143.51933998954166,169.03356471470983,0.1372085398179532,5.769546420107282,61.99274608567127,54.13231158554329,-13.545724354960562,-14.073423606009209,40194.8483278949,-306476.0130187602,0.9952687354821708,0.6589473799608593,0.01432108987740537,HOLD,AAPL,2023-01-07 22:15:00
149.2043622225282,85.66564540431409,173.8162025815423,162.46382442464312,89.04965098566122,20.607260828500433,1.9622956523206005,2.1351568851663507,1.607935933597025,168.86266816936046,156.98984967579554,193.073910905754,0.28097438650808215,3.4742851994294086,65.23714121861204,62.90839701828956,16.54160996831887,-35.53638849138624,406252.8885627422,-746910.6722452294,1.0152773025509705,0.958065228395569,0.007748101132550109,HOLD,AAPL,2023-01-07 22:20:00
123.54376046316845,138.39106586390074,114.5649051625762,125.27601587288846,127.84049828252455,63.55062137992038,-2.9362762532325206,-0.36187967807311355,-1.0186642966089088,230.58143482113422,121.1089774230789,130.31706668305245,0.3496828276962592,0.1709532336915706,56.92899053590169,23.59757019354974,-48.81154813298749,-26.318029507868573,125779.3651517699,-489236.24586730514,0.9600469591522549,3.6933499512570225,0.008200500798306793,BUY,QQQ,2023-01-07 22:25:00
145.1079910816871,197.30134467413603,156.6987605532963,204.8932176393735,163.87296719046532,75.83816308986164,2.3933050698789557,-3.073131042670667,-0.6079602062009536,143.0605812847855,122.75828245682642,134.33399562181845,0.668859950310851,1.1780615932207976,42.78579937856555,42.97840047093847,40.69515662700008,-71.2230366313578,2208585.0913596996,-6721.616284243462,0.9321593683298813,0.8177574205019822,0.03316941016684626,HOLD,SPY,2023-01-07 22:30:00
127.65292065580653,158.81943674307385,115.74298234008063,218.48888272635023,168.33165360614547,46.18488350782264,-4.667527814508294,-0.5842351556259562,-1.6551349653786696,206.79791121448778,162.02586884096965,89.21455937193744,0.4447155665598102,0.15246587410834858,42.587425976193124,73.1485313515911,-15.734746407979541,-83.6971098425434,604921.2541870691,-1689867.075833121,1.0309184518168988,0.07672497230377308,0.044180903776087195,HOLD,MSFT,2023-01-07 22:35:00
